{"ajId":"b3369f73-0747-4e85-a476-40cc6cd22f21","ajName":"徐某某走私、贩卖、运输、制造毒品一案","ajjbqk":" 上海市嘉定区人民检察院指控，2017年10月17日下午，被告人徐某某经管某联系求购毒品后，通过袁某（另处）取得了一包白色晶体。后于同日20时40分许，搭乘刘某某等人驾驶的车辆赶至约定的嘉定区马陆镇育英街XXX号马陆公园门口，将重0.73克的一包白色晶体交易给管某，并收取毒资人民币700元，后被守候民警当场抓获，毒品、毒资均被缴获。经毒品检验，缴获的白色晶体中检出甲基苯丙胺成分。被告人徐某某到案后如实供述了主要犯罪事实。 上述事实，被告人徐某某在开庭审理过程中亦无异议，且有证人管某、袁某、刘某某、纪某的证言，相关辨认笔录及照片，公安机关搜查笔录、扣押决定书、扣押清单、称重笔录、工作情况及有关照片，上海市毒品检验中心检验报告，上海市公安局缉毒处收缴毒品专用单据，毒品检测报告单，微信聊天记录及微信转账记录照片，被告人徐某某的户籍资料及有关供述等证据证实，足以认定。 公诉机关鉴于被告人徐某某到案后能如实供述自己的罪行，建议对其判处拘役六个月，罚金人民币一千元。 被告人徐某某对指控的犯罪事实、罪名及量刑建议没有异议且认罪认罚签字具结，在开庭审理过程中对起诉书指控的证据没有异议。 ","cpfxgc":"本院认为，公诉机关指控被告人徐某某犯贩卖毒品罪的事实清楚，证据确实、充分，指控罪名成立，量刑建议适当，应予支持。据此，依照《中华人民共和国刑法》第三百四十七条第一款、第四款、第六十七条第三款、第五十三条、第六十四条之规定，判决如下：","pjjg":" 一、被告人徐某某犯贩卖毒品罪，判处拘役六个月，罚金人民币一千元； （刑期从判决执行之日起计算。判决执行以前先行羁押的，羁押一日折抵刑期一日，即自2017年10月23日起至2018年4月21日止。） （罚金应于本判决生效之日起十日内缴纳。） 二、毒品及犯罪工具予以没收；毒资予以追缴。 如不服本判决，可在接到判决书的第二日起十日内，通过本院或者直接向上海市第二中级人民法院提出上诉。书面上诉的，应当提交上诉状正本一份，副本两份。","qw":"上海市嘉定区人民法院 刑事判决书 （2018）沪0114刑初48号 公诉机关上海市嘉定区人民检察院。 被告人徐某某，男，1987年10月16日出生，汉族，户籍所在地江苏省淮安市。 上海市嘉定区人民检察院以沪嘉检诉刑诉［2018］79号起诉书指控被告人徐某某犯贩卖毒品罪，于2018年1月5日向本院提起公诉。本院受理后，依法适用简易程序，实行独任审判，公开开庭审理了本案。上海市嘉定区人民检察院指派检察员苏某某出庭支持公诉，被告人徐某某到庭参加诉讼。现已审理终结。 上海市嘉定区人民检察院指控，2017年10月17日下午，被告人徐某某经管某联系求购毒品后，通过袁某（另处）取得了一包白色晶体。后于同日20时40分许，搭乘刘某某等人驾驶的车辆赶至约定的嘉定区马陆镇育英街XXX号马陆公园门口，将重0.73克的一包白色晶体交易给管某，并收取毒资人民币700元，后被守候民警当场抓获，毒品、毒资均被缴获。经毒品检验，缴获的白色晶体中检出甲基苯丙胺成分。被告人徐某某到案后如实供述了主要犯罪事实。 上述事实，被告人徐某某在开庭审理过程中亦无异议，且有证人管某、袁某、刘某某、纪某的证言，相关辨认笔录及照片，公安机关搜查笔录、扣押决定书、扣押清单、称重笔录、工作情况及有关照片，上海市毒品检验中心检验报告，上海市公安局缉毒处收缴毒品专用单据，毒品检测报告单，微信聊天记录及微信转账记录照片，被告人徐某某的户籍资料及有关供述等证据证实，足以认定。 公诉机关鉴于被告人徐某某到案后能如实供述自己的罪行，建议对其判处拘役六个月，罚金人民币一千元。 被告人徐某某对指控的犯罪事实、罪名及量刑建议没有异议且认罪认罚签字具结，在开庭审理过程中对起诉书指控的证据没有异议。 本院认为，公诉机关指控被告人徐某某犯贩卖毒品罪的事实清楚，证据确实、充分，指控罪名成立，量刑建议适当，应予支持。据此，依照《中华人民共和国刑法》第三百四十七条第一款、第四款、第六十七条第三款、第五十三条、第六十四条之规定，判决如下： 一、被告人徐某某犯贩卖毒品罪，判处拘役六个月，罚金人民币一千元； （刑期从判决执行之日起计算。判决执行以前先行羁押的，羁押一日折抵刑期一日，即自2017年10月23日起至2018年4月21日止。） （罚金应于本判决生效之日起十日内缴纳。） 二、毒品及犯罪工具予以没收；毒资予以追缴。 如不服本判决，可在接到判决书的第二日起十日内，通过本院或者直接向上海市第二中级人民法院提出上诉。书面上诉的，应当提交上诉状正本一份，副本两份。 审判员项永明 二〇一八年一月十八日 书记员初德元 附：相关法律条文 《中华人民共和国刑法》 第三百四十七条走私、贩卖、运输、制造毒品，无论数量多少，都应当追究刑事责任，予以刑事处罚。 …… 走私、贩卖、运输、制造鸦片不满二百克、海洛因或者甲基苯丙胺不满十克或者其他少量毒品的，处三年以下有期徒刑、拘役或者管制，并处罚金；情节严重的，处三年以上七年以下有期徒刑，并处罚金。 …… 第六十七条…… 犯罪嫌疑人虽不具有前两款规定的自首情节，但是如实供述自己罪行的，可以从轻处罚；因其如实供述自己罪行，避免特别严重后果发生的，可以减轻处罚。 第五十三条罚金在判决指定的期限内一次或者分期缴纳。期满不缴纳的，强制缴纳。对于不能全部缴纳罚金的，人民法院在任何时候发现被执行人有可以执行的财产，应当随时追缴。 由于遭遇不能抗拒的灾祸等原因缴纳确实有困难的，经人民法院裁定，可以延期缴纳、酌情减少或者免除。 第六十四条犯罪分子违法所得的一切财物，应当予以追缴或者责令退赔；对被害人的合法财产，应当及时返还；违禁品和供犯罪所用的本人财物，应当予以没收。没收的财物和罚金，一律上缴国库，不得挪用和自行处理。","writId":"02163dcc5eb2a842d643a5cbb7ca0054efb","writName":"徐某某走私、贩卖、运输、制造毒品一审刑事判决书"}
