{"ajId":"694cb01a-9fd0-4b20-991d-614fa2ec56a1","ajName":"袁怀雄走私、贩卖、运输、制造毒品一案","ajjbqk":" 浙江省慈溪市人民检察院指控： 2017年5月1日晚，被告人袁怀雄在慈溪市周巷镇蔡家社区大通东路附近，以人民币200元的价格，将一小包甲基苯丙胺（俗称冰毒）贩卖给张某。 同月2日15时许，被告人袁怀雄在慈溪市周巷镇某牙科医院，以人民币300元的价格，将一小包疑似甲基苯丙胺贩卖给张某，被民警抓获，并当场查获上述毒品。经理化检验鉴定，上述疑似甲基苯丙胺一包，净重0.6321克，从中检出甲基苯丙胺成份。 被告人袁怀雄到案后，如实供述了上述犯罪事实。 上述事实，被告人袁怀雄在开庭审理过程中亦无异议，并有证人张某、徐某、施某、朱某的证言、辨认笔录、搜查笔录、称重笔录、扣押决定书、扣押清单及照片、理化检验鉴定报告、通话清单、情况说明、行政处罚决定书、抓获经过及被告人袁怀雄的身份证明等证据证实，足以认定。 鉴于以上犯罪事实及情节，公诉机关建议对被告人袁怀雄的量刑幅度为有期徒刑一年六个月至二年二个月，并处罚金。 ","cpfxgc":"本院认为，被告人袁怀雄违反国家毒品管理法规，贩卖毒品甲基苯丙胺，其行为已构成贩卖毒品罪。公诉机关指控的罪名成立。被告人袁怀雄到案后能如实供述自己的罪行，依法可以从轻处罚。公诉机关的量刑建议适当。被告人袁怀雄的违法所得应予以追缴；被扣押的违禁品及犯罪工具应予以没收。据此，依照《中华人民共和国刑法》第三百四十七条第一款、第四款、第七款、第六十七条第三款、第六十四条之规定，判决如下：","pjjg":" 一、被告人袁怀雄犯贩卖毒品罪，判处有期徒刑一年六个月，并处罚金人民币二千元。 （刑期从判决执行之日起计算。判决执行以前先行羁押的，羁押一日折抵刑期一日，即自2017年5月2日起至2018年11月1日止。并处的罚金限本判决生效之日起一个月内缴纳本院。） 二、被告人袁怀雄违法所得的人民币二百元，继续予以追缴，上缴国库；被扣押的甲基苯丙胺0.6321克、移动电话机二部（均扣押于慈溪市公安局），予以没收。 如不服本判决，可在接到判决书的第二日起十日内，通过本院或者直接向浙江省宁波市中级人民法院提出上诉。书面上诉的，应交上诉状正本一份，副本二份。","qw":"袁怀雄走私、贩卖、运输、制造毒品一审刑事判决书 浙江省慈溪市人民法院 刑事判决书 （2017）浙0282刑初1333号 公诉机关浙江省慈溪市人民检察院。 被告人袁怀雄，男，1987年11月22日出生于云南省永善县，汉族，小学文化，农民，家住永善县。因涉嫌犯贩卖毒品罪于2017年5月2日被抓获，同月3日被慈溪市公安局刑事拘留，同年6月7日被依法逮捕。现羁押于慈溪市看守所。 浙江省慈溪市人民检察院以慈检刑诉（2017）1298号起诉书指控被告人袁怀雄犯贩卖毒品罪，于2017年9月1日向本院提起公诉。本院于同日立案，并依法适用简易程序，实行独任审判，公开开庭审理了本案。浙江省慈溪市人民检察院检察员吕某、被告人袁怀雄到庭参加诉讼。现已审理终结。 浙江省慈溪市人民检察院指控： 2017年5月1日晚，被告人袁怀雄在慈溪市周巷镇蔡家社区大通东路附近，以人民币200元的价格，将一小包甲基苯丙胺（俗称冰毒）贩卖给张某。 同月2日15时许，被告人袁怀雄在慈溪市周巷镇某牙科医院，以人民币300元的价格，将一小包疑似甲基苯丙胺贩卖给张某，被民警抓获，并当场查获上述毒品。经理化检验鉴定，上述疑似甲基苯丙胺一包，净重0.6321克，从中检出甲基苯丙胺成份。 被告人袁怀雄到案后，如实供述了上述犯罪事实。 上述事实，被告人袁怀雄在开庭审理过程中亦无异议，并有证人张某、徐某、施某、朱某的证言、辨认笔录、搜查笔录、称重笔录、扣押决定书、扣押清单及照片、理化检验鉴定报告、通话清单、情况说明、行政处罚决定书、抓获经过及被告人袁怀雄的身份证明等证据证实，足以认定。 鉴于以上犯罪事实及情节，公诉机关建议对被告人袁怀雄的量刑幅度为有期徒刑一年六个月至二年二个月，并处罚金。 本院认为，被告人袁怀雄违反国家毒品管理法规，贩卖毒品甲基苯丙胺，其行为已构成贩卖毒品罪。公诉机关指控的罪名成立。被告人袁怀雄到案后能如实供述自己的罪行，依法可以从轻处罚。公诉机关的量刑建议适当。被告人袁怀雄的违法所得应予以追缴；被扣押的违禁品及犯罪工具应予以没收。据此，依照《中华人民共和国刑法》第三百四十七条第一款、第四款、第七款、第六十七条第三款、第六十四条之规定，判决如下： 一、被告人袁怀雄犯贩卖毒品罪，判处有期徒刑一年六个月，并处罚金人民币二千元。 （刑期从判决执行之日起计算。判决执行以前先行羁押的，羁押一日折抵刑期一日，即自2017年5月2日起至2018年11月1日止。并处的罚金限本判决生效之日起一个月内缴纳本院。） 二、被告人袁怀雄违法所得的人民币二百元，继续予以追缴，上缴国库；被扣押的甲基苯丙胺0.6321克、移动电话机二部（均扣押于慈溪市公安局），予以没收。 如不服本判决，可在接到判决书的第二日起十日内，通过本院或者直接向浙江省宁波市中级人民法院提出上诉。书面上诉的，应交上诉状正本一份，副本二份。 审判员倪东海 二〇一七年九月六日 书记员邹荷君（代） 附： 《中华人民共和国刑法》相关条文 第六十四条犯罪分子违法所得的一切财物，应当予以追缴或者责令退赔；对被害人的合法财产，应当及时返还；违禁品和供犯罪所用的本人财物，应当予以没收。没收的财物和罚金，一律上缴国库，不得挪用和自行处理。 第六十七条犯罪以后自动投案，如实供述自己的罪行的，是自首。对于自首的犯罪分子，可以从轻或者减轻处罚。其中，犯罪较轻的，可以免除处罚。 被采取强制措施的犯罪嫌疑人、被告人和正在服刑的罪犯，如实供述司法机关还未掌握的本人其他罪行的，以自首论。 犯罪嫌疑人虽不具有前两款规定的自首情节，但是如实供述自己罪行的，可以从轻处罚；因其如实供述自己罪行，避免特别严重后果发生的，可以减轻处罚。 第三百四十七条走私、贩卖、运输、制造毒品，无论数量多少，都应当追究刑事责任，予以刑事处罚。走私、贩卖、运输、制造毒品，有下列情形之一的，处十五年有期徒刑、无期徒刑或者死刑，并处没收财产：（一）走私、贩卖、运输、制造鸦片一千克以上、海洛因或者甲基苯丙胺五十克以上或者其他毒品数量大的；（二）走私、贩卖、运输、制造毒品集团的首要分子；（三）武装掩护走私、贩卖、运输、制造毒品的；（四）以暴力抗拒检查、拘留、逮捕，情节严重的；（五）参与有组织的国际贩毒活动的。走私、贩卖、运输、制造鸦片二百克以上不满一千克、海洛因或者甲基苯丙胺十克以上不满五十克或者其他毒品数量较大的，处七年以上有期徒刑，并处罚金。走私、贩卖、运输、制造鸦片不满二百克、海洛因或者甲基苯丙胺不满十克或者其他少量毒品的，处三年以下有期徒刑、拘役或者管制，并处罚金；情节严重的，处三年以上七年以下有期徒刑，并处罚金。单位犯第二款、第三款、第四款罪的，对单位判处罚金，并对其直接负责的主管人员和其他直接责任人员，依照各该款的规定处罚。利用、教唆未成年人走私、贩卖、运输、制造毒品，或者向未成年人出售毒品的，从重处罚。对多次走私、贩卖、运输、制造毒品，未经处理的，毒品数量累计计算。","writId":"038c14db2d5114c64520b050a0ca9e88d25","writName":"袁怀雄走私、贩卖、运输、制造毒品一审刑事判决书"}
