{"ajId":"e74c51c4-3989-4ae0-adc6-5692497a18ac","ajName":"何某非法持有、私藏枪支、弹药一案","ajjbqk":" 经审理查明，2015年1月份，被告人何某到柳州市其自××太平西街以200元／支价格购买了一支射钉枪及一盒射钉枪弹回家，后其对射钉枪进行改制，用于打老鼠。2015年6月份，被告人何某自称在本村河边捡到一支短砂枪。2016年2月27日5时许，公安机关接到群众举报，当日6时许，公安侦查人员赶到被告人何某家里进行搜查未果；而后，公安侦查人员对被告人何某进行思想教育，被告人何某主动带公安侦查人员到青凌小学附近的桉树林中提取到其收藏于该桉树林中的一支改制射钉枪和一支短砂枪，并当场予以扣押。经来宾市公安局刑事科学技术研究所进行鉴定，被告人何某非法持有的一支改制射钉枪和一支短砂枪均属《中华人民共和国枪支管理法》中所规定的枪支。被告人何某归案后，如实向公安侦查人员供述其非法持有枪支、钉枪弹的事实。上述事实，被告人何某在开庭审理时亦无异议，且有何某的户籍信息，有证人冯某的证言，有受案件登记表、立案决定书、起诉告知书，有搜查笔录，有提取笔录、提取痕迹物证登记表及照片，有扣押决定书及扣押清单，有枪支、弹药鉴定书及鉴定意见通知书，有办案民警黄剑文、龙海通出具的“抓获经过”等证据证实，证据确实、充分，足以认定。 ","cpfxgc":"本院认为，被告人何某违反《中华人民共和国枪支管理法》的有关规定，非法持有枪支二支，其行为已触犯刑律，构成非法持有枪支罪。公诉机关指控被告人何某犯非法持有枪支罪成立。根据最高人民法院于2001年5月10日公布的《关于审理非法制造、买卖、运输枪支、弹药、爆炸物等刑事案件具体应用法律若干问题的解释》中对非法持有、私藏枪支、弹药罪“情节严重”的认定标准，被告人何某非法持有枪支二支，属于《刑法》第一百二十八条第一款规定的“情节严重”，依法应处三年以上七年以下有期徒刑。鉴于被告人何某归案后能如实供述自己的犯罪事实，本案在审理过程中，当庭自愿认罪，依法可对其从轻处罚。依照《中华人民共和国刑法》第一百二十八条第一款、第六十七条第三款、第六十四条的规定，判决如下：","pjjg":" 一、被告人何某犯非法持有枪支罪，判处有期徒刑三年（刑期从判决执行之日起计算。判决执行以前先行羁押的，羁押一日折抵刑期一日，即自2016年5月17日起至2019年5月16日止）。 二、对被告人何某被扣押的一支射钉枪和一支短砂枪，由扣押单位象州县公安局予以没收。 如不服本判决，可在接到判决书的第二日起十日内，通过本院或者直接向来宾市中级人民法院提出上诉。书面上诉的，应交上诉状正本一份、副本一份。","qw":"何某非法持有、私藏枪支、弹药一审刑事判决书 广西壮族自治区象州县人民法院 刑事判决书 （2016）桂1322刑初68号 公诉机关广西壮族自治区象州县人民检察院。 被告人何某，出生于广西壮族自治区象州县，粮农。因涉嫌犯非法持有枪支罪，2016年2月29日被象州县公安局监视居住，同年5月4日象州县公安局变更强制措施为取保候审。2016年5月3日象州县人民检察院决定对其取保候审，次日由象州县公安局执行取保候审。2016年5月9日本院决定对其监视居住，当日由象州县公安局执行监视居住。2016年5月17日本院决定对其逮捕，同日由象州县公安局执行逮捕。 广西象州县人民检察院以象检公刑诉（2016）60号起诉书指控被告人何某犯非法持有枪支罪，于2016年5月6日向本院提起公诉。本院于当日立案受理后，经审查并征得被告人何某的同意，依法组成合议庭，适用简易程序，公开开庭进行了审理。象州县人民检察院指派检察员黄月娇出庭支持公诉，被告人何某到庭参加诉讼。本案现已审理终结。 经审理查明，2015年1月份，被告人何某到柳州市其自××太平西街以200元／支价格购买了一支射钉枪及一盒射钉枪弹回家，后其对射钉枪进行改制，用于打老鼠。2015年6月份，被告人何某自称在本村河边捡到一支短砂枪。2016年2月27日5时许，公安机关接到群众举报，当日6时许，公安侦查人员赶到被告人何某家里进行搜查未果；而后，公安侦查人员对被告人何某进行思想教育，被告人何某主动带公安侦查人员到青凌小学附近的桉树林中提取到其收藏于该桉树林中的一支改制射钉枪和一支短砂枪，并当场予以扣押。经来宾市公安局刑事科学技术研究所进行鉴定，被告人何某非法持有的一支改制射钉枪和一支短砂枪均属《中华人民共和国枪支管理法》中所规定的枪支。被告人何某归案后，如实向公安侦查人员供述其非法持有枪支、钉枪弹的事实。上述事实，被告人何某在开庭审理时亦无异议，且有何某的户籍信息，有证人冯某的证言，有受案件登记表、立案决定书、起诉告知书，有搜查笔录，有提取笔录、提取痕迹物证登记表及照片，有扣押决定书及扣押清单，有枪支、弹药鉴定书及鉴定意见通知书，有办案民警黄剑文、龙海通出具的“抓获经过”等证据证实，证据确实、充分，足以认定。 本院认为，被告人何某违反《中华人民共和国枪支管理法》的有关规定，非法持有枪支二支，其行为已触犯刑律，构成非法持有枪支罪。公诉机关指控被告人何某犯非法持有枪支罪成立。根据最高人民法院于2001年5月10日公布的《关于审理非法制造、买卖、运输枪支、弹药、爆炸物等刑事案件具体应用法律若干问题的解释》中对非法持有、私藏枪支、弹药罪“情节严重”的认定标准，被告人何某非法持有枪支二支，属于《刑法》第一百二十八条第一款规定的“情节严重”，依法应处三年以上七年以下有期徒刑。鉴于被告人何某归案后能如实供述自己的犯罪事实，本案在审理过程中，当庭自愿认罪，依法可对其从轻处罚。依照《中华人民共和国刑法》第一百二十八条第一款、第六十七条第三款、第六十四条的规定，判决如下： 一、被告人何某犯非法持有枪支罪，判处有期徒刑三年（刑期从判决执行之日起计算。判决执行以前先行羁押的，羁押一日折抵刑期一日，即自2016年5月17日起至2019年5月16日止）。 二、对被告人何某被扣押的一支射钉枪和一支短砂枪，由扣押单位象州县公安局予以没收。 如不服本判决，可在接到判决书的第二日起十日内，通过本院或者直接向来宾市中级人民法院提出上诉。书面上诉的，应交上诉状正本一份、副本一份。 审判长覃强 审判员廖彦明 人民陪审员莫小华 二〇一六年五月十七日 书记员覃凤姣","writId":"0365db8fd4bdf29f2d0283ffc9f9a6f3092","writName":"何某非法持有、私藏枪支、弹药一审刑事判决书"}
