{"ajId":"f553948e-e4fd-4458-9790-0fe22d081d93","ajName":"罗航、鲁苗苗、李新海非法吸收公众存款罪一案","ajjbqk":" 岳阳市岳阳楼区人民检察院指控：2014年11月，浙江籍男子杜某（在逃）经人介绍认识了被告人罗航及其同事祖某，其主动向二人表示愿以支付月工资的方式，聘请二人担任公司股东，二人表示同意后，同年12月12日，被告人罗航及祖某提供身份证后，杜某用相关申报资料，向岳阳市工商行政管理局申请设立了“湖南广润网络科技有限公司”（以下简称广润公司），注册资本人民币3000万元（未实际出资，以下币种均为人民币），罗航任公司法定代表人兼总经理，占股80％；祖某任公司股东，占股20％。2015年3月15日，杜某又安排被告人鲁苗苗在未实际出资的情形下，受让祖某的股份。至案发前，广润公司经多次变更注册资本及股东后，其登记注册资本为1亿元（未实际出资），被告人罗航、鲁苗苗一直担任公司股东。 广润公司成立后，在杜某的实际控制下，于2014年12月15日委托杭州融都科技有限公司开发广润财富P2P中介平台，在该平台上，以需资方抵押借贷为名，制作相关的借贷“标”项，按购买标项期限的长短，设置不同的高额回报，吸收社会公众资金。自2015年1月至2017年3月，所吸收的社会公众资金，从中介平台直接汇入由杜某控制的被告人罗航提供身份证所办理的个人银行账户；2017年3月后，为让社会公众相信其资金的安全性，又接入上海富友第三方支付平台，所吸收的社会公众资金，先进入第三方支付平台后又转入杜某所控制的罗航的个人账户。2017年7月，广润公司重新搭建P2P理财平台并绑定上海富友第三方支付平台，由社会公众在新的理财平台上认购广润公司制作的借贷“标”。至2017年9月16日，广润公司通过前后两个借贷平台，向3556名社会公众非法吸收资金共计211941221.11元，已偿还资金176180375.48元，尚有820名社会公众的35760845.63元资金未予偿还。 被告人罗航自担任广润公司法定代表人兼总经理以来，明知广润公司在杜某的控制下非法吸收公众存款，其以法定代表人身份，多次参加广润公司所召集的，为推广、宣传公司，以便于吸收更多社会资金而举行的全国部分投资客户的年会及公司相关推广介绍会，并介绍徐某、饶某到广润公司借支从公司网络借贷平台上非法吸收得来的资金共计110余万元；被告人鲁苗苗自2015年3月担任广润公司股东兼任公司副总经理分管公司风险控制部以来，在杜某的安排下，具体负责公司对外借出非法吸收得来的公众资金的风险把控并直接负责将非法吸收得来的11104900元出借给“共赢车贷”合作人郭某；被告人李新海自2O15年1月至2017年9月，先后担任广润公司运营部主管及分管运营部的公司副总经理等职务以来，负责在互联网上的第三方贷款平台以及QQ群里，宣扬其公司的借贷平台的合法性、可靠性，以诱使更多的社会公众到其广润财富网络借贷平台购买借贷“标”项。 2017年9月21日、22日，被告人李新海、罗航、鲁苗苗分别向岳阳市公安局岳阳楼分局投案。涉案财物依法扣押在案。 对于上述指控的事实，公诉机关提交了相应的证据予以证明。公诉机关指控认为，被告人罗航、鲁苗苗、李新海违反国家金融管理法规，非法吸收公众存款，扰乱金融秩序，数额巨大，其行为已构成非法吸收公众存款罪。本案属共同犯罪，被告人罗航、鲁苗苗、李新海均起次要作用是从犯。公诉机关提请对被告人罗航、鲁苗苗、李新海依照《中华人民共和国刑法》第一百七十六条第一款、第二十五条第一款、第二十七条之规定，予以判处。 被告人罗航对公诉机关指控的事实及罪名没有异议。 被告人罗航的辩护人提出如下辩护意见：1、被告人罗航没有非法吸收公众存款的故意，不构成非法吸收公众存款罪；2、被告人罗航具有自首、从犯等量刑情节，应当从轻或减轻处罚。 被告人鲁苗苗及其辩护人对公诉机关指控的事实及罪名没有异议。 被告人鲁苗苗的辩护人提出如下辩护意见：1、被告人鲁苗苗没有实行非法吸收公众存款的行为，不构成犯罪；2、被告人鲁苗苗具有自首、从犯等量刑情节，应当从轻或减轻处罚。 被告人李新海对公诉机关指控的罪名及事实没有异议。 被告人李新海的辩护人向本庭提交了书面辩护意见：被告人李新海具有自首、从犯等量刑情节，请求对被告人李新海从轻处罚。 经审理查明：2014年11月，杜某（在逃）经林某（另案处理）介绍认识了被告人罗航和祖某（另案处理）。杜某提出与被告人罗航及祖某共同开办公司，且不需要后两者出资，并许诺公司成立后按月发放工资。同年12月12日，杜某用被告人罗航和祖某提供的身份信息资料，在罗、祖的配合下，委托他人向岳阳市工商行政管理局申请设立了“湖南广润网络科技有限公司”（以下称广润公司）。广润公司从成立至案发，一直为杜某个人实际控制。被告人罗航在办理公司登记手续过程中发现自己被登记为广润公司的法定代表人，任公司的执行董事兼总经理，占股80％，祖某被登记为广润公司的股东，占股20％。2014年12月，在杜某的邀请下被告人李新海到广润公司任职。2015年3月15日，被告人鲁苗苗经人介绍认识了杜某并在杜某的安排下取代祖某成为广润公司名义上的股东，兼任公司监事。 在未取得相关主管部门批准的情况下，2014年12月15日，杜某以广润公司的名义委托第三发开发的广润财富P2P互联网融资平台正式上线，并制作多款理财产品（俗称“标”）在该平台上发布，许以高额回报，吸引社会公众购买，并将吸收到的资金高息借给他人谋取利益。 被告人李新海自进入广润公司后根据杜某的安排担任广润公司的副总经理兼运营部总监，长期负责广润财富P2P互联网融资平台的管理，制作理财产品并通过广润公司融资平台、客户QQ群或其他途径进行宣传，吸收不特定的社会公众的资金。被告人罗航没有参与广润公司的管理，但从广润公司每月领取工资，知道杜某以广润公司的名义通过广润公司融资平台进行融资活动，并根据杜某的安排多次以法定代表人身份参加广润公司为吸收不特定社会公众的资金举办的推广介绍会、投资客户年会，提供身份信息办理银行账户供杜某控制用于管理非法吸收的公众资金。2015年3月以后，被告人鲁苗苗分别担任了广润公司风险控制部经理、广润公司副总经理等职务并兼任公司监事，具体负责广润公司出借资金的风险管控，未履行监事职责。2017年4月10日至9月7日，被告人鲁苗苗在杜某的安排下，向郭某的共赢车贷出借资金11104900元，2017年4月14日至9月15日郭某通过银行归还广润公司借款11116885元。 自2015年1月至2017年9月，杜某以其控制的广润公司的名义，利用被告人罗航、鲁苗苗、李新海共向3556名社会公众非法吸收资金共计211941221.11元（其中在被告人鲁苗苗任职期间，共向3514名社会公众非法吸收资金共计198652098.1元），至案发时止已偿还资金本金176180375.48元，尚欠35760845.63元资金。 2017年9月20日、21日、22日，被告人李新海、鲁苗苗、罗航分别向岳阳市公安局岳阳楼分局投案。公安机关从广润公司扣押了5张以罗航信息开户的银行卡，一辆登记在被告人罗航名下的指南者2359CC黑色越野车、一辆登记在被告人鲁苗苗名下的大众蓝色轿车；冻结了被告人罗航在岳阳市农业银行账号为622845＊＊＊＊＊＊626570的涉案款项157997.37元。 上述事实，有由公诉机关提交并经庭审举证、质证、认证的下列证据予以证明： 1、常住人口基本信息。证明被告人李新海、罗航、鲁苗苗作案时已达完全刑事责任年龄。 2、受案登记表、立案登记表、到案经过。证明案件的来源及被告人李新海、罗航、鲁苗苗均是主动投案。 3、工商注册资料、变更登记资料、广润公司章程、企业信用信息公示报告。证明被告人罗航及祖某是广润公司初始股东，罗航系公司法定代表人，任执行董事兼总经理；2015年3月，祖某退出后，被告人鲁苗苗成为公司股东兼任公司监事。 4、中国银行业监督管理委员会岳阳监督管理分局的证明。证明广润公司不具备经营银行业金融业务的资格。 5、证人李某、王某、刘某、刘某1、周某、许某、朱某的证言。证明他们都是广润公司的员工；杜某是广润公司的实际控制人，负责公司的全面事务；被告人罗航是广润公司法定代表人兼总经理；被告人鲁苗苗是广润公司的副总经理分管公司风险控制部；被告人李新海是广润公司公司副总经理分管运营部，在广润公司李新海的地位仅次于杜某；广润公司所吸收资金由杜实际控制。 6、证人祖某、林某的证言。证明广润公司的成立情况，被告人罗航、鲁苗苗系公司股东及法人代表的事实。 7、证人徐某、郭某的证言。证明经被告人罗航介绍徐某得知广润公司是互联网借贷公司；他们的公司向广润公司借款的事实；郭某的证言另证明其公司所有借款手续均由被告人鲁苗苗办理。 8、广润公司合规建设运营情况汇报。证明2015年广润网贷平台正式上线运营，开始吸收资金及对外借款；至2017年5月广润公司未取得银监部门从事网络金融业务的许可；被告人罗航参加了多次公众活动推广广润公司的融资业务。 9、融都系统开发合同、账户系统服务协议、综合支付协议。证明广润公司2014年12月委托第三方开发了P2P网络借贷平台；2017年3月与上海富友服务有限公司签订了第三方支付协议与广润公司的融资平台绑定后吸收社会资金。 10、岳阳市公安局远程勘验工作记录、广润财富的网站宣传截图。证明杜某以广润公司的名义制作并在该公司P2P平台上发布了至少18期理财产品的宣传信息，召开公司年会的信息等。 11、搜查笔录，扣押物品、文件清单。证明公安机关从广润公司扣押了5张以罗航信息开户的银行卡，两台汽车及其他涉案物品等。 12、协助冻结财产通知书（回执）。证明公安机关依法冻结了被告人罗航在岳阳市农业银行账号为6228451＊＊＊＊＊＊626570的款项157997.37元。 13、证人裴某、刘某2、高某、林某1、陈某、刘某3、袁某、张某、唐某等的证言及相应的身份证，手机信息等书证。证明他（她）们是不同地区的人，均是通过互联网了解到广润财富的情况，知道广润财富是P2P网络金融投资，经注册可以投资购买该平台上的理财产品获取高额回报，他（她）们向平台投入了数额不等资金，目前有的回收了本金和收益，有的本金没有收回。 14、湖南恒兴联合会计师事务所做出的鉴定意见。证明自2015年1月至2017年9月，广润公司共向3556名社会公众非法吸收资金共计211941221.11元（其中在被告人鲁苗苗任职期间，共向3514名社会公众非法吸收资金共计198652098.1元），至案发时止已偿还资金本金176180375.48元，尚欠35760845.63元资金。 15、被告人罗航的供述和辩解。证明在广润公司登记时他就知道自己是广润公司的法人，但他没有实际出资；被告人鲁苗苗后来接替祖某成了广润公司的股东；广润公司为杜某实际控制，他没有具体从事业务，每月从公司领取工资，他知道杜某利用广润公司从事P2P融资业务；他作为公司法定代表人，参与公司的相关宣传活动。 16、被告人鲁苗苗的供述与辩解。证明他在岳父的推荐下于2015年3月进入广润公司，并按杜某的安排受让了祖某20％的股份后成为公司的股东，后来他在广润公司分别担任风控部经理和公司副总经理负责风控。 17、被告人李新海的供述与辩解。证明他经杜某介绍到广润公司上班，先后担任运营总监、公司副总经理，负责公司宣传，以此方式介绍客户投资；罗航是公司法定代表人、股东，但没有参与公司的日常管理，鲁苗苗是股东，负责风控。 ","cpfxgc":"本院认为：被告人罗航、鲁苗苗、李新海违反国家金融管理法规，非法吸收公众存款，扰乱金融秩序，数额巨大，其行为均已构成非法吸收公众存款罪。公诉机关指控被告人罗航、鲁苗苗、李新海犯非法吸收公众存款罪的事实清楚，证据确实、充分，罪名成立。关于被告人罗航的辩护人提出被告人罗航不构成非法吸收公众存款罪的辩护意见，经查：被告人罗航一直担任广润公司法定代表人、执行董事兼总经理，虽然没有参与广润公司的管理，但明知杜某利用广润公司从事非法吸收公众存款活动，且多次根据杜某的安排以广润公司法定代表人身份参加推广介绍会、投资客户年会，为非法吸收公众资金进行宣传，并提供身份信息办理银行账户供杜某控制用于管理非法吸收的公众资金，被告人罗航的上述的积极行为为杜某顺利实施非法吸收公众资金的行为提供了帮助与支持，被告人罗航应当为杜某利用广润公司名义实施非法吸收数额巨大的公众存款的行为承担相应的共同犯罪的责任，故被告人罗航的辩护人提出的该辩护意见不成立，本院不予采纳。关于被告人鲁苗苗的辩护人提出的被告人鲁苗苗没有实行非法吸收公众存款的行为，不构成犯罪的辩护意见。经查，被告人鲁苗苗2015年3月进入广润公司任公司监事，后担任风险控制部经理、广润公司副总经理等职务，具体负责广润公司出借资金的风险管控，虽然被告人鲁苗苗表面上未直接参与杜某非法吸收公众存款的行为，但直接负责对广润公司所非法吸收社会公众资金出借的风险管控，且实施了将部分非法吸收的公众资金予以出借的行为，被告人鲁苗苗的上述行为亦是杜某等人非法吸收公众存款行为的组成部分，对杜某等人利用广润公司名义非法吸收数额巨大的公众存款起到了促进作用，应为此承担相应的共同犯罪的责任，故被告人鲁苗苗的辩护人提出的该辩护意见不成立，本院不予采纳。本案属共同犯罪，在共同犯罪过程中，被告人罗航、鲁苗苗、李新海相比未到案的同案犯所起作用均较小，被告人罗航、鲁苗苗起辅助作用，被告人李新海起次要作用，均是从犯，对三被告人均应当从轻处罚；被告人罗航、鲁苗苗在共同犯罪过程中所起作用相比被告人李新海所起作用较小，对两被告人的量刑可轻于被告人李新海。被告人李新海、罗航、鲁苗苗均主动投案，并如实供述了各自的罪行，均是自首，对三被告人均可从轻处罚。被告人罗航、鲁苗苗、李新海向社会公众非法吸收资金属违法所得，对于本案尚未追回的违法所得，依法应向被告人罗航、鲁苗苗、李新海追缴。据此，依照《中华人民共和国刑法》第一百七十六第一款、第二十五条第一款、第二十七条、第六十七第一款、第六十四条、第五十二条、第五十三条第一款之规定，判决如下：","pjjg":" 一、被告人罗航犯非法吸收公众存款罪，判处有期徒刑三年，并处罚金人民币五万元。 （刑期自判决执行之日起计算，判决执行前先行羁押的，羁押一日折抵刑期一日，即自2017年9月23日起至2020年9月22日止。罚金限在判决生效后30日内缴纳，逾期强制缴纳。） 被告人鲁苗苗犯非法吸收公众存款罪，判处有期徒刑三年，并处罚金人民币五万元。 （刑期自判决执行之日起计算，判决执行前先行羁押的，羁押一日折抵刑期一日，即自2017年9月22日起至2020年9月21日止。罚金限在判决生效后30日内缴纳，逾期强制缴纳。） 被告人李新海犯非法吸收公众存款罪，判处有期徒刑四年，并处罚金人民币六万元。 （刑期自判决执行之日起计算，判决执行前先行羁押的，羁押一日折抵刑期一日，即自2017年9月21日起至2021年9月20日止。罚金限在判决生效后30日内缴纳，逾期强制缴纳。） 二、对公安机关冻结的被告人罗航在岳阳市农业银行账号为6228451＊＊＊＊＊＊626570的涉案款项157997.37元，按集资参与人的集资额比例返还。 三、对公安机关扣押的登记在被告人罗航名下的指南者2359CC黑色越野车、登记在被告人鲁苗苗名下的大众蓝色轿车，待诉讼终结后，依法处置。 四、对本案尚未追回的违法所得向被告人罗航、鲁苗苗、李新海继续追缴，按集资参与人的集资额比例返还。 如不服本判决，可在接到判决书的第二日起十日内，通过本院或者直接向湖南省岳阳市中级人民法院提出上诉。书面上诉的，应当提交上诉状正本一份，副本二份。","qw":"湖南省岳阳市岳阳楼区人民法院 刑事判决书 （2018）湘0602刑初392号 公诉机关岳阳市岳阳楼区人民检察院。 被告人罗航，男，1970年3月27日出生，汉族，初中文化，湖南广润网络科技有限公司法定代表人，户籍所在地湖南省华容县，住华容县；因涉嫌犯非法吸收公众存款罪，于2017年9月23日被岳阳市公安局岳阳楼分局刑事拘留，同年10月24日被逮捕；现羁押于岳阳市第一看守所。 辩护人许鹤，湖南惠风律师事务所律师。 被告人鲁苗苗，男，1983年8月1日出生，汉族，高中文化，湖南广润网络科技有限公司股东兼风控部主任，户籍所在地湖南省岳阳市云溪区，住岳阳市云溪区；因涉嫌犯非法吸收公众存款罪，于2017年9月22日被岳阳市公安局岳阳楼分局刑事拘留，同年10月24日被逮捕；现羁押于岳阳市第一看守所。 辩护人黄前勇，湖南思阳律师事务所律师。 被告人李新海，男，1983年10月15日出生，汉族，高中文化，湖南广润网络科技有限公司副总经理，户籍所在地浙江省瑞安市，住瑞安市，租住于岳阳市岳阳楼区；因涉嫌犯非法吸收公众存款罪，于2017年9月21日被岳阳市公安局岳阳楼分局刑事拘留，同年10月24日被逮捕；现羁押于岳阳市第一看守所。 辩护人钟龙，湖南云盟律师事务所律师。 岳阳市岳阳楼区人民检察院以岳楼检公二刑诉［2018］113号起诉书指控被告人罗航、鲁苗苗、李新海犯非法吸收公众存款罪，于2018年7月2日向本院提起公诉。本院于同日受理，并依法组成由审判员刘红梅担任审判长，人民陪审员徐保尧、许婷参加评议的合议庭，书记员金静担任庭审记录，于2018年8月14日公开开庭审理了本案。岳阳市岳阳楼区人民检察院指派检察员高毅出庭支持公诉，被告人罗航及其辩护人许鹤，被告人鲁苗苗及其辩护人黄前勇，被告人李新海均到庭参加诉讼。本案现已审理终结。 岳阳市岳阳楼区人民检察院指控：2014年11月，浙江籍男子杜某（在逃）经人介绍认识了被告人罗航及其同事祖某，其主动向二人表示愿以支付月工资的方式，聘请二人担任公司股东，二人表示同意后，同年12月12日，被告人罗航及祖某提供身份证后，杜某用相关申报资料，向岳阳市工商行政管理局申请设立了“湖南广润网络科技有限公司”（以下简称广润公司），注册资本人民币3000万元（未实际出资，以下币种均为人民币），罗航任公司法定代表人兼总经理，占股80％；祖某任公司股东，占股20％。2015年3月15日，杜某又安排被告人鲁苗苗在未实际出资的情形下，受让祖某的股份。至案发前，广润公司经多次变更注册资本及股东后，其登记注册资本为1亿元（未实际出资），被告人罗航、鲁苗苗一直担任公司股东。 广润公司成立后，在杜某的实际控制下，于2014年12月15日委托杭州融都科技有限公司开发广润财富P2P中介平台，在该平台上，以需资方抵押借贷为名，制作相关的借贷“标”项，按购买标项期限的长短，设置不同的高额回报，吸收社会公众资金。自2015年1月至2017年3月，所吸收的社会公众资金，从中介平台直接汇入由杜某控制的被告人罗航提供身份证所办理的个人银行账户；2017年3月后，为让社会公众相信其资金的安全性，又接入上海富友第三方支付平台，所吸收的社会公众资金，先进入第三方支付平台后又转入杜某所控制的罗航的个人账户。2017年7月，广润公司重新搭建P2P理财平台并绑定上海富友第三方支付平台，由社会公众在新的理财平台上认购广润公司制作的借贷“标”。至2017年9月16日，广润公司通过前后两个借贷平台，向3556名社会公众非法吸收资金共计211941221.11元，已偿还资金176180375.48元，尚有820名社会公众的35760845.63元资金未予偿还。 被告人罗航自担任广润公司法定代表人兼总经理以来，明知广润公司在杜某的控制下非法吸收公众存款，其以法定代表人身份，多次参加广润公司所召集的，为推广、宣传公司，以便于吸收更多社会资金而举行的全国部分投资客户的年会及公司相关推广介绍会，并介绍徐某、饶某到广润公司借支从公司网络借贷平台上非法吸收得来的资金共计110余万元；被告人鲁苗苗自2015年3月担任广润公司股东兼任公司副总经理分管公司风险控制部以来，在杜某的安排下，具体负责公司对外借出非法吸收得来的公众资金的风险把控并直接负责将非法吸收得来的11104900元出借给“共赢车贷”合作人郭某；被告人李新海自2O15年1月至2017年9月，先后担任广润公司运营部主管及分管运营部的公司副总经理等职务以来，负责在互联网上的第三方贷款平台以及QQ群里，宣扬其公司的借贷平台的合法性、可靠性，以诱使更多的社会公众到其广润财富网络借贷平台购买借贷“标”项。 2017年9月21日、22日，被告人李新海、罗航、鲁苗苗分别向岳阳市公安局岳阳楼分局投案。涉案财物依法扣押在案。 对于上述指控的事实，公诉机关提交了相应的证据予以证明。公诉机关指控认为，被告人罗航、鲁苗苗、李新海违反国家金融管理法规，非法吸收公众存款，扰乱金融秩序，数额巨大，其行为已构成非法吸收公众存款罪。本案属共同犯罪，被告人罗航、鲁苗苗、李新海均起次要作用是从犯。公诉机关提请对被告人罗航、鲁苗苗、李新海依照《中华人民共和国刑法》第一百七十六条第一款、第二十五条第一款、第二十七条之规定，予以判处。 被告人罗航对公诉机关指控的事实及罪名没有异议。 被告人罗航的辩护人提出如下辩护意见：1、被告人罗航没有非法吸收公众存款的故意，不构成非法吸收公众存款罪；2、被告人罗航具有自首、从犯等量刑情节，应当从轻或减轻处罚。 被告人鲁苗苗及其辩护人对公诉机关指控的事实及罪名没有异议。 被告人鲁苗苗的辩护人提出如下辩护意见：1、被告人鲁苗苗没有实行非法吸收公众存款的行为，不构成犯罪；2、被告人鲁苗苗具有自首、从犯等量刑情节，应当从轻或减轻处罚。 被告人李新海对公诉机关指控的罪名及事实没有异议。 被告人李新海的辩护人向本庭提交了书面辩护意见：被告人李新海具有自首、从犯等量刑情节，请求对被告人李新海从轻处罚。 经审理查明：2014年11月，杜某（在逃）经林某（另案处理）介绍认识了被告人罗航和祖某（另案处理）。杜某提出与被告人罗航及祖某共同开办公司，且不需要后两者出资，并许诺公司成立后按月发放工资。同年12月12日，杜某用被告人罗航和祖某提供的身份信息资料，在罗、祖的配合下，委托他人向岳阳市工商行政管理局申请设立了“湖南广润网络科技有限公司”（以下称广润公司）。广润公司从成立至案发，一直为杜某个人实际控制。被告人罗航在办理公司登记手续过程中发现自己被登记为广润公司的法定代表人，任公司的执行董事兼总经理，占股80％，祖某被登记为广润公司的股东，占股20％。2014年12月，在杜某的邀请下被告人李新海到广润公司任职。2015年3月15日，被告人鲁苗苗经人介绍认识了杜某并在杜某的安排下取代祖某成为广润公司名义上的股东，兼任公司监事。 在未取得相关主管部门批准的情况下，2014年12月15日，杜某以广润公司的名义委托第三发开发的广润财富P2P互联网融资平台正式上线，并制作多款理财产品（俗称“标”）在该平台上发布，许以高额回报，吸引社会公众购买，并将吸收到的资金高息借给他人谋取利益。 被告人李新海自进入广润公司后根据杜某的安排担任广润公司的副总经理兼运营部总监，长期负责广润财富P2P互联网融资平台的管理，制作理财产品并通过广润公司融资平台、客户QQ群或其他途径进行宣传，吸收不特定的社会公众的资金。被告人罗航没有参与广润公司的管理，但从广润公司每月领取工资，知道杜某以广润公司的名义通过广润公司融资平台进行融资活动，并根据杜某的安排多次以法定代表人身份参加广润公司为吸收不特定社会公众的资金举办的推广介绍会、投资客户年会，提供身份信息办理银行账户供杜某控制用于管理非法吸收的公众资金。2015年3月以后，被告人鲁苗苗分别担任了广润公司风险控制部经理、广润公司副总经理等职务并兼任公司监事，具体负责广润公司出借资金的风险管控，未履行监事职责。2017年4月10日至9月7日，被告人鲁苗苗在杜某的安排下，向郭某的共赢车贷出借资金11104900元，2017年4月14日至9月15日郭某通过银行归还广润公司借款11116885元。 自2015年1月至2017年9月，杜某以其控制的广润公司的名义，利用被告人罗航、鲁苗苗、李新海共向3556名社会公众非法吸收资金共计211941221.11元（其中在被告人鲁苗苗任职期间，共向3514名社会公众非法吸收资金共计198652098.1元），至案发时止已偿还资金本金176180375.48元，尚欠35760845.63元资金。 2017年9月20日、21日、22日，被告人李新海、鲁苗苗、罗航分别向岳阳市公安局岳阳楼分局投案。公安机关从广润公司扣押了5张以罗航信息开户的银行卡，一辆登记在被告人罗航名下的指南者2359CC黑色越野车、一辆登记在被告人鲁苗苗名下的大众蓝色轿车；冻结了被告人罗航在岳阳市农业银行账号为622845＊＊＊＊＊＊626570的涉案款项157997.37元。 上述事实，有由公诉机关提交并经庭审举证、质证、认证的下列证据予以证明： 1、常住人口基本信息。证明被告人李新海、罗航、鲁苗苗作案时已达完全刑事责任年龄。 2、受案登记表、立案登记表、到案经过。证明案件的来源及被告人李新海、罗航、鲁苗苗均是主动投案。 3、工商注册资料、变更登记资料、广润公司章程、企业信用信息公示报告。证明被告人罗航及祖某是广润公司初始股东，罗航系公司法定代表人，任执行董事兼总经理；2015年3月，祖某退出后，被告人鲁苗苗成为公司股东兼任公司监事。 4、中国银行业监督管理委员会岳阳监督管理分局的证明。证明广润公司不具备经营银行业金融业务的资格。 5、证人李某、王某、刘某、刘某1、周某、许某、朱某的证言。证明他们都是广润公司的员工；杜某是广润公司的实际控制人，负责公司的全面事务；被告人罗航是广润公司法定代表人兼总经理；被告人鲁苗苗是广润公司的副总经理分管公司风险控制部；被告人李新海是广润公司公司副总经理分管运营部，在广润公司李新海的地位仅次于杜某；广润公司所吸收资金由杜实际控制。 6、证人祖某、林某的证言。证明广润公司的成立情况，被告人罗航、鲁苗苗系公司股东及法人代表的事实。 7、证人徐某、郭某的证言。证明经被告人罗航介绍徐某得知广润公司是互联网借贷公司；他们的公司向广润公司借款的事实；郭某的证言另证明其公司所有借款手续均由被告人鲁苗苗办理。 8、广润公司合规建设运营情况汇报。证明2015年广润网贷平台正式上线运营，开始吸收资金及对外借款；至2017年5月广润公司未取得银监部门从事网络金融业务的许可；被告人罗航参加了多次公众活动推广广润公司的融资业务。 9、融都系统开发合同、账户系统服务协议、综合支付协议。证明广润公司2014年12月委托第三方开发了P2P网络借贷平台；2017年3月与上海富友服务有限公司签订了第三方支付协议与广润公司的融资平台绑定后吸收社会资金。 10、岳阳市公安局远程勘验工作记录、广润财富的网站宣传截图。证明杜某以广润公司的名义制作并在该公司P2P平台上发布了至少18期理财产品的宣传信息，召开公司年会的信息等。 11、搜查笔录，扣押物品、文件清单。证明公安机关从广润公司扣押了5张以罗航信息开户的银行卡，两台汽车及其他涉案物品等。 12、协助冻结财产通知书（回执）。证明公安机关依法冻结了被告人罗航在岳阳市农业银行账号为6228451＊＊＊＊＊＊626570的款项157997.37元。 13、证人裴某、刘某2、高某、林某1、陈某、刘某3、袁某、张某、唐某等的证言及相应的身份证，手机信息等书证。证明他（她）们是不同地区的人，均是通过互联网了解到广润财富的情况，知道广润财富是P2P网络金融投资，经注册可以投资购买该平台上的理财产品获取高额回报，他（她）们向平台投入了数额不等资金，目前有的回收了本金和收益，有的本金没有收回。 14、湖南恒兴联合会计师事务所做出的鉴定意见。证明自2015年1月至2017年9月，广润公司共向3556名社会公众非法吸收资金共计211941221.11元（其中在被告人鲁苗苗任职期间，共向3514名社会公众非法吸收资金共计198652098.1元），至案发时止已偿还资金本金176180375.48元，尚欠35760845.63元资金。 15、被告人罗航的供述和辩解。证明在广润公司登记时他就知道自己是广润公司的法人，但他没有实际出资；被告人鲁苗苗后来接替祖某成了广润公司的股东；广润公司为杜某实际控制，他没有具体从事业务，每月从公司领取工资，他知道杜某利用广润公司从事P2P融资业务；他作为公司法定代表人，参与公司的相关宣传活动。 16、被告人鲁苗苗的供述与辩解。证明他在岳父的推荐下于2015年3月进入广润公司，并按杜某的安排受让了祖某20％的股份后成为公司的股东，后来他在广润公司分别担任风控部经理和公司副总经理负责风控。 17、被告人李新海的供述与辩解。证明他经杜某介绍到广润公司上班，先后担任运营总监、公司副总经理，负责公司宣传，以此方式介绍客户投资；罗航是公司法定代表人、股东，但没有参与公司的日常管理，鲁苗苗是股东，负责风控。 本院认为：被告人罗航、鲁苗苗、李新海违反国家金融管理法规，非法吸收公众存款，扰乱金融秩序，数额巨大，其行为均已构成非法吸收公众存款罪。公诉机关指控被告人罗航、鲁苗苗、李新海犯非法吸收公众存款罪的事实清楚，证据确实、充分，罪名成立。关于被告人罗航的辩护人提出被告人罗航不构成非法吸收公众存款罪的辩护意见，经查：被告人罗航一直担任广润公司法定代表人、执行董事兼总经理，虽然没有参与广润公司的管理，但明知杜某利用广润公司从事非法吸收公众存款活动，且多次根据杜某的安排以广润公司法定代表人身份参加推广介绍会、投资客户年会，为非法吸收公众资金进行宣传，并提供身份信息办理银行账户供杜某控制用于管理非法吸收的公众资金，被告人罗航的上述的积极行为为杜某顺利实施非法吸收公众资金的行为提供了帮助与支持，被告人罗航应当为杜某利用广润公司名义实施非法吸收数额巨大的公众存款的行为承担相应的共同犯罪的责任，故被告人罗航的辩护人提出的该辩护意见不成立，本院不予采纳。关于被告人鲁苗苗的辩护人提出的被告人鲁苗苗没有实行非法吸收公众存款的行为，不构成犯罪的辩护意见。经查，被告人鲁苗苗2015年3月进入广润公司任公司监事，后担任风险控制部经理、广润公司副总经理等职务，具体负责广润公司出借资金的风险管控，虽然被告人鲁苗苗表面上未直接参与杜某非法吸收公众存款的行为，但直接负责对广润公司所非法吸收社会公众资金出借的风险管控，且实施了将部分非法吸收的公众资金予以出借的行为，被告人鲁苗苗的上述行为亦是杜某等人非法吸收公众存款行为的组成部分，对杜某等人利用广润公司名义非法吸收数额巨大的公众存款起到了促进作用，应为此承担相应的共同犯罪的责任，故被告人鲁苗苗的辩护人提出的该辩护意见不成立，本院不予采纳。本案属共同犯罪，在共同犯罪过程中，被告人罗航、鲁苗苗、李新海相比未到案的同案犯所起作用均较小，被告人罗航、鲁苗苗起辅助作用，被告人李新海起次要作用，均是从犯，对三被告人均应当从轻处罚；被告人罗航、鲁苗苗在共同犯罪过程中所起作用相比被告人李新海所起作用较小，对两被告人的量刑可轻于被告人李新海。被告人李新海、罗航、鲁苗苗均主动投案，并如实供述了各自的罪行，均是自首，对三被告人均可从轻处罚。被告人罗航、鲁苗苗、李新海向社会公众非法吸收资金属违法所得，对于本案尚未追回的违法所得，依法应向被告人罗航、鲁苗苗、李新海追缴。据此，依照《中华人民共和国刑法》第一百七十六第一款、第二十五条第一款、第二十七条、第六十七第一款、第六十四条、第五十二条、第五十三条第一款之规定，判决如下： 一、被告人罗航犯非法吸收公众存款罪，判处有期徒刑三年，并处罚金人民币五万元。 （刑期自判决执行之日起计算，判决执行前先行羁押的，羁押一日折抵刑期一日，即自2017年9月23日起至2020年9月22日止。罚金限在判决生效后30日内缴纳，逾期强制缴纳。） 被告人鲁苗苗犯非法吸收公众存款罪，判处有期徒刑三年，并处罚金人民币五万元。 （刑期自判决执行之日起计算，判决执行前先行羁押的，羁押一日折抵刑期一日，即自2017年9月22日起至2020年9月21日止。罚金限在判决生效后30日内缴纳，逾期强制缴纳。） 被告人李新海犯非法吸收公众存款罪，判处有期徒刑四年，并处罚金人民币六万元。 （刑期自判决执行之日起计算，判决执行前先行羁押的，羁押一日折抵刑期一日，即自2017年9月21日起至2021年9月20日止。罚金限在判决生效后30日内缴纳，逾期强制缴纳。） 二、对公安机关冻结的被告人罗航在岳阳市农业银行账号为6228451＊＊＊＊＊＊626570的涉案款项157997.37元，按集资参与人的集资额比例返还。 三、对公安机关扣押的登记在被告人罗航名下的指南者2359CC黑色越野车、登记在被告人鲁苗苗名下的大众蓝色轿车，待诉讼终结后，依法处置。 四、对本案尚未追回的违法所得向被告人罗航、鲁苗苗、李新海继续追缴，按集资参与人的集资额比例返还。 如不服本判决，可在接到判决书的第二日起十日内，通过本院或者直接向湖南省岳阳市中级人民法院提出上诉。书面上诉的，应当提交上诉状正本一份，副本二份。 审判长刘红梅 人民陪审员徐保尧 人民陪审员许婷 二〇一八年九月二十六日 书记员金静 附相关法律条文： 《中华人民共和国刑法》 第一百七十六条非法吸收公众存款或者变相吸收公众存款，扰乱金融秩序的，处三年以下有期徒刑或者拘役，并处或者单处二万元以上二十万元以下罚金；数额巨大或者有其他严重情节的，处三年以上十年以下有期徒刑，并处五万元以上五十万元以下罚金。 单位犯前款罪的，对单位判处罚金，并对其直接负责的主管人员和其他直接责任人员，依照前款的规定处罚。 第二十五条共同犯罪是指二人以上共同故意犯罪。 二人以上共同过失犯罪，不以共同犯罪论处；应当负刑事责任的，按照他们所犯的罪分别处罚。 第二十七条在共同犯罪中起次要或者辅助作用的，是从犯。 对于从犯，应当从轻、减轻处罚或者免除处罚。 第六十七条犯罪以后自动投案，如实供述自己的罪行的，是自首。对于自首的犯罪分子，可以从轻或者减轻处罚。其中，犯罪较轻的，可以免除处罚。 被采取强制措施的犯罪嫌疑人、被告人和正在服刑的罪犯，如实供述司法机关还未掌握的本人其他罪行的，以自首论。 犯罪嫌疑人虽不具有前两款规定的自首情节，但是如实供述自己罪行的，可以从轻处罚；因其如实供述自己罪行，避免特别严重后果发生的，可以减轻处罚。 第六十四条犯罪分子违法所得的一切财物，应当予以追缴或者责令退赔；对被害人的合法财产，应当及时返还；违禁品和供犯罪所用的本人财物，应当予以没收。没收的财物和罚金，一律上缴国库，不得挪用和自行处理。 第五十二条判处罚金，应当根据犯罪情节决定罚金数额。 第五十三条罚金在判决指定的期限内一次或者分期缴纳。期满不缴纳的，强制缴纳。对于不能全部缴纳罚金的，人民法院在任何时候发现被执行人有可以执行的财产，应当随时追缴。 由于遭遇不能抗拒的灾祸等原因缴纳确实有困难的，经人民法院裁定，可以延期缴纳、酌情减少或者免除。","writId":"0256ce01cfbcbd1a8fc0ffc9e1c38d55186","writName":"罗航、鲁苗苗、李新海非法吸收公众存款罪一审刑事判决书"}
