{"ajId":"42d11eac-0a81-4ed6-a188-02d9cfcdc84c","ajName":"利川市合力建筑安装有限责任公司、郝武志单位行贿、串通投标一案","ajjbqk":" 经审理查明： 单位行贿 2007年至2009年，被告单位合力公司、被告人郝武志为寻求或感谢杨某1（时任恩施州副州长、州长，另案处理）在承接工程项目等方面的帮助，先后三次送给杨某1人民币90万元。具体事实如下： 1.2007年初的一天，杨某1到利川市出差，被告人郝武志在利川市电力宾馆杨某1入住的房间内，送给杨某1人民币5万元。同年9月，郝武志请杨某1帮助合力公司承接恩施州卷烟厂仓库搬迁工程。杨某1向时任恩施州卷烟厂厂长张某打招呼，帮助合力公司中标该项目。 2.2008年初的一天，被告人郝武志为感谢杨某1帮助合力公司承接恩施州卷烟厂仓库搬迁工程，在恩施州地税局院内杨某1家中，送给杨某1人民币5万元。 3.2009年初的一天，恩施州卷烟厂仓库搬迁工程即将完工之际，被告人郝武志为再次感谢杨某1的帮助，并希望杨某1继续给予合力公司关照，在恩施州地税局院内，送给杨某1人民币80万元。 二、串通投标 2014年至2016年，被告人郝武志在利川市民族中医院整体搬迁（一期）建设项目招标过程中，与医院时任院长俞某（另案处理）、公司办公室主任谭某1（另案处理）相互串通，中标项目金额共计15814.259万元。具体事实如下： 1.2014年上半年，利川市民族中医院整体搬迁（一期）建设项目即将招标，被告人郝武志找到俞某，请其为合力公司中标提供帮助，并许诺事后会感谢俞某。之后，郝武志向俞某推荐了恩施悦达工程招标代理有限责任公司（以下简称悦达公司）作为该项目招投标的代理公司，经俞某的提议，悦达公司顺利代理该项目招投标。2014年8月15日，恩施州公共资源交易中心发布利川市民族中医院整体搬迁（一期）项目招标公告，共有五家公司参与竞标。悦达公司总经理曹某（另案处理）征求俞某对竞标单位的意见，并表示能够让业主选定的公司中标，俞某暗示让郝武志投资成立的合力公司中标。同年11月7日，该项目在恩施州公共资源交易中心评标。根据曹某的安排，悦达公司员工胡某（另案处理）暗示评委给合力公司打高分。合力公司中标，中标金额15421.5731万元。 2.2016年1月，利川市民族中医院整体搬迁（一期）锅炉房、太平间、营养食堂及污水处理工程对外公开招标。被告人郝武志和曹某先后找到俞某，提出继续由合力公司中标，俞某均表示同意。因担心参与投标的公司不满三家，达不到招标要求，郝武志安排谭某1联系利川博雅建设工程有限公司和利川市广屹建设有限责任公司参与围标，并向两家公司分别提供了8万元投标保证金。2016年1月29日，该项目在恩施州公共资源交易中心评标。根据曹某的安排，胡某暗示评委给合力公司打高分。合力公司中标，中标金额392.6859万元。 经审计，被告单位合力公司利川市民族中医院整体搬迁（一期）建设项目工程利润为892.561万元。案发后，合力公司主动退缴了上述违法所得。 三、伪造国家机关证件 2011年至2013年，被告人郝武志在利川市合力东方城项目建设过程中，安排谭某1先后伪造四份《建设工程规划许可证》，用于办理《建设工程施工许可证》。具体事实如下： 1.2011年10月，被告人郝武志为办理利川市合力东方城项目1号、7号楼的《建设工程施工许可证》，安排谭某1伪造《建设工程规划许可证》。谭某1将公司之前办理的《建设工程规划许可证》扫描至电脑，利用photoshop软件对证书上记载的内容进行修改，伪造了利某建字（2011）第015号《建设工程规划许可证》。 2.2012年1月，被告人郝武志为办理利川市合力东方城项目15、16号楼的《建设工程施工许可证》，安排谭某1伪造《建设工程规划许可证》。谭某1将公司之前办理的《建设工程规划许可证》扫描至电脑，利用photoshop软件对证书上记载的内容进行修改，伪造了利某建字（2012）第016号《建设工程规划许可证》（副证）。 3.2013年4月，被告人郝武志为办理利川市合力东方城9、10、11、12、20、21、22号楼的《建设工程施工许可证》，安排谭某1伪造《建设工程规划许可证》。谭某1将公司之前办理的《建设工程规划许可证》扫描至电脑，利用photoshop软件对证书上记载的内容进行修改，伪造了利某建字（2013）第015号（副证）、利某建字（2013）第025号（副证）。 同时查明，被告人郝武志因涉嫌犯串通投标罪被采取强制措施后，主动交待了侦查机关未掌握的单位行贿的事实。 上述事实，被告单位及被告人郝武志及在开庭审理过程中均无异议，且有公安机关出示的郝武志到案说明，利川市民族中医院整体搬迁建设项目施工招标评标专家编号对应表、技术表标号对应表、技术标计分标准评分表、综合标计分标准评分表，利川民族中医院整体搬迁（一期）项目相关资料，利川中医院整体搬迁锅炉房、太平间、营养食堂及污水处理工程项目相关资料，建设工程施工合同，湖北宜昌长江会计师事务有限公司报告书，利川市城乡规划管理局《关于合力东方城项目办理建设工程规划许可证的情况说明》，真实的《建设工程规划许可证》及审批手续，伪造的《建设工程规划许可证》，郝武志个人工商银行卡（尾号9067）相关资料、交易明细，郝武志农业银行卡（尾号）交易明细、合力公司农业银行账户交易明细，恩施州卷烟厂仓库搬迁工程招投标文件、工程付款凭证、建设施工合同等资料，恩施州2006年至2009年召开城建工作会议情况，证人俞某、谭某1、曹某、胡某、吴某1、唐某1、江某、徐某、代某、廖某、秦某、陆某、陈某、向某1、彭某、谭某2、舒某、覃某、朱某、叶某、向某2、王某1、杨某1、李某、邓某、杨某2、吴某2、周某、张某、宋某、王某2、唐某2的证言，被告人郝武志的供述等证据证实，足以认定。 ","cpfxgc":"本院认为，被告单位合力公司在承建工程中为谋取不正当利益，给国家工作人员行贿，情节严重，并与他人串通投标，损害国家、集体、公民的合法权益，已分别构成单位行贿罪、串通投标罪。被告人郝武志作为合力公司的法定代表人，在单位犯罪中起了主导、决定性作用，是直接责任人员，亦应构成单位行贿罪、串通投标罪，且串通投标属共同犯罪。郝武志在经营开发过程中，指使他人伪造国家机关证件，损害国家机关形象，已构成伪造国家机关证件罪，属共同犯罪。公诉机关指控被告单位及被告人的犯罪事实清楚，证据确实充分，罪名成立。在共同犯罪中，郝武志与他人商议策划，或起指使作用，行为积极、主动，属主犯。郝武志到案后能如实供述其串通投标、伪造国家机关证件的犯罪事实，并主动交待侦查尚未掌握的单位行贿犯罪事实，当庭认罪，故应认定其犯串通投标、伪造国家机关证件罪具有坦白情节，犯单位行贿罪具有自首情节。对被告单位合力公司亦应对应认定具有坦白、自首情节，且合力公司、郝武志能退缴违法所得，有悔罪表现，故依法均可从轻处罚。被告单位及郝武志犯有数罪，均应数罪并罚。辩护人分别辩称被告单位及郝武志系为企业发展而实施犯罪、具有自首情节、能退缴违法所得、认罪态度好等建议从轻处罚的辩护意见，本院予以采纳。本案单位行贿发生在2015年《中华人民共和国刑法修正案（九）》实施以前，应根据从旧兼从轻的原则，适用1997年《中华人民共和国刑法》的规定处罚。据此，依照1997年《中华人民共和国刑法》第三百九十三条、《中华人民共和国刑法》第十二条、第六十七条第一款、第二百二十三条第二款、第二百三十一条、第三十条、第三十一条、第二百八十条第一款、第六十七条第三款、第六十九条、第六十四条规定，判决如下：","pjjg":" 一、被告单位利川市合力建筑安装有限责任公司犯单位行贿罪，判处罚金二百九十万元；犯串通投标罪，判处罚金五万元，合并执行罚金二百九十五万元。 二、被告人郝武志犯单位行贿罪，判处有期徒刑十个月；犯串通投标罪，判处有期徒刑九个月，并处罚金二万元；犯伪造国家机关证件罪，判处有期徒刑七个月，并处罚金三万元。合并执行有期徒刑一年四个月，并处罚金五万元。 （刑期从判决执行之日起计算。判决执行以前先行羁押的，羁押一日折抵刑期一日，即自2016年12月14日起至2018年4月13日止。上列罚金用公安机关扣押款交付。） 三、被告单位利川市合力建筑安装有限责任公司的违法所得八百九十二万五千六百一十元予以没收，上缴国库。 （上列罚金用公安机关扣押款交付） 如不服本判决，可在接到判决书的第二日起十日内，通过本院或者直接向湖北省宜昌市中级人民法院提出上诉。书面上诉的，应当提交上诉状正本一份，副本二份。","qw":"湖北省当阳市人民法院 刑事判决书 （2018）鄂0582刑初25号 公诉机关当阳市人民检察院。 被告单位利川市合力建筑安装有限责任公司，统一社会信用代码914228027379218406，住所地湖北省利川市东城路88号，法定代表人郝武志。 诉讼代表人牟方略，男，53岁，系利川市合力建筑安装有限责任公司常务副总经理、总工程师。 辩护人邓雯文，湖北法辉律师事务所律师。 被告人郝武志，男，1960年11月8日出生于湖北省利川市，汉族，高中文化，中共党员，利川市合力建筑安装有限责任公司法定代表人，住利川市。因涉嫌犯串通投标罪于2016年12月14日被刑事拘留，2017年1月20日被逮捕。现羁押于当阳市看守所。 辩护人黄雪晴，湖北法辉律师事务所律师。 当阳市人民检察院以鄂当阳检刑诉［2018］3号起诉书指控被告单位利川市合力建筑安装有限责任公司（以下简称合力公司）犯单位行贿罪、串通投标罪，被告人郝武志犯单位行贿罪、串通投标罪、伪造国家机关证件罪，于2018年2月7日向本院提起公诉。经湖北省高级人民法院指定管辖，本院依法组成合议庭，于2018年3月6日公开开庭审理了本案。当阳市人民检察院检察员聂文瀚出庭支持公诉，被告单位的诉讼代表人牟方略及其辩护人邓雯文、被告人郝武志及其辩护人黄雪晴到庭参加了诉讼。本案现已审理终结。 经审理查明： 单位行贿 2007年至2009年，被告单位合力公司、被告人郝武志为寻求或感谢杨某1（时任恩施州副州长、州长，另案处理）在承接工程项目等方面的帮助，先后三次送给杨某1人民币90万元。具体事实如下： 1.2007年初的一天，杨某1到利川市出差，被告人郝武志在利川市电力宾馆杨某1入住的房间内，送给杨某1人民币5万元。同年9月，郝武志请杨某1帮助合力公司承接恩施州卷烟厂仓库搬迁工程。杨某1向时任恩施州卷烟厂厂长张某打招呼，帮助合力公司中标该项目。 2.2008年初的一天，被告人郝武志为感谢杨某1帮助合力公司承接恩施州卷烟厂仓库搬迁工程，在恩施州地税局院内杨某1家中，送给杨某1人民币5万元。 3.2009年初的一天，恩施州卷烟厂仓库搬迁工程即将完工之际，被告人郝武志为再次感谢杨某1的帮助，并希望杨某1继续给予合力公司关照，在恩施州地税局院内，送给杨某1人民币80万元。 二、串通投标 2014年至2016年，被告人郝武志在利川市民族中医院整体搬迁（一期）建设项目招标过程中，与医院时任院长俞某（另案处理）、公司办公室主任谭某1（另案处理）相互串通，中标项目金额共计15814.259万元。具体事实如下： 1.2014年上半年，利川市民族中医院整体搬迁（一期）建设项目即将招标，被告人郝武志找到俞某，请其为合力公司中标提供帮助，并许诺事后会感谢俞某。之后，郝武志向俞某推荐了恩施悦达工程招标代理有限责任公司（以下简称悦达公司）作为该项目招投标的代理公司，经俞某的提议，悦达公司顺利代理该项目招投标。2014年8月15日，恩施州公共资源交易中心发布利川市民族中医院整体搬迁（一期）项目招标公告，共有五家公司参与竞标。悦达公司总经理曹某（另案处理）征求俞某对竞标单位的意见，并表示能够让业主选定的公司中标，俞某暗示让郝武志投资成立的合力公司中标。同年11月7日，该项目在恩施州公共资源交易中心评标。根据曹某的安排，悦达公司员工胡某（另案处理）暗示评委给合力公司打高分。合力公司中标，中标金额15421.5731万元。 2.2016年1月，利川市民族中医院整体搬迁（一期）锅炉房、太平间、营养食堂及污水处理工程对外公开招标。被告人郝武志和曹某先后找到俞某，提出继续由合力公司中标，俞某均表示同意。因担心参与投标的公司不满三家，达不到招标要求，郝武志安排谭某1联系利川博雅建设工程有限公司和利川市广屹建设有限责任公司参与围标，并向两家公司分别提供了8万元投标保证金。2016年1月29日，该项目在恩施州公共资源交易中心评标。根据曹某的安排，胡某暗示评委给合力公司打高分。合力公司中标，中标金额392.6859万元。 经审计，被告单位合力公司利川市民族中医院整体搬迁（一期）建设项目工程利润为892.561万元。案发后，合力公司主动退缴了上述违法所得。 三、伪造国家机关证件 2011年至2013年，被告人郝武志在利川市合力东方城项目建设过程中，安排谭某1先后伪造四份《建设工程规划许可证》，用于办理《建设工程施工许可证》。具体事实如下： 1.2011年10月，被告人郝武志为办理利川市合力东方城项目1号、7号楼的《建设工程施工许可证》，安排谭某1伪造《建设工程规划许可证》。谭某1将公司之前办理的《建设工程规划许可证》扫描至电脑，利用photoshop软件对证书上记载的内容进行修改，伪造了利某建字（2011）第015号《建设工程规划许可证》。 2.2012年1月，被告人郝武志为办理利川市合力东方城项目15、16号楼的《建设工程施工许可证》，安排谭某1伪造《建设工程规划许可证》。谭某1将公司之前办理的《建设工程规划许可证》扫描至电脑，利用photoshop软件对证书上记载的内容进行修改，伪造了利某建字（2012）第016号《建设工程规划许可证》（副证）。 3.2013年4月，被告人郝武志为办理利川市合力东方城9、10、11、12、20、21、22号楼的《建设工程施工许可证》，安排谭某1伪造《建设工程规划许可证》。谭某1将公司之前办理的《建设工程规划许可证》扫描至电脑，利用photoshop软件对证书上记载的内容进行修改，伪造了利某建字（2013）第015号（副证）、利某建字（2013）第025号（副证）。 同时查明，被告人郝武志因涉嫌犯串通投标罪被采取强制措施后，主动交待了侦查机关未掌握的单位行贿的事实。 上述事实，被告单位及被告人郝武志及在开庭审理过程中均无异议，且有公安机关出示的郝武志到案说明，利川市民族中医院整体搬迁建设项目施工招标评标专家编号对应表、技术表标号对应表、技术标计分标准评分表、综合标计分标准评分表，利川民族中医院整体搬迁（一期）项目相关资料，利川中医院整体搬迁锅炉房、太平间、营养食堂及污水处理工程项目相关资料，建设工程施工合同，湖北宜昌长江会计师事务有限公司报告书，利川市城乡规划管理局《关于合力东方城项目办理建设工程规划许可证的情况说明》，真实的《建设工程规划许可证》及审批手续，伪造的《建设工程规划许可证》，郝武志个人工商银行卡（尾号9067）相关资料、交易明细，郝武志农业银行卡（尾号）交易明细、合力公司农业银行账户交易明细，恩施州卷烟厂仓库搬迁工程招投标文件、工程付款凭证、建设施工合同等资料，恩施州2006年至2009年召开城建工作会议情况，证人俞某、谭某1、曹某、胡某、吴某1、唐某1、江某、徐某、代某、廖某、秦某、陆某、陈某、向某1、彭某、谭某2、舒某、覃某、朱某、叶某、向某2、王某1、杨某1、李某、邓某、杨某2、吴某2、周某、张某、宋某、王某2、唐某2的证言，被告人郝武志的供述等证据证实，足以认定。 本院认为，被告单位合力公司在承建工程中为谋取不正当利益，给国家工作人员行贿，情节严重，并与他人串通投标，损害国家、集体、公民的合法权益，已分别构成单位行贿罪、串通投标罪。被告人郝武志作为合力公司的法定代表人，在单位犯罪中起了主导、决定性作用，是直接责任人员，亦应构成单位行贿罪、串通投标罪，且串通投标属共同犯罪。郝武志在经营开发过程中，指使他人伪造国家机关证件，损害国家机关形象，已构成伪造国家机关证件罪，属共同犯罪。公诉机关指控被告单位及被告人的犯罪事实清楚，证据确实充分，罪名成立。在共同犯罪中，郝武志与他人商议策划，或起指使作用，行为积极、主动，属主犯。郝武志到案后能如实供述其串通投标、伪造国家机关证件的犯罪事实，并主动交待侦查尚未掌握的单位行贿犯罪事实，当庭认罪，故应认定其犯串通投标、伪造国家机关证件罪具有坦白情节，犯单位行贿罪具有自首情节。对被告单位合力公司亦应对应认定具有坦白、自首情节，且合力公司、郝武志能退缴违法所得，有悔罪表现，故依法均可从轻处罚。被告单位及郝武志犯有数罪，均应数罪并罚。辩护人分别辩称被告单位及郝武志系为企业发展而实施犯罪、具有自首情节、能退缴违法所得、认罪态度好等建议从轻处罚的辩护意见，本院予以采纳。本案单位行贿发生在2015年《中华人民共和国刑法修正案（九）》实施以前，应根据从旧兼从轻的原则，适用1997年《中华人民共和国刑法》的规定处罚。据此，依照1997年《中华人民共和国刑法》第三百九十三条、《中华人民共和国刑法》第十二条、第六十七条第一款、第二百二十三条第二款、第二百三十一条、第三十条、第三十一条、第二百八十条第一款、第六十七条第三款、第六十九条、第六十四条规定，判决如下： 一、被告单位利川市合力建筑安装有限责任公司犯单位行贿罪，判处罚金二百九十万元；犯串通投标罪，判处罚金五万元，合并执行罚金二百九十五万元。 二、被告人郝武志犯单位行贿罪，判处有期徒刑十个月；犯串通投标罪，判处有期徒刑九个月，并处罚金二万元；犯伪造国家机关证件罪，判处有期徒刑七个月，并处罚金三万元。合并执行有期徒刑一年四个月，并处罚金五万元。 （刑期从判决执行之日起计算。判决执行以前先行羁押的，羁押一日折抵刑期一日，即自2016年12月14日起至2018年4月13日止。上列罚金用公安机关扣押款交付。） 三、被告单位利川市合力建筑安装有限责任公司的违法所得八百九十二万五千六百一十元予以没收，上缴国库。 （上列罚金用公安机关扣押款交付） 如不服本判决，可在接到判决书的第二日起十日内，通过本院或者直接向湖北省宜昌市中级人民法院提出上诉。书面上诉的，应当提交上诉状正本一份，副本二份。 审判长祝兆平 审判员谭军 人民陪审员侯来锋 二〇一八年三月十四日 书记员齐泽宁","writId":"0511e7ddb9a0ed6f97dc7d7669d7aae65b5","writName":"利川市合力建筑安装有限责任公司、郝武志单位行贿、串通投标一审刑事判决书"}
