{"ajId":"18ad1c01-323b-4746-a1d4-a15fbc64c611","ajName":"李某、杨某某妨害信用卡管理一案","ajjbqk":" 经审理查明，2013年10月30日12时许，被告人李某未经胡某同意，在中国工商银行股份有限公司内黄支行内持胡某的身份证要求办理银行卡开户业务，在办理过程中被该银行工作人员赵某发现身份证上的人员与本人不符合而未予办理。 2013年11月1日12时许，被告人李某、杨某某预谋后，未经李某同意，在中国工商银行股份有限公司内黄支行内，在被告人李某的陪同下，由被告人杨某某持“李某”的身份证办理银行卡开户业务，在办理过程中被该银行工作人员许某发现身份证上的人员与本人不符合并报警。 上述事实，被告人李某、杨某某在开庭审理过程中亦无异议，且有证人赵某、许某、吴某、纪某、胡某、李某的证言，内黄县公安局扣押、发还物品清单，胡某、李某等人的身份证复印件，李某的深圳市居住证，深圳市公安局翠竹派出所报警回执，中国工商银行股份有限公司内黄支行证明，（2001）濮区刑初字第78号刑事判决书，濮阳市公安局中原派出所社区警务大队证明，清丰县公安局六塔派出所证明，被告人李某、杨某某的供述、户籍证明等证据证实，足以认定。 ","cpfxgc":"本院认为，被告人李某、杨某某使用虚假的身份证证明骗领信用卡，其行为已构成妨害信用卡管理罪，公诉机关指控罪名成立，所举证据确实、充分，本院予以确认。被告人李某到案后能如实供述自己的犯罪事实，认罪态度好，可从轻处罚。被告人杨某某认罪态度好，愿意缴纳罚金，有悔罪表现，故辩护人要求对其从轻处罚的意见，可以采纳。依据《中华人民共和国刑法》第一百七十七条之一第一款第（三）项、第二十五条第一款、第六十七条第三款、第五十二条、第五十三条之规定，判决如下：","pjjg":" 一、被告人李某某妨害信用卡管理罪，判处有期徒刑九个月，并处罚金人民币20000元，限判决生效后十日内缴纳； （刑期从判决执行之日起计算；判决执行以前先行羁押的，羁押一日折抵刑期一日，即自2013年11月1日起至2014年7月31日止。） 二、被告人杨某某犯妨害信用卡管理罪，判处罚金人民币10000元（已缴纳）。 如不服本判决，可在接到判决书的第二日起十日内，通过本院或者直接向河南省安阳市中级人民法院提出上诉。书面上诉的，应当提交上诉状正本一份，副本两份。","qw":"河南省内黄县人民法院 刑事判决书 （2014）内刑初字第156号 公诉机关内黄县人民检察院。 被告人李某，男，1978年6月18日出生，汉族，初中毕业，农民，河南省濮阳市人，住濮阳市华龙区。因犯强奸罪于2001年4月16日被濮阳市市区人民法院判处有期徒刑十年，剥夺政治权利二年，于2008年3月10日刑满释放；因涉嫌妨害信用卡管理犯罪于2013年11月1日被内黄县公安局刑事拘留，因涉嫌妨害信用卡管理犯罪于2013年12月6日经内黄县人民检察院批准逮捕，同日被内黄县公安局执行逮捕。 被告人杨某某，女，1982年12月14日出生，汉族，中专毕业，农民，河南省清丰县人，住清丰县。因涉嫌妨害信用卡管理犯罪于2013年11月1日被内黄县公安局刑事拘留，因涉嫌妨害信用卡管理犯罪于2013年12月6日被内黄县公安局取保候审，因涉嫌妨害信用卡管理犯罪于2014年1月20日被内黄县人民检察院取保候审，同年6月19日被本院取保候审。 辩护人张海军、高雪平，河南地利律师事务所律师。 内黄县人民检察院以内检刑诉（2014）86号起诉书指控被告人李某、杨某某犯妨害信用卡管理罪，于2014年6月19日向本院提起公诉，本院受理后，依法组成合议庭，公开开庭审理了本案。内黄县人民检察院指派代理检察员黄斌伟依法出庭支持公诉。被告人李某、杨某某及其辩护人张海军、高雪平到庭参加了诉讼，现已审理终结。 经审理查明，2013年10月30日12时许，被告人李某未经胡某同意，在中国工商银行股份有限公司内黄支行内持胡某的身份证要求办理银行卡开户业务，在办理过程中被该银行工作人员赵某发现身份证上的人员与本人不符合而未予办理。 2013年11月1日12时许，被告人李某、杨某某预谋后，未经李某同意，在中国工商银行股份有限公司内黄支行内，在被告人李某的陪同下，由被告人杨某某持“李某”的身份证办理银行卡开户业务，在办理过程中被该银行工作人员许某发现身份证上的人员与本人不符合并报警。 上述事实，被告人李某、杨某某在开庭审理过程中亦无异议，且有证人赵某、许某、吴某、纪某、胡某、李某的证言，内黄县公安局扣押、发还物品清单，胡某、李某等人的身份证复印件，李某的深圳市居住证，深圳市公安局翠竹派出所报警回执，中国工商银行股份有限公司内黄支行证明，（2001）濮区刑初字第78号刑事判决书，濮阳市公安局中原派出所社区警务大队证明，清丰县公安局六塔派出所证明，被告人李某、杨某某的供述、户籍证明等证据证实，足以认定。 本院认为，被告人李某、杨某某使用虚假的身份证证明骗领信用卡，其行为已构成妨害信用卡管理罪，公诉机关指控罪名成立，所举证据确实、充分，本院予以确认。被告人李某到案后能如实供述自己的犯罪事实，认罪态度好，可从轻处罚。被告人杨某某认罪态度好，愿意缴纳罚金，有悔罪表现，故辩护人要求对其从轻处罚的意见，可以采纳。依据《中华人民共和国刑法》第一百七十七条之一第一款第（三）项、第二十五条第一款、第六十七条第三款、第五十二条、第五十三条之规定，判决如下： 一、被告人李某某妨害信用卡管理罪，判处有期徒刑九个月，并处罚金人民币20000元，限判决生效后十日内缴纳； （刑期从判决执行之日起计算；判决执行以前先行羁押的，羁押一日折抵刑期一日，即自2013年11月1日起至2014年7月31日止。） 二、被告人杨某某犯妨害信用卡管理罪，判处罚金人民币10000元（已缴纳）。 如不服本判决，可在接到判决书的第二日起十日内，通过本院或者直接向河南省安阳市中级人民法院提出上诉。书面上诉的，应当提交上诉状正本一份，副本两份。 审判长杨武群 审判员李林生 审判员张鹏宇 二〇一四年七月八日 书记员李旭日","writId":"04276e8ba93db0c0f1627781f9cabb056cc","writName":"李某、杨某某妨害信用卡管理一审刑事判决书"}
