{"ajId":"7b34b7e0-a6e3-4517-8403-4aa6a55f998b","ajName":"杨某犯盗窃罪一案","ajjbqk":" 浙江省慈溪市人民检察院指控： 2014年7月7日晚，被告人杨某至慈溪市逍林镇林西村周某的住房，窃得人民币300余元。 同月13日晚，被告人杨某至慈溪市逍林镇林西村黄某的住房，窃得黑色联想牌笔记本电脑1台（无法鉴定）。 同年8月3日下午，被告人杨某至慈溪市匡堰镇龙舌村任某的住房，翻墙入室，窃得人民币35000余元及24K金项链1条（重8克，价值人民币2376元）、24K金“老凤祥”牌金鸡心1枚（重2.92克，价值人民币919.8元）、金块1块（重8克，价值人民币2048元）、24K“老凤祥”牌金花生饰品1件（重2克，价值人民币630元）、100元美金等物。 公诉机关为证明上述事实，向法庭提交了相应的证据。公诉机关认为，被告人杨某以非法占有为目的，多次入户盗窃他人财物，有其他严重情节，其行为已构成盗窃罪。提请本院依照《中华人民共和国刑法》第二百六十四条之规定，予以惩处。 根据以上犯罪事实及情节，公诉机关建议对被告人杨某的量刑幅度为有期徒刑三年至有期徒刑五年，并处罚金。 被告人杨某辩解，起诉书指控的第一起没有窃得现金，第三起的现金只窃得20000元，对起诉书指控的其余犯罪事实和罪名无异议。 辩护人周榴君对公诉机关指控被告人杨某犯盗窃罪无异议，辩护提出：1．起诉书中对金额的认定仅有被害人的陈述，无其他证据予以佐证，应按被告人杨某自认的金额予以认定；2．被告人杨某系初犯、偶犯，当庭对起诉书指控的前两节犯罪事实予以承认，有一定的悔罪表现；3．被告人杨某盗窃金额尚未达到40000元，不具有其他严重情节，公诉机关量刑建议过重，应当在三年以下有期徒刑量刑。 经审理查明： 2014年7月7日晚，被告人杨某至慈溪市逍林镇林西村周某的住房行窃，但未窃得财物。 2014年7月13日晚，被告人杨某至慈溪市逍林镇林西村黄某的住房，窃得黑色联想牌笔记本电脑1台（无法鉴定）。 2014年8月3日下午，被告人杨某至慈溪市匡堰镇龙舌村任某的住房，翻墙入室，窃得人民币20000余元、美元100元及24K金项链1条（重8克，价值人民币2376元）、24K足金“老凤祥”牌金鸡心1枚（重2.92克，价值人民币919.8元）、金块1块（重8克，价值人民币2048元）、24K“老凤祥”牌金花生饰品1件（重2克，价值人民币630元）等物。 上述事实，由公诉机关提交，并经庭审质证、本院确认的下列证据予以证明： 1．被害人周某的陈述，证明：其家住在慈溪市逍林镇林西村。2014年7月7日晚上9时左右，其关好家里的门窗就睡觉了。到了第二天早上6点左右，发现家里的东西被翻过了，后来其就报警了。被偷200元左右的一元硬币和一个红包里的两张50元钱。这些钱是放在二楼卧室床下抽屉里的。 2．被害人黄某的陈述，证明：其家住在慈溪市逍林镇林西村。2014年7月13日晚上8时左右，其关好门从家里出去了。晚上10时左右，其回到家发现门被撬，放在二楼卧室里的一台黑色17寸联想笔记本电脑被偷了，于是其就报了警。 3．被害人任某的陈述，证明：其家住在慈溪市匡堰镇龙舌村。2014年8月3日下午2时30分许，其从家里出门去了外面。到了下午5时30分左右，其回到家里发现东西被偷了。被偷现金35000元左右，面值是100元的、也有几张50元面值的，1张1000元面值的港币，1张100面值的美元；一条24K女士黄金项链，带有一个绿色的吊坠，重8克左右；一个老凤祥的金鸡挂件，重2.92克；一副金耳环，因为耳环破了就在打金店打成一团金子了，重8克；一个小小的金花生和一粒小小的圆形金子，本来是一条红绳上的吊坠，现在分开了，品牌是老凤祥的，重2克左右。被偷的所有金器都放在主卧的衣柜里，一部分现金放在抽屉里，还有一部分现金放在衣柜的抽屉里。 4．辨认笔录及照片，证明：被告人杨某辨认出慈溪市匡堰镇龙舌村龙舌X号就是其实施盗窃的地点。 5．现场勘验笔录及现场照片，证明：本案案发现场的基本情况。其中，公安机关在现场勘查时，从慈溪市逍林镇林西村被害人周某家一楼车间北墙的窗栅上提取到指印一枚；从慈溪市逍林镇林西村被害人黄某家三楼北墙窗户的窗框上提取到指印一枚；从慈溪市匡堰镇龙舌村被害人任某家一楼朝南面西侧防盗窗栅上提取到指印一枚。 6．手印鉴定书，证明：公安机关从上述被害人周某家一楼车间北墙的窗栅上提取到的指印系被告人杨某左手环指所留；从被害人黄某家三楼北墙窗户的窗框上提取到的指印系被告人杨某左手食指所留；从被害人任某家一楼朝南面西侧防盗窗栅上提取到的指印系被告人杨某右手中指所留。 7．价格鉴定报告书，证明：涉案物品的价值情况。 8．抓获经过，证明：被告人杨某被抓获的经过情况。 9．身份证明，证明：被告人杨某的身份情况。 10．被告人杨某的供述，供认：2014年8月份的一天下午3点多的样子，其骑着电动自行车来到慈溪市匡堰老菜场附近的一住宅门口，看看没人路过，就从围墙爬上去沿着房子西侧一楼的防盗窗爬到二楼的阳台，二楼阳台的窗户是没有锁住的，上去之后其先进入东边后面的小房间，门是没有关住的，在小房间里没翻到东西。后来到西边前面的房间，门也是没锁的，在靠房间北面衣柜的抽屉内偷到一条黄金项链，后又在衣柜内偷到现金20000多元的样子，大部分是100元面值的，也有50元、20元、10元面值的，另外还有一张100元面值的美金，大概有三四张港币，港币面值是50元和20元的。另，其在庭审中供认实施了起诉书指控的三起盗窃，但在第一起盗窃中未窃得财物，在第三起盗窃中只窃得人民币20000元、100元美金及一些金器。 ","cpfxgc":"本院认为，被告人杨某以非法占有为目的，多次入户盗窃公民财物，数额较大，其行为已构成盗窃罪。公诉机关指控的罪名成立。对起诉书指控的第一起是否窃得现金、第三起窃得现金数额的问题，因起诉书的指控只有被害人周某、任某的陈述，无其他证据予以印证，被告人杨某亦不予认可，故从有利于被告人的角度，以被告人杨某的当庭供述就低认定。公诉机关指控被告人杨某有其他严重情节，本院不予支持。被告人杨某的相关辩解及辩护人周榴君的相关辩护意见，本院予以采纳。公诉机关的量刑建议偏重。被告人杨某的违法所得，继续予以追缴，退赔给相关被害人。据此，依照《中华人民共和国刑法》第二百六十四条、第六十四条之规定，判决如下：","pjjg":" 一、被告人杨某犯盗窃罪，判处有期徒刑二年六个月，并处罚金人民币一万元。 （刑期从判决执行之日起计算。判决执行以前先行羁押的，羁押一日折抵刑期一日，即自2015年3月3日起至2017年9月2日止。并处的罚金限本判决生效后一个月内缴纳本院。） 二、被告人杨某的违法所得，继续予以追缴，退赔给相关被害人。 如不服本判决，可在接到判决书的第二日起十日内，通过本院或者直接向浙江省宁波市中级人民法院提出上诉。书面上诉的，应交上诉状正本一份，副本二份。","qw":"浙江省慈溪市人民法院 刑事判决书 （2015）甬慈刑初字第1083号 公诉机关浙江省慈溪市人民检察院。 被告人杨某，农民。因涉嫌犯盗窃罪于2015年3月3日被慈溪市公安局刑事拘留，同月30日被依法逮捕。现羁押于慈溪市看守所。 辩护人周榴君，浙江金穗律师事务所律师，慈溪市法律援助中心指派。 浙江省慈溪市人民检察院以慈检公诉刑诉（2015）939号起诉书指控被告人杨某犯盗窃罪，于2015年6月8日向本院提起公诉。本院于同日立案，并依法组成合议庭，公开开庭审理了本案。浙江省慈溪市人民检察院指派代理检察员徐炯烨出庭支持公诉，被告人杨某及其辩护人周榴君到庭参加诉讼。现已审理终结。 浙江省慈溪市人民检察院指控： 2014年7月7日晚，被告人杨某至慈溪市逍林镇林西村周某的住房，窃得人民币300余元。 同月13日晚，被告人杨某至慈溪市逍林镇林西村黄某的住房，窃得黑色联想牌笔记本电脑1台（无法鉴定）。 同年8月3日下午，被告人杨某至慈溪市匡堰镇龙舌村任某的住房，翻墙入室，窃得人民币35000余元及24K金项链1条（重8克，价值人民币2376元）、24K金“老凤祥”牌金鸡心1枚（重2.92克，价值人民币919.8元）、金块1块（重8克，价值人民币2048元）、24K“老凤祥”牌金花生饰品1件（重2克，价值人民币630元）、100元美金等物。 公诉机关为证明上述事实，向法庭提交了相应的证据。公诉机关认为，被告人杨某以非法占有为目的，多次入户盗窃他人财物，有其他严重情节，其行为已构成盗窃罪。提请本院依照《中华人民共和国刑法》第二百六十四条之规定，予以惩处。 根据以上犯罪事实及情节，公诉机关建议对被告人杨某的量刑幅度为有期徒刑三年至有期徒刑五年，并处罚金。 被告人杨某辩解，起诉书指控的第一起没有窃得现金，第三起的现金只窃得20000元，对起诉书指控的其余犯罪事实和罪名无异议。 辩护人周榴君对公诉机关指控被告人杨某犯盗窃罪无异议，辩护提出：1．起诉书中对金额的认定仅有被害人的陈述，无其他证据予以佐证，应按被告人杨某自认的金额予以认定；2．被告人杨某系初犯、偶犯，当庭对起诉书指控的前两节犯罪事实予以承认，有一定的悔罪表现；3．被告人杨某盗窃金额尚未达到40000元，不具有其他严重情节，公诉机关量刑建议过重，应当在三年以下有期徒刑量刑。 经审理查明： 2014年7月7日晚，被告人杨某至慈溪市逍林镇林西村周某的住房行窃，但未窃得财物。 2014年7月13日晚，被告人杨某至慈溪市逍林镇林西村黄某的住房，窃得黑色联想牌笔记本电脑1台（无法鉴定）。 2014年8月3日下午，被告人杨某至慈溪市匡堰镇龙舌村任某的住房，翻墙入室，窃得人民币20000余元、美元100元及24K金项链1条（重8克，价值人民币2376元）、24K足金“老凤祥”牌金鸡心1枚（重2.92克，价值人民币919.8元）、金块1块（重8克，价值人民币2048元）、24K“老凤祥”牌金花生饰品1件（重2克，价值人民币630元）等物。 上述事实，由公诉机关提交，并经庭审质证、本院确认的下列证据予以证明： 1．被害人周某的陈述，证明：其家住在慈溪市逍林镇林西村。2014年7月7日晚上9时左右，其关好家里的门窗就睡觉了。到了第二天早上6点左右，发现家里的东西被翻过了，后来其就报警了。被偷200元左右的一元硬币和一个红包里的两张50元钱。这些钱是放在二楼卧室床下抽屉里的。 2．被害人黄某的陈述，证明：其家住在慈溪市逍林镇林西村。2014年7月13日晚上8时左右，其关好门从家里出去了。晚上10时左右，其回到家发现门被撬，放在二楼卧室里的一台黑色17寸联想笔记本电脑被偷了，于是其就报了警。 3．被害人任某的陈述，证明：其家住在慈溪市匡堰镇龙舌村。2014年8月3日下午2时30分许，其从家里出门去了外面。到了下午5时30分左右，其回到家里发现东西被偷了。被偷现金35000元左右，面值是100元的、也有几张50元面值的，1张1000元面值的港币，1张100面值的美元；一条24K女士黄金项链，带有一个绿色的吊坠，重8克左右；一个老凤祥的金鸡挂件，重2.92克；一副金耳环，因为耳环破了就在打金店打成一团金子了，重8克；一个小小的金花生和一粒小小的圆形金子，本来是一条红绳上的吊坠，现在分开了，品牌是老凤祥的，重2克左右。被偷的所有金器都放在主卧的衣柜里，一部分现金放在抽屉里，还有一部分现金放在衣柜的抽屉里。 4．辨认笔录及照片，证明：被告人杨某辨认出慈溪市匡堰镇龙舌村龙舌X号就是其实施盗窃的地点。 5．现场勘验笔录及现场照片，证明：本案案发现场的基本情况。其中，公安机关在现场勘查时，从慈溪市逍林镇林西村被害人周某家一楼车间北墙的窗栅上提取到指印一枚；从慈溪市逍林镇林西村被害人黄某家三楼北墙窗户的窗框上提取到指印一枚；从慈溪市匡堰镇龙舌村被害人任某家一楼朝南面西侧防盗窗栅上提取到指印一枚。 6．手印鉴定书，证明：公安机关从上述被害人周某家一楼车间北墙的窗栅上提取到的指印系被告人杨某左手环指所留；从被害人黄某家三楼北墙窗户的窗框上提取到的指印系被告人杨某左手食指所留；从被害人任某家一楼朝南面西侧防盗窗栅上提取到的指印系被告人杨某右手中指所留。 7．价格鉴定报告书，证明：涉案物品的价值情况。 8．抓获经过，证明：被告人杨某被抓获的经过情况。 9．身份证明，证明：被告人杨某的身份情况。 10．被告人杨某的供述，供认：2014年8月份的一天下午3点多的样子，其骑着电动自行车来到慈溪市匡堰老菜场附近的一住宅门口，看看没人路过，就从围墙爬上去沿着房子西侧一楼的防盗窗爬到二楼的阳台，二楼阳台的窗户是没有锁住的，上去之后其先进入东边后面的小房间，门是没有关住的，在小房间里没翻到东西。后来到西边前面的房间，门也是没锁的，在靠房间北面衣柜的抽屉内偷到一条黄金项链，后又在衣柜内偷到现金20000多元的样子，大部分是100元面值的，也有50元、20元、10元面值的，另外还有一张100元面值的美金，大概有三四张港币，港币面值是50元和20元的。另，其在庭审中供认实施了起诉书指控的三起盗窃，但在第一起盗窃中未窃得财物，在第三起盗窃中只窃得人民币20000元、100元美金及一些金器。 本院认为，被告人杨某以非法占有为目的，多次入户盗窃公民财物，数额较大，其行为已构成盗窃罪。公诉机关指控的罪名成立。对起诉书指控的第一起是否窃得现金、第三起窃得现金数额的问题，因起诉书的指控只有被害人周某、任某的陈述，无其他证据予以印证，被告人杨某亦不予认可，故从有利于被告人的角度，以被告人杨某的当庭供述就低认定。公诉机关指控被告人杨某有其他严重情节，本院不予支持。被告人杨某的相关辩解及辩护人周榴君的相关辩护意见，本院予以采纳。公诉机关的量刑建议偏重。被告人杨某的违法所得，继续予以追缴，退赔给相关被害人。据此，依照《中华人民共和国刑法》第二百六十四条、第六十四条之规定，判决如下： 一、被告人杨某犯盗窃罪，判处有期徒刑二年六个月，并处罚金人民币一万元。 （刑期从判决执行之日起计算。判决执行以前先行羁押的，羁押一日折抵刑期一日，即自2015年3月3日起至2017年9月2日止。并处的罚金限本判决生效后一个月内缴纳本院。） 二、被告人杨某的违法所得，继续予以追缴，退赔给相关被害人。 如不服本判决，可在接到判决书的第二日起十日内，通过本院或者直接向浙江省宁波市中级人民法院提出上诉。书面上诉的，应交上诉状正本一份，副本二份。 审判长王国强 人民陪审员虞忠杰 人民陪审员华丽萍 二〇一五年七月六日 书记员施燕君（代） 附： 《中华人民共和国刑法》相关条文 第六十四条犯罪分子违法所得的一切财物，应当予以追缴或者责令退赔；对被害人的合法财产，应当及时返还；违禁品和供犯罪所用的本人财物，应当予以没收。没收的财物和罚金，一律上缴国库，不得挪用和自行处理。 第二百六十四条盗窃公私财物，数额较大的，或者多次盗窃、入户盗窃、携带凶器盗窃、扒窃的，处三年以下有期徒刑、拘役或者管制，并处或者单处罚金；数额巨大或者有其他严重情节的，处三年以上十年以下有期徒刑，并处罚金；数额特别巨大或者有其他特别严重情节的，处十年以上有期徒刑或者无期徒刑，并处罚金或者没收财产。","writId":"0243d8833e522ffc3dbae3dbf27b063f326","writName":"杨某犯盗窃罪一审刑事判决书"}
