{"ajId":"92350a8d-227e-435d-a19a-12697b0772fc","ajName":"韦珩非法持有、私藏枪支罪一案","ajjbqk":" 原判认定：被告人韦某于2000年11月在本县道帏乡大力加山务工时，以200元价格从一名临夏人手中购买一支汽改小口径步枪。同年12月17日下午3时许，用该枪击伤村民邓某某后逃逸。2011年11月9日投案自首后，赔偿了被害人的医疗费等损失15000元。经青海省公安厅刑事科学技术研究管理中心鉴定：该枪具有致人伤亡能力。 原审法院认定上述犯罪事实的证据有经法庭质证、认证的如下证据： 1、循化撒拉族自治县公安局受理刑事案件登记表、报案材料及归案经过证实：2000年12月17日，循化县公安局值班室接到该县道帏乡起台堡村村民崔伟电话报案：“我村村民邓某某被村民韦某酒后用小口径步枪击伤左臂，送往医院治疗，请公安局调查处理”。受理后立为故意伤害立案侦查。2011年11月9日，被告人韦某到到该局投案自首。 2、被害人邓某某陈述称，2000年12月17日午饭后，在村委会大院围观别人下棋时，韦某酒后持一支改装的小口径步枪对我谩骂并开了一枪，击中我左臂后被送往医院。 3、证人赵某、张某某、彭某某证言：2000年12月17日下午3时许，在村委会大院，韦某持一支改装的小口径步枪打了邓春涛，击穿左小臂。后韦某的妹夫彭某某将枪夺下并交给张景智。 4、循化撒拉族自治县公安局现场勘验检查笔录证实：案发现场位于循化县道帏乡起台堡村村委会大院，现场发现两处凝固的血迹。 5、青海省公安厅刑事科学技术研究管理中心“公（青）鉴（痕）字（2012）024号枪弹鉴定书”证实：涉案小口径步枪具有致人伤亡的能力。 6、被告人韦某的供称，2000年12月17日下午3时许，我用汽改小口径步枪将道帏乡起台堡村的邓某某打伤后逃离。并称枪是2000年在大力架山务工时以200元从一个临夏人手中买的。2011年11月9日，到到循化撒拉族自治县公安局投案自首。 7、调解协议、收条及申请报告证实：2011年11月15日，被告人韦某与被害人邓春涛之女邓某秀达成赔偿、谅解协议，被告人韦某一次性赔付经济损失15000元。 原判认为，被告人韦某违反枪支管理规定，非法购买枪支擅自持有并造成严重后果，其行为已构成非法持有枪支罪，鉴于有自首情节以及赔偿了被害人亲属的经济损失，依法减轻处罚。依照《中华人民共和国刑法》第一百二十八条第一款、第六十七条第一款、第六十三条第一款和最高人民法院《关于审理非法制造、买卖、运输枪支、弹药、爆炸物等刑事案件具体应用法律若干问题的解释》第五条第一款第（二）项、第二款第（五）项、第八条第二、三款及最高人民法院、最高人民检察院、司法部《关于适用简易程序审理公诉案件的若干意见》第九条之规定，以非法持有枪支罪判处被告人韦某有期徒刑二年。 上诉人（原审被告人）韦某上诉称，1、原判以非法持有枪支并造成严重后果定性不准；2、上诉人具有从轻或减轻的法定及酌定量刑情节，原判量刑过重。请求对其免予刑事处罚。辩护人辩称，原判认定上诉人韦某非法持有枪支并造成严重后果定性不准；且具有自首和赔偿经济损失的法定和酌定的从轻、减轻的量刑情节，原判量刑过重，请求对上诉人从轻处罚并适用缓刑，并向法庭提交了对被告人社区矫正的报告。 经审理查明：原判认定上诉人韦某于2000年12月17日下午3时许，持改装的小口径步枪在本村村委会大院内击伤被害人左臂后在逃，后于2011年11月9日自首并赔偿被害人亲属经济损失15000元的事实清楚、证据充分，本院予以确认。 ","cpfxgc":"本院认为，上诉人韦某违反枪支管理的强制性规定，非法持有枪支并持枪伤人，其行为已构成非法持有枪支罪。原判认定上诉人韦某犯非法持有枪支罪的事实清楚、定性准确，审判程序合法，但认定其行为“造成严重后果”无事实依据，且量刑过重。上诉人及其辩护人的主要上诉理由和辩护理由成立，予以采纳。依照《中华人民共和国刑法》第一百二十八条第一款、第六十七条第一款、第七十二条第一款、第七十三条第二、三款和最高人民法院《关于审理非法制造、买卖、运输枪支、弹药、爆炸物等刑事案件具体应用法律若干问题的解释》第五条第一款第（一）项、第八条第二款，《中华人民共和国刑事诉讼法》第一百八十九条第一款第（二）、（三）项之规定，判决如下：","pjjg":" 一、维持循化撒拉族自治县人民法院（2012）循刑初字第31号刑事判决的定性部分； 二、撤销维持循化撒拉族自治县人民法院（2012）循刑初字第31号刑事判决的量刑部分； 三、上诉人被告人韦某犯非法持有枪支罪判处有期徒刑二年，缓刑三年。 （缓刑考验期限从判决确定之日起计算） 本判决为终审判决。","qw":"青海省海东地区中级人民法院 刑事判决书 （2013）东刑终字第8号 原公诉机关循化撒拉族自治县人民检察院。 上诉人（原审被告人）韦某，男，汉族，1958年12月15日出生于青海省循化撒拉族自治县，现在押。 辩护人王平，青海省恩泽律师事务所律师。 辩护人宋晶，青海省恩泽律师事务所律师。 循化撒拉族自治县人民法院审理循化撒拉族自治县人民检察院指控原审被告人韦某非法持有、私藏枪支罪一案，于二0一二年十一月二十二日作出（2012）循刑初字第31号刑事判决，以非法持有枪支罪判处原审被告人韦某有期徒刑二年。原审被告人韦某不服提出上诉。本院受理后，依法组成合议庭，听取了辩护人的意见，决定不开庭审理了本案。现已审理终结。 原判认定：被告人韦某于2000年11月在本县道帏乡大力加山务工时，以200元价格从一名临夏人手中购买一支汽改小口径步枪。同年12月17日下午3时许，用该枪击伤村民邓某某后逃逸。2011年11月9日投案自首后，赔偿了被害人的医疗费等损失15000元。经青海省公安厅刑事科学技术研究管理中心鉴定：该枪具有致人伤亡能力。 原审法院认定上述犯罪事实的证据有经法庭质证、认证的如下证据： 1、循化撒拉族自治县公安局受理刑事案件登记表、报案材料及归案经过证实：2000年12月17日，循化县公安局值班室接到该县道帏乡起台堡村村民崔伟电话报案：“我村村民邓某某被村民韦某酒后用小口径步枪击伤左臂，送往医院治疗，请公安局调查处理”。受理后立为故意伤害立案侦查。2011年11月9日，被告人韦某到到该局投案自首。 2、被害人邓某某陈述称，2000年12月17日午饭后，在村委会大院围观别人下棋时，韦某酒后持一支改装的小口径步枪对我谩骂并开了一枪，击中我左臂后被送往医院。 3、证人赵某、张某某、彭某某证言：2000年12月17日下午3时许，在村委会大院，韦某持一支改装的小口径步枪打了邓春涛，击穿左小臂。后韦某的妹夫彭某某将枪夺下并交给张景智。 4、循化撒拉族自治县公安局现场勘验检查笔录证实：案发现场位于循化县道帏乡起台堡村村委会大院，现场发现两处凝固的血迹。 5、青海省公安厅刑事科学技术研究管理中心“公（青）鉴（痕）字（2012）024号枪弹鉴定书”证实：涉案小口径步枪具有致人伤亡的能力。 6、被告人韦某的供称，2000年12月17日下午3时许，我用汽改小口径步枪将道帏乡起台堡村的邓某某打伤后逃离。并称枪是2000年在大力架山务工时以200元从一个临夏人手中买的。2011年11月9日，到到循化撒拉族自治县公安局投案自首。 7、调解协议、收条及申请报告证实：2011年11月15日，被告人韦某与被害人邓春涛之女邓某秀达成赔偿、谅解协议，被告人韦某一次性赔付经济损失15000元。 原判认为，被告人韦某违反枪支管理规定，非法购买枪支擅自持有并造成严重后果，其行为已构成非法持有枪支罪，鉴于有自首情节以及赔偿了被害人亲属的经济损失，依法减轻处罚。依照《中华人民共和国刑法》第一百二十八条第一款、第六十七条第一款、第六十三条第一款和最高人民法院《关于审理非法制造、买卖、运输枪支、弹药、爆炸物等刑事案件具体应用法律若干问题的解释》第五条第一款第（二）项、第二款第（五）项、第八条第二、三款及最高人民法院、最高人民检察院、司法部《关于适用简易程序审理公诉案件的若干意见》第九条之规定，以非法持有枪支罪判处被告人韦某有期徒刑二年。 上诉人（原审被告人）韦某上诉称，1、原判以非法持有枪支并造成严重后果定性不准；2、上诉人具有从轻或减轻的法定及酌定量刑情节，原判量刑过重。请求对其免予刑事处罚。辩护人辩称，原判认定上诉人韦某非法持有枪支并造成严重后果定性不准；且具有自首和赔偿经济损失的法定和酌定的从轻、减轻的量刑情节，原判量刑过重，请求对上诉人从轻处罚并适用缓刑，并向法庭提交了对被告人社区矫正的报告。 经审理查明：原判认定上诉人韦某于2000年12月17日下午3时许，持改装的小口径步枪在本村村委会大院内击伤被害人左臂后在逃，后于2011年11月9日自首并赔偿被害人亲属经济损失15000元的事实清楚、证据充分，本院予以确认。 本院认为，上诉人韦某违反枪支管理的强制性规定，非法持有枪支并持枪伤人，其行为已构成非法持有枪支罪。原判认定上诉人韦某犯非法持有枪支罪的事实清楚、定性准确，审判程序合法，但认定其行为“造成严重后果”无事实依据，且量刑过重。上诉人及其辩护人的主要上诉理由和辩护理由成立，予以采纳。依照《中华人民共和国刑法》第一百二十八条第一款、第六十七条第一款、第七十二条第一款、第七十三条第二、三款和最高人民法院《关于审理非法制造、买卖、运输枪支、弹药、爆炸物等刑事案件具体应用法律若干问题的解释》第五条第一款第（一）项、第八条第二款，《中华人民共和国刑事诉讼法》第一百八十九条第一款第（二）、（三）项之规定，判决如下： 一、维持循化撒拉族自治县人民法院（2012）循刑初字第31号刑事判决的定性部分； 二、撤销维持循化撒拉族自治县人民法院（2012）循刑初字第31号刑事判决的量刑部分； 三、上诉人被告人韦某犯非法持有枪支罪判处有期徒刑二年，缓刑三年。 （缓刑考验期限从判决确定之日起计算） 本判决为终审判决。 审判长祁昌生 代理审判员马明霆 代理审判员马晓辉 二〇一二年十二月三十一日 书记员才让","writId":"00771728e6367ef90d08acbd8fc298b4081","writName":"韦珩非法持有、私藏枪支罪二审刑事判决书"}
