{"ajId":"058449ba-e289-48d4-a048-d22d10ef3f07","ajName":"王某、曹某贪污一案","ajjbqk":" 公诉机关指控，被告人王某系济宁供电公司柳行供电所农电工，负责洸河新苑小区的用电管理、电费催缴等工作。2014年10月至2016年7月，被告人王某伙同洸河新苑物业原电工曹某，私自将瑜金湾超市的用电电线接入王某所管理的洸河新苑3号配电室公共分支箱内或者利用洸河物业的两块备供电表，从而绕开济宁供电公司正常的用电计量程序，将收取的瑜金湾超市所缴纳的电费不上交或部分上交济宁供电公司，二人截留并私分电费共计389791.28元。 为证实上述事实，公诉机关出示了以下证据证实：1．银行流水、户籍信息、抓获经过等书证；2．证人张某、顾某、胡某的证言；3．被告人王某、曹某的供述与辩解。公诉机关认为，被告人王某身为国家工作人员，伙同被告人曹某利用管理用电、电费催缴的职务便利，采用私接电线的方式窃电，侵吞应上缴的电费共计389791.28元，数额较大，其行为触犯了《中华人民共和国刑法》第九十三条、第三百八十二条，犯罪事实清楚，证据确实、充分，应当以贪污罪追究其刑事责任。 被告人王某当庭自愿认罪，其辩护人提出以下辩护意见：1、被告人王某投案后如实供述犯罪事实，系自首。2、被告人王某主观恶性较小。2、被告人王某到案如实供述同案犯犯罪事实，可以从轻处罚。3、被告人积极主动退还赃款，符合从轻处罚条件。4、被告人系初犯偶犯、无前科，可以从轻处罚。6、被告人王某在犯罪中的作用要小于同案犯曹某。 被告人曹某当庭自愿认罪，其辩护人提出以下辩护意见：1、被告人王某让曹某将2016年2月、4月、6月瑜金湾超市支付的电费68000元取出后，只将其中30708.72元上交供电公司，但对曹某称已将全部68000元上交供电公司。因此被告人曹某对68000元没有非法侵吞的故意，应将王某未上交的37291.28元从公诉机关指控的数额中予以扣减。涉嫌贪污的数额应为352500元。2、被告人曹某在共同犯罪中仅起到次要和辅助作用，应当认定为从犯，应当减轻、从轻或者免除处罚。3、被告人主动到案，如实供述犯罪事实，系自首，且积极退赔，可以减轻、从轻处罚。4、被告人曹某自愿认罪，且系初犯、偶犯，主动恶性较小。 经审理查明的事实与公诉机关指控的事实一致。 另查明，案发后，被告人王某退回赃款160000元，被告人曹某退回赃款194895.54元。 上述事实有以下证据证实： （一）书证 1、扣押物品、文件清单证实，被告人王某、曹某在侦查阶段各退赃16万。 2、王某与济宁光明电力服务有限责任公司签订的劳动合同及员工登记表、济宁供电公司高新区客户服务分中心出具证明、2014年1月至2017年7月员工考勤表、工薪酬考核明细表、员工绩效考核表、山东电力集团公司济宁供电公司登记申请书证实，被告人王某系济宁市光明电力服务有限责任公司员工，在柳行供电所负责催费及优质服务工作，管辖台区包括长虹小区、洸河新苑、金色兰庭等小区共49个配电室。 3、济宁供电公司高新客户服务（分）中心出具的《关于洸河新苑物业梯表电量异常事件的调查报告》证实，经调查发现洸河新苑电梯电缆被人为解除，表后实际为瑜金湾超市电缆用电。 4、曹某中国农业银行银行卡流水、收据三张、瑜金湾超市账本复印件证实，2014年11月至2016年7月期间，共收到瑜金湾超市转账共计441000元。其中扣除20500元房租费用，瑜金湾超市共向曹某支付电费420500元。 5、国家电网济宁高新客户服务中心调取的洸河新苑3#配电室（5号车库2区备供）、洸河新苑17号楼2单元（电梯2备供）两块电表的缴费情况，证实共缴纳电费30708.72元。 6、抓获经过证实，被告人王某于2017年8月1日在济宁市任城区喻吞镇永华手机通讯店被抓获。 7、户籍信息证实，被告人王某出生于1975年7月30日，曹某出生于1969年4月30日。 （二）证人证言 1、证人张某系柳行供电所所长证实，王某是柳行供电所农电工，具体负责电费催收、优质服务、电损治理等工作，洸河新苑属于其管辖范围。2016年3月份后，王某帮助洸河新苑的一家超市私接电线，把洸河新苑物业上的两块备供表接到配电室外面的分支箱下面，然后向超市按照每度电0.85元收取，按居民用电每度电0.55元左右向供电公司交电费，从中赚取差价。 2、证人顾某证言证实，其系瑜金湾商贸有限公司法人，曹某和王某在其超市的配电室安了三块电表，用来计量电表数。其将电费交给王某、曹某。 3、证人胡某证言证实，其系瑜金湾商贸公司会计，瑜金湾超市将电费交给王某、曹某，从2014年11月3日至2016年7月28日，共向曹某账户转账433000元，除去超市给曹某的房租和物业费以外，共向曹某转账电费共计420500元。 （三）被告人的供述与辩解 1、被告人王某供述证实，其系柳行供电所农电工，负责催收电费，台区的偷电等违约用电行为的查处等工作职责。2014年，其和曹某通过将瑜金湾超市的用电电线接入其所管理的洸河新苑3号配电室公共分支箱、利用洸河物业的两块备供电表私接电线的方式，绕开济宁供电公司正常的用电计量程序，将收取的瑜金湾超市所缴纳的电费389791.28元和曹某平分。 2、被告人曹某供述证实，其在洸河新苑物业负责小区住户的用电维修、水暖维修等工作。王某是柳行供电所的农电工。2014年其和王某将瑜金湾超市的电线直接接到了洸河新苑3号配电室公共分支箱下面，每月20号左右，其和王某去瑜金湾抄表收电费。2015年年底因用电普查，王某又将瑜金湾超市的两块电表接到了洸河新苑的物业上的两块备供表上。共收取电费420500元。 （四）现场勘验笔录 济宁市公安局高新区分局现场勘验笔录证实，侦查人员对洸河新苑17号楼2单元处的案发现场进行了勘验，发现现场有一电表柜，内部电表被盗。 （五）辨认笔录 济宁市公安局高新区分局辨认笔录证实，顾某于2016年9月3日辨认出瑜金湾超市自2014年11月份所用电费都是由曹某和王某进行抄表，经其辨认7号男子系被告人曹某。 以上证据经法庭质证、查实，予以确认。 ","cpfxgc":"本院认为，被告人王某以非法占有为目的，在受国有公司委托管理国有财产的过程中，侵吞上缴的电费共计389791.28元，其行为构成贪污罪。被告人曹某与王某勾结，利用王某的职务便利，共同侵吞国有财产，其行为构成贪污罪。公诉机关的指控事实清楚，证据确实、充分，定性正确，予以支持。二被告人具有共同侵吞国有财产的犯罪故意，故应对共同侵吞的财产数额承担责任，故对曹某辩护人提出的将王某未上交的37291.28元予以扣减的辩护意见不予支持。被告人王某当庭自愿认罪，且退赔部分违法所得，可以酌情从轻处罚。被告人曹某在案发后主动投案，如实供述犯罪事实，系自首，且已退赔违法所得，可以酌情从轻处罚。对辩护人的上述辩护意见予以采纳。对被告人曹某适用缓刑对居住社区无重大不良影响，可对其宣告缓刑。据此，依据《中华人民共和国刑法》第三百八十二条、第六十七条第一款、第五十二条、第五十三条、第七十二条、第七十三条、第六十四条的规定，判决如下：","pjjg":" 一、被告人王某犯贪污罪，判处有期徒刑三年，并处罚金人民币二十万元。（刑期自判决执行之日起计算。判决执行以前先行羁押的，羁押一日折抵刑期一日，即自2017年8月1日起至2020年7月31日止。罚金限判决生效后十日内缴纳。） 二、被告人曹某犯贪污罪，判处有期徒刑三年，缓刑三年，并处罚金二十万元。（刑期自判决确定之日起计算。罚金已缴纳。） 三、继续追缴被告人王某的违法所得34895.64元。 如不服本判决，可在接到判决书的第二日起十日内，通过本院或者直接向济宁市中级人民法院提出上诉。书面上诉的，应当提交上诉状正本一份，副本两份。","qw":"山东省济宁高新技术产业开发区人民法院 刑事判决书 （2017）鲁0891刑初155号 公诉机关济宁高新技术产业开发区人民检察院。 被告人王某，男，1975年7月30日出生于济宁市任城区，汉族，中专文化，原系济宁供电局高新客户分中心柳行供电所电工，户籍所在地济宁市任城区，住济宁市任城区。因涉嫌犯盗窃罪，于2016年12月16日被济宁市公安局高新技术产业开发区分局取保候审，2017年8月1日被济宁市公安局高新技术产业开发区分局刑事拘留，同年8月10日被逮捕。 辩护人魏鲁宁，山东文思达律师事务所律师。 被告人曹某，男，1969年4月30日出生于济宁高新区，汉族，小学文化，2013年至2015年系洸河新苑东方物业电工，户籍所在地济宁高新区，住济宁市高新区。因涉嫌犯盗窃罪，于2016年12月16日被济宁市公安局高新技术产业开发区分局取保候审，2017年8月14日被济宁高新技术产业开发区人民检察院取保候审。 辩护人王建设、余慧敏（实习），山东民桥律师事务所律师。 济宁高新技术产业开发区人民检察院以济高新检公刑诉［2017］152号起诉书指控被告人王某、曹某犯贪污罪，于2017年11月2日向本院提起公诉。本院于当日立案，依法组成合议庭，于2017年12月6日公开开庭审理了本案。济宁高新技术产业开发区人民检察院指派检察员张艳出庭支持公诉，上列被告人及其辩护人到庭参加诉讼。现已审理终结。 公诉机关指控，被告人王某系济宁供电公司柳行供电所农电工，负责洸河新苑小区的用电管理、电费催缴等工作。2014年10月至2016年7月，被告人王某伙同洸河新苑物业原电工曹某，私自将瑜金湾超市的用电电线接入王某所管理的洸河新苑3号配电室公共分支箱内或者利用洸河物业的两块备供电表，从而绕开济宁供电公司正常的用电计量程序，将收取的瑜金湾超市所缴纳的电费不上交或部分上交济宁供电公司，二人截留并私分电费共计389791.28元。 为证实上述事实，公诉机关出示了以下证据证实：1．银行流水、户籍信息、抓获经过等书证；2．证人张某、顾某、胡某的证言；3．被告人王某、曹某的供述与辩解。公诉机关认为，被告人王某身为国家工作人员，伙同被告人曹某利用管理用电、电费催缴的职务便利，采用私接电线的方式窃电，侵吞应上缴的电费共计389791.28元，数额较大，其行为触犯了《中华人民共和国刑法》第九十三条、第三百八十二条，犯罪事实清楚，证据确实、充分，应当以贪污罪追究其刑事责任。 被告人王某当庭自愿认罪，其辩护人提出以下辩护意见：1、被告人王某投案后如实供述犯罪事实，系自首。2、被告人王某主观恶性较小。2、被告人王某到案如实供述同案犯犯罪事实，可以从轻处罚。3、被告人积极主动退还赃款，符合从轻处罚条件。4、被告人系初犯偶犯、无前科，可以从轻处罚。6、被告人王某在犯罪中的作用要小于同案犯曹某。 被告人曹某当庭自愿认罪，其辩护人提出以下辩护意见：1、被告人王某让曹某将2016年2月、4月、6月瑜金湾超市支付的电费68000元取出后，只将其中30708.72元上交供电公司，但对曹某称已将全部68000元上交供电公司。因此被告人曹某对68000元没有非法侵吞的故意，应将王某未上交的37291.28元从公诉机关指控的数额中予以扣减。涉嫌贪污的数额应为352500元。2、被告人曹某在共同犯罪中仅起到次要和辅助作用，应当认定为从犯，应当减轻、从轻或者免除处罚。3、被告人主动到案，如实供述犯罪事实，系自首，且积极退赔，可以减轻、从轻处罚。4、被告人曹某自愿认罪，且系初犯、偶犯，主动恶性较小。 经审理查明的事实与公诉机关指控的事实一致。 另查明，案发后，被告人王某退回赃款160000元，被告人曹某退回赃款194895.54元。 上述事实有以下证据证实： （一）书证 1、扣押物品、文件清单证实，被告人王某、曹某在侦查阶段各退赃16万。 2、王某与济宁光明电力服务有限责任公司签订的劳动合同及员工登记表、济宁供电公司高新区客户服务分中心出具证明、2014年1月至2017年7月员工考勤表、工薪酬考核明细表、员工绩效考核表、山东电力集团公司济宁供电公司登记申请书证实，被告人王某系济宁市光明电力服务有限责任公司员工，在柳行供电所负责催费及优质服务工作，管辖台区包括长虹小区、洸河新苑、金色兰庭等小区共49个配电室。 3、济宁供电公司高新客户服务（分）中心出具的《关于洸河新苑物业梯表电量异常事件的调查报告》证实，经调查发现洸河新苑电梯电缆被人为解除，表后实际为瑜金湾超市电缆用电。 4、曹某中国农业银行银行卡流水、收据三张、瑜金湾超市账本复印件证实，2014年11月至2016年7月期间，共收到瑜金湾超市转账共计441000元。其中扣除20500元房租费用，瑜金湾超市共向曹某支付电费420500元。 5、国家电网济宁高新客户服务中心调取的洸河新苑3#配电室（5号车库2区备供）、洸河新苑17号楼2单元（电梯2备供）两块电表的缴费情况，证实共缴纳电费30708.72元。 6、抓获经过证实，被告人王某于2017年8月1日在济宁市任城区喻吞镇永华手机通讯店被抓获。 7、户籍信息证实，被告人王某出生于1975年7月30日，曹某出生于1969年4月30日。 （二）证人证言 1、证人张某系柳行供电所所长证实，王某是柳行供电所农电工，具体负责电费催收、优质服务、电损治理等工作，洸河新苑属于其管辖范围。2016年3月份后，王某帮助洸河新苑的一家超市私接电线，把洸河新苑物业上的两块备供表接到配电室外面的分支箱下面，然后向超市按照每度电0.85元收取，按居民用电每度电0.55元左右向供电公司交电费，从中赚取差价。 2、证人顾某证言证实，其系瑜金湾商贸有限公司法人，曹某和王某在其超市的配电室安了三块电表，用来计量电表数。其将电费交给王某、曹某。 3、证人胡某证言证实，其系瑜金湾商贸公司会计，瑜金湾超市将电费交给王某、曹某，从2014年11月3日至2016年7月28日，共向曹某账户转账433000元，除去超市给曹某的房租和物业费以外，共向曹某转账电费共计420500元。 （三）被告人的供述与辩解 1、被告人王某供述证实，其系柳行供电所农电工，负责催收电费，台区的偷电等违约用电行为的查处等工作职责。2014年，其和曹某通过将瑜金湾超市的用电电线接入其所管理的洸河新苑3号配电室公共分支箱、利用洸河物业的两块备供电表私接电线的方式，绕开济宁供电公司正常的用电计量程序，将收取的瑜金湾超市所缴纳的电费389791.28元和曹某平分。 2、被告人曹某供述证实，其在洸河新苑物业负责小区住户的用电维修、水暖维修等工作。王某是柳行供电所的农电工。2014年其和王某将瑜金湾超市的电线直接接到了洸河新苑3号配电室公共分支箱下面，每月20号左右，其和王某去瑜金湾抄表收电费。2015年年底因用电普查，王某又将瑜金湾超市的两块电表接到了洸河新苑的物业上的两块备供表上。共收取电费420500元。 （四）现场勘验笔录 济宁市公安局高新区分局现场勘验笔录证实，侦查人员对洸河新苑17号楼2单元处的案发现场进行了勘验，发现现场有一电表柜，内部电表被盗。 （五）辨认笔录 济宁市公安局高新区分局辨认笔录证实，顾某于2016年9月3日辨认出瑜金湾超市自2014年11月份所用电费都是由曹某和王某进行抄表，经其辨认7号男子系被告人曹某。 以上证据经法庭质证、查实，予以确认。 本院认为，被告人王某以非法占有为目的，在受国有公司委托管理国有财产的过程中，侵吞上缴的电费共计389791.28元，其行为构成贪污罪。被告人曹某与王某勾结，利用王某的职务便利，共同侵吞国有财产，其行为构成贪污罪。公诉机关的指控事实清楚，证据确实、充分，定性正确，予以支持。二被告人具有共同侵吞国有财产的犯罪故意，故应对共同侵吞的财产数额承担责任，故对曹某辩护人提出的将王某未上交的37291.28元予以扣减的辩护意见不予支持。被告人王某当庭自愿认罪，且退赔部分违法所得，可以酌情从轻处罚。被告人曹某在案发后主动投案，如实供述犯罪事实，系自首，且已退赔违法所得，可以酌情从轻处罚。对辩护人的上述辩护意见予以采纳。对被告人曹某适用缓刑对居住社区无重大不良影响，可对其宣告缓刑。据此，依据《中华人民共和国刑法》第三百八十二条、第六十七条第一款、第五十二条、第五十三条、第七十二条、第七十三条、第六十四条的规定，判决如下： 一、被告人王某犯贪污罪，判处有期徒刑三年，并处罚金人民币二十万元。（刑期自判决执行之日起计算。判决执行以前先行羁押的，羁押一日折抵刑期一日，即自2017年8月1日起至2020年7月31日止。罚金限判决生效后十日内缴纳。） 二、被告人曹某犯贪污罪，判处有期徒刑三年，缓刑三年，并处罚金二十万元。（刑期自判决确定之日起计算。罚金已缴纳。） 三、继续追缴被告人王某的违法所得34895.64元。 如不服本判决，可在接到判决书的第二日起十日内，通过本院或者直接向济宁市中级人民法院提出上诉。书面上诉的，应当提交上诉状正本一份，副本两份。 审判长孔旭 审判员周喜凤 人民陪审员沈珠蛟 二〇一八年二月二日 书记员张盼盼","writId":"02490f2a057017c040e8012eaa26c6dbeda","writName":"王某、曹某贪污一审刑事判决书"}
