{"ajId":"6b67f784-dc88-4213-9d2e-c1202160b512","ajName":"林诗若故意伤害罪一案","ajjbqk":" 经审理查明：2010年11月12日17时许，被告人林某某及袁某某、谢某某、林某某（均已判刑）在临高县博厚镇绿色网吧楼下看到被害人曾某某，林某某、袁某某等人便骑摩托车拦截曾某某并将其带到博厚镇田善坡巨能石场后面的树林里，被告人林某某等四人分别持刀、木棍将曾某某殴打致伤。经临高县公安司法鉴定中心鉴定：被害人曾某某所受损伤属重伤。 根据最高人民法院《关于审理未成年人刑事案件的若干规定》的规定，在法庭审理过程中，本院了解到，被告人法律意识淡薄，结交不良朋友，同时父母管教不严，最后导致被告人走向犯罪。 另查明：被告人林某某出生于1996年1月24日，案发后已赔偿人民币7000元，。 上述事实，被告人在开庭审理过程中亦无异议。并有如下证据证实： 一、被害人曾某某的陈述证实，（1）2010年11月12日18时左右，我在博厚镇田善坡巨能石场后面的树林里被多人持刀、斧、木棍殴打致伤。后来被家人送往海南农垦医院救治。（2）曾某某的辨认笔录分别证实，袁某某、谢某某、林某某就是其中参与殴打并持木棍打他的人。 二、证人苏某某、陈某某的证言均证实，（1）2010年11月12日18时左右，在博厚镇粮所后面的公路上曾某某被袁某某等人拦截并被带走，随后他们就报警，经寻找曾某某的下落未果后，次日博厚边防派出所传唤调查才知道曾某某被打伤。（2）苏某某、陈某某的辨认笔录均证实，袁某某就是强行带走曾某某的人之一。 三、同案犯谢某某、林某某、袁某某对起诉书指控的事实均供认不讳。 四、临高县人民法院（2011）临刑初字第83号刑事判决书确认了上述事实。 五、海南省临高县公安局琼临公鉴法字（2010）246号法医学人体损伤程度鉴定书结论：曾某某所受损伤属重伤。 六、临高县公安局博厚边防派出所《常住人口查询》证实，被告人林某某出生于1996年1月24日。 七、被害人曾某某请求书证实被告人已赔偿人民币7000元，请求对被告人不再追究刑事责任或判处缓刑。 此外还有现场勘察笔录、现场平面图、现场照片等证据证实，上述证据均经庭审质证，足以认定。 ","cpfxgc":"本院认为：被告人林某某目无国法，持械参与故意伤害他人致重伤，其行为构成故意伤害罪，公诉机关指控罪名成立。鉴于被告人林某某犯罪时未满18周岁，依法可以从轻或者减轻处罚。被告人林某某归案后能如实供述罪行，应认定为坦白，被告人赔偿被害人经济损失7000元，得到被害人的谅解，综上情节，决定对被告人林某某依法减轻判处。根据《中华人民共和国刑法》第二百三十四条第一款、第十七条第三款、第六十七条第三款之规定，经本院审判委员会讨论决定，判决如下：","pjjg":" 被告人林某某犯故意伤害罪，判处有期徒刑二年缓刑三年。 （缓刑考验期限，从判决确定之日起计算） 如不服本判决，可在接到本判决书的第二日起十日内，通过本院或者直接向海南省第二中级人民法院提出上诉。书面上诉的，应当提交上诉状正本一份，副本七份。","qw":"海南省临高县人民法院 刑事判决书 （2015）临刑初字第10号 公诉机关临高县人民检察院。 被告人林某某，男，汉族，初中文化。因涉嫌故意伤害罪于2014年8月21日被逮捕。现羁押在临高县看守所。 法定代理人林某甲，男。系被告人林某某的父亲。 辩护人王某某，海南肖明德律师事务所律师。 临高县人民检察院以临检未检公刑诉（2015）13号起诉书指控被告人林某某犯故意伤害罪，于2014年12月22日向本院提起公诉。本院依法组成合议庭，不公开开庭审理了本案。临高县人民检察院指派代理检察员关琦出庭支持公诉，被告人林某某及其法定代理人林某甲、辩护人王某某到庭参加诉讼。现已审理终结。 经审理查明：2010年11月12日17时许，被告人林某某及袁某某、谢某某、林某某（均已判刑）在临高县博厚镇绿色网吧楼下看到被害人曾某某，林某某、袁某某等人便骑摩托车拦截曾某某并将其带到博厚镇田善坡巨能石场后面的树林里，被告人林某某等四人分别持刀、木棍将曾某某殴打致伤。经临高县公安司法鉴定中心鉴定：被害人曾某某所受损伤属重伤。 根据最高人民法院《关于审理未成年人刑事案件的若干规定》的规定，在法庭审理过程中，本院了解到，被告人法律意识淡薄，结交不良朋友，同时父母管教不严，最后导致被告人走向犯罪。 另查明：被告人林某某出生于1996年1月24日，案发后已赔偿人民币7000元，。 上述事实，被告人在开庭审理过程中亦无异议。并有如下证据证实： 一、被害人曾某某的陈述证实，（1）2010年11月12日18时左右，我在博厚镇田善坡巨能石场后面的树林里被多人持刀、斧、木棍殴打致伤。后来被家人送往海南农垦医院救治。（2）曾某某的辨认笔录分别证实，袁某某、谢某某、林某某就是其中参与殴打并持木棍打他的人。 二、证人苏某某、陈某某的证言均证实，（1）2010年11月12日18时左右，在博厚镇粮所后面的公路上曾某某被袁某某等人拦截并被带走，随后他们就报警，经寻找曾某某的下落未果后，次日博厚边防派出所传唤调查才知道曾某某被打伤。（2）苏某某、陈某某的辨认笔录均证实，袁某某就是强行带走曾某某的人之一。 三、同案犯谢某某、林某某、袁某某对起诉书指控的事实均供认不讳。 四、临高县人民法院（2011）临刑初字第83号刑事判决书确认了上述事实。 五、海南省临高县公安局琼临公鉴法字（2010）246号法医学人体损伤程度鉴定书结论：曾某某所受损伤属重伤。 六、临高县公安局博厚边防派出所《常住人口查询》证实，被告人林某某出生于1996年1月24日。 七、被害人曾某某请求书证实被告人已赔偿人民币7000元，请求对被告人不再追究刑事责任或判处缓刑。 此外还有现场勘察笔录、现场平面图、现场照片等证据证实，上述证据均经庭审质证，足以认定。 本院认为：被告人林某某目无国法，持械参与故意伤害他人致重伤，其行为构成故意伤害罪，公诉机关指控罪名成立。鉴于被告人林某某犯罪时未满18周岁，依法可以从轻或者减轻处罚。被告人林某某归案后能如实供述罪行，应认定为坦白，被告人赔偿被害人经济损失7000元，得到被害人的谅解，综上情节，决定对被告人林某某依法减轻判处。根据《中华人民共和国刑法》第二百三十四条第一款、第十七条第三款、第六十七条第三款之规定，经本院审判委员会讨论决定，判决如下： 被告人林某某犯故意伤害罪，判处有期徒刑二年缓刑三年。 （缓刑考验期限，从判决确定之日起计算） 如不服本判决，可在接到本判决书的第二日起十日内，通过本院或者直接向海南省第二中级人民法院提出上诉。书面上诉的，应当提交上诉状正本一份，副本七份。 审判长莫正贤 人民陪审员陈振勇 人民陪审员陈建扬 二〇一五年四月十日 书记员柯莉珍","writId":"046b891743604b879c96449c1acc71e4195","writName":"林诗若故意伤害罪刑事判决书"}
