{"ajId":"6628ad8b-1fb9-42c8-9ea0-e587c0b4fe22","ajName":"臧显峰诈骗罪一案","ajjbqk":" 子长县人民检察院指控，2014年5月份左右，被告人臧显峰在上海市上海善藏文化传播有限公司工作期间，主要负责业务向社会推销收藏现代工艺品，该公司推出一款“乾坤大有”的收藏品，臧显峰作为业务员就通过电话给被害人贺某某推销“乾坤大有”产品，并告诉贺某某这款“乾坤大有”产品的价格为138000元，臧显峰以公司领导同意签字和收藏者是不是上海户口为由，将该产品公司实际定价为88000元的“乾坤大有”收藏品以138000元的价格卖给贺某某，臧显峰从中骗取贺某某50000元，2014年12月份，臧显峰在被公司解除劳动关系的情况下，又给贺某某打电话以找拍卖公司报名拍卖“乾坤大有”产品，需要钱为借口向贺某某索要70000元现金，贺某某给其提供银行账号为＊＊＊打入62000元现金，贺某某打电话多次催促，臧显峰一直推脱说在联系拍卖公司，但根据调查臧显峰并没有实际联系拍卖公司给贺某某拍卖收藏品，后贺某某给上海市上海善藏文化传播有限公司打电话询问情况，公司说臧显峰已被解除劳动关系离开了，之后，贺某某无法联系上臧显峰。据此认为，被告人臧显峰诈骗金额112000元，数额巨大，其行为触犯了《中华人民共和国刑法》第二百六十六条之规定，构成诈骗罪，本案系漏罪，应当数罪并罚，请依法判处。 被告人臧显峰对起诉书指控的犯罪事实无异议，未作辩解。 经审理查明，2014年5月份左右，被告人臧显峰在上海市上海善藏文化传播有限公司工作期间，主要负责向社会推销现代工艺收藏品，该公司当时推出一款“乾坤大有四灵宝印”的收藏品，臧显峰作为业务员通过电话给被害人贺某某推销该产品，将该产品公司实际定价为88000元的“乾坤大有四灵宝印”收藏品以138000元的价格卖给贺某某，臧显峰将多卖的50000元据为己有，2014年12月，臧显峰联系贺某某以找拍卖公司报名拍卖“乾坤大有四灵宝印”藏品需要钱为借口向贺某某索要70000元现金，贺某某给其提供的账号为＊＊＊银行卡打入现金62000元，后贺某某多次打电话催促，臧显峰一直以正在联系拍卖公司为由推脱，后贺某某给上海善藏文化传播有限公司打电话询问情况，该公司说臧显峰已被解除劳动关系离开了，贺某某在无法联系上臧显峰后于2015年7月31日向子长县公安局报案，臧显峰于2016年8月12日退还贺某某132000元（含拍卖保证金62000元、工艺收藏品多收差价50000元，交通费20000元），取得被害人贺某某谅解，臧显峰于2016年9月1日到子长县公安局投案自首。 另查明，臧显峰于2016年4月29日因犯诈骗罪、寻衅滋事罪被上海市奉贤区人民法院判处有期徒刑三年，宣告缓刑三年，并处罚金280000元。 经当庭举证、质证、认证，认定上述事实的证据有： 1、受案登记表、立案决定书及归案情况说明证实，2015年7月31日下午15时许，贺某某向子长县公安局报案，其在2014年下半年因为购买收藏品，被安徽籍男子臧显峰骗取112000元，当日，子长县公安局决定对贺某某被诈骗一案立案侦查，2016年6月13日将臧显峰列为上网追逃对象，同年9月1日，臧显峰到子长县公安局投案自首。 2、被告人臧显峰供述证实，2014年5月份左右，他工作的上海市上海善藏文化传播有限公司推出一款“乾坤大有四灵宝印”的收藏品，他作为业务员通过电话给陕西省的贺某某推销该产品，并告知其该收藏品的价格是138000元，其实公司的真实定价是88000元，贺某某同意收藏后，他告诉贺某某必须先给他打50000元定金，他才可以向公司申请产品及领导签字，之后贺某某给他打款50000元，他向公司申请了一款“乾坤大有”的产品，并以快递的形式发给贺某某，贺某某收到产品后给公司又支付了88000元，过了几个月，他联系贺某某称找拍卖公司报名拍卖“乾坤大有四灵宝印”藏品需要报名费70000元，贺某某给他提供的银行卡号打入62000元，他答应为贺某某办理拍卖公司报名和其他相关事项，后贺某某多次给他打电话催促，他一直以正在联系拍卖公司为由推脱，其实他没有办理这个事情的能力，2016年8月份的时候，他得知公安机关以诈骗将他通缉了，他主动到子长县公安机关自首了。 3、被害人贺某某陈述证实，2013年开始，她就开始陆续收藏一些藏品，上海公司里有一个叫臧显峰的顾问一直和她联系，她觉得那个小伙子还不错，有一天，臧显峰给她打电话推销“乾坤大有四灵宝印”藏品，说是沈庚华大师亲手雕刻的，且只卖给上海人，因为她没有上海户口就要先交50000元的定金，她就给臧显峰提供的账户打了50000元，过了不久，她又花了88000元把四灵宝印买到手了，但是和货一起回来的货单是80000多，她就感觉上当了但是也没有办法，到了12月份，她给臧显峰打电话咨询看是否有人想买她的收藏品，臧显峰说拍卖需要70000元钱，因为她当时只有62000元就全部打给臧显峰了，但是一直到现在，臧显峰也没有办好这件事，她就给公司打电话，公司回应称臧显峰已经离开公司了。 4、证人韩某某证言证实，他是上海市上海善藏文化传播公司高级行政总监，他们公司主要通过电视购物的形式向消费者推荐销售产品，但是没有负责拍卖收藏品的业务，公司有一批专门销售工作人员，以前确实有一个负责销售的员工叫臧显峰，后来被他们辞退了，公司以前确实卖过“乾坤大有”收藏品，统一定价为88000元，公司不允许员工个人私下里和客户联系，臧显峰的事情他们听说了，但这是臧显峰的个人行为。 5、证人李某某证言证实，她是上海善藏文化传播有限公司董事长助理，2015年的时候，陕西省的贺某某来到她们公司说是以138000元的价格购买了“乾坤大有”产品，并提供了打款记录，她当时就发现其中有50000元是打给臧显峰的，她就告诉贺某某被臧显峰骗了，建议贺某某报警，当时臧显峰已经从公司离职了，公司曾书面向职工公示此事，引以为戒。 6、中国邮政储蓄银行账户交易明细及汇款收据证实，贺某某分别于2014年8月12日、2014年12月30日向臧显峰打款50000元和62000元。 7、中国邮政储蓄银行户名为臧显峰的账户交易明细证实，该账户分别于2014年8月12日、2014年12月30日收到陕西省子长县支行及网点打款50000元和62000元。 8、中国农业银行网上银行电子回单证实，贺某某于2014年8月14日向原“指引收藏”公司股东郑梅娣尾号为“3374”的银行账号打款88000元。 9、上海市闸北区市场监督管理局准予注销登记通知书、上海善藏文化传播公司证明证实，上海蓄锋实业有限公司执照因未年检于2015年7月30日被上海市闸北区市场监督管理局注销，郑梅娣系原上海蓄锋实业有限公司股东，其银行账户因保留老客户关系转让给上海善藏文化传播公司作为收取定金和货款的专用账户，其所收款项均纳入上海善藏文化传播公司财务统一管理。 10、入职申请表、身份证复印件、保密协议、劳动合同、员工基本信息登记表、员工离职审批表及重要公示证实，臧显峰于2012年4月21日至2015年3月31日就职于上海蓄锋实业有限公司和上海市上海善藏文化传播有限公司，该公司将臧显峰违规事宜向公司员工公示。 11、营业执照证实，上海善藏文化传播有限公司法定代表人、营业期限、经营范围等工商登记信息，该公司不办理收藏品拍卖业务。 12、协议书、领条及谅解书证实，2016年8月9日，臧显峰家属与被害人达成退款协议，同年8月12日，被害人贺某某收到臧显峰退款132000元（含拍卖保证金62000元、工艺收藏品多收差价50000元，交通费20000元），当日，贺某某对臧显峰的行为表示谅解。 13、上海市奉贤区人民法院（2015）奉刑初字第2055号刑事判决书证实，臧显峰因涉嫌寻衅滋事罪于2015年1月28日被刑事拘留，同年2月12日被取保候审，因涉嫌犯诈骗罪于2015年6月12日被刑事拘留，同年7月1日被逮捕，于2016年4月29日因犯诈骗罪判处有期徒刑三年，并处罚金人民币280000元，犯寻衅滋事罪，判处拘役四个月，决定执行有期徒刑三年，宣告缓刑三年，并处罚金人民币280000元。 14、上海市奉贤区人民法院释放通知书及奉贤区看守所释放证明书、臧显峰于2016年4月29日因被判处缓刑释放。 15、常住人口信息查询证实，臧显峰生于1992年7月4日。 上述证据相互印证，相互关联，足以定案。 ","cpfxgc":"本院认为，被告人臧显峰以非法占有为目的，采用虚构事实、隐瞒真相的方法骗取他人现金62000元，数额巨大，其行为已触犯《中华人民共和国刑法》第二百六十六条之规定，构成诈骗罪，子长县人民检察院指控其所犯罪名成立。被告人臧显峰将公司统一定价为88000的收藏品以138000元的价格卖给被害人，获利50000元，属个人商品交易行为，不具备诈骗罪的构成要件，该行为不应认定为诈骗，故公诉机关对该笔款项的指控不予支持。被告人臧显峰在缓刑考验期限内发现判决宣告以前还有其他罪没有判决，应当撤销缓刑，实行数罪并罚。被告人臧显峰案发后主动向公安机关投案，如实供述自己的罪行，是自首，可以减轻处罚，其家属积极退赔了被害人的各项经济损失，取得了被害人谅解，其当庭自愿认罪，可以酌情从轻处罚。依照《中华人民共和国刑法》第二百六十六条、第六十七条第一款、第六十九条、第七十七条、第五十二条、第五十三条之规定，判决如下：","pjjg":" 一、撤销上海市奉贤区人民法院（2015）奉刑初字第2055号刑事判决书第二项判决内容中对被告人臧显峰宣告缓刑的部分。 二、被告人臧显峰犯诈骗罪，判处有期徒刑一年六个月，并处罚金50000元，与上海市奉贤区人民法院（2015）奉刑初字第2055号刑事判决书对被告人臧显峰犯诈骗罪、寻衅滋事罪，判处有期徒刑三年，并处罚金人民币280000元，合并刑期为有期徒刑四年六个月，并处罚金人民币330000元，决定执行刑期为有期徒刑四年（刑期从判决执行之日起计算；判决执行前先行羁押的，羁押一日折抵刑期一日，即从2017年4月14日起至2019年9月27日止），并处罚金人民币330000元（其中280000元罚金已缴纳原审法院，另50000元罚金限判决生效后十日内缴纳）。 如不服本判决，可在接到判决书的第二日起十日内，通过本院或直接上诉于陕西省延安市中级人民法院。书面上诉的，应交上诉状正本一份，副本三份。","qw":"陕西省子长县人民法院 刑事判决书 （2017）陕0623刑初8号 公诉机关子长县人民检察院。 被告人臧显峰，曾用名臧言峰，男，汉族。2016年4月29日因犯诈骗罪、寻衅滋事罪被上海市奉贤区人民法院判处有期徒刑三年，宣告缓刑三年，并处罚金280000元，2016年9月1日因涉嫌犯诈骗罪被子长县公安局刑事拘留，2016年9月29日经子长县人民检察院批准被依法执行逮捕，现羁押于子长县看守所。 子长县人民检察院以子长县院诉刑诉（2017）5号起诉书指控被告人臧显峰犯诈骗罪向本院提起公诉。本院受理后，依法组成合议庭公开开庭审理了本案，子长县人民检察院指派代理检察员杨怀出庭支持公诉，被告人臧显峰到庭参加了诉讼。现已审理终结。 子长县人民检察院指控，2014年5月份左右，被告人臧显峰在上海市上海善藏文化传播有限公司工作期间，主要负责业务向社会推销收藏现代工艺品，该公司推出一款“乾坤大有”的收藏品，臧显峰作为业务员就通过电话给被害人贺某某推销“乾坤大有”产品，并告诉贺某某这款“乾坤大有”产品的价格为138000元，臧显峰以公司领导同意签字和收藏者是不是上海户口为由，将该产品公司实际定价为88000元的“乾坤大有”收藏品以138000元的价格卖给贺某某，臧显峰从中骗取贺某某50000元，2014年12月份，臧显峰在被公司解除劳动关系的情况下，又给贺某某打电话以找拍卖公司报名拍卖“乾坤大有”产品，需要钱为借口向贺某某索要70000元现金，贺某某给其提供银行账号为＊＊＊打入62000元现金，贺某某打电话多次催促，臧显峰一直推脱说在联系拍卖公司，但根据调查臧显峰并没有实际联系拍卖公司给贺某某拍卖收藏品，后贺某某给上海市上海善藏文化传播有限公司打电话询问情况，公司说臧显峰已被解除劳动关系离开了，之后，贺某某无法联系上臧显峰。据此认为，被告人臧显峰诈骗金额112000元，数额巨大，其行为触犯了《中华人民共和国刑法》第二百六十六条之规定，构成诈骗罪，本案系漏罪，应当数罪并罚，请依法判处。 被告人臧显峰对起诉书指控的犯罪事实无异议，未作辩解。 经审理查明，2014年5月份左右，被告人臧显峰在上海市上海善藏文化传播有限公司工作期间，主要负责向社会推销现代工艺收藏品，该公司当时推出一款“乾坤大有四灵宝印”的收藏品，臧显峰作为业务员通过电话给被害人贺某某推销该产品，将该产品公司实际定价为88000元的“乾坤大有四灵宝印”收藏品以138000元的价格卖给贺某某，臧显峰将多卖的50000元据为己有，2014年12月，臧显峰联系贺某某以找拍卖公司报名拍卖“乾坤大有四灵宝印”藏品需要钱为借口向贺某某索要70000元现金，贺某某给其提供的账号为＊＊＊银行卡打入现金62000元，后贺某某多次打电话催促，臧显峰一直以正在联系拍卖公司为由推脱，后贺某某给上海善藏文化传播有限公司打电话询问情况，该公司说臧显峰已被解除劳动关系离开了，贺某某在无法联系上臧显峰后于2015年7月31日向子长县公安局报案，臧显峰于2016年8月12日退还贺某某132000元（含拍卖保证金62000元、工艺收藏品多收差价50000元，交通费20000元），取得被害人贺某某谅解，臧显峰于2016年9月1日到子长县公安局投案自首。 另查明，臧显峰于2016年4月29日因犯诈骗罪、寻衅滋事罪被上海市奉贤区人民法院判处有期徒刑三年，宣告缓刑三年，并处罚金280000元。 经当庭举证、质证、认证，认定上述事实的证据有： 1、受案登记表、立案决定书及归案情况说明证实，2015年7月31日下午15时许，贺某某向子长县公安局报案，其在2014年下半年因为购买收藏品，被安徽籍男子臧显峰骗取112000元，当日，子长县公安局决定对贺某某被诈骗一案立案侦查，2016年6月13日将臧显峰列为上网追逃对象，同年9月1日，臧显峰到子长县公安局投案自首。 2、被告人臧显峰供述证实，2014年5月份左右，他工作的上海市上海善藏文化传播有限公司推出一款“乾坤大有四灵宝印”的收藏品，他作为业务员通过电话给陕西省的贺某某推销该产品，并告知其该收藏品的价格是138000元，其实公司的真实定价是88000元，贺某某同意收藏后，他告诉贺某某必须先给他打50000元定金，他才可以向公司申请产品及领导签字，之后贺某某给他打款50000元，他向公司申请了一款“乾坤大有”的产品，并以快递的形式发给贺某某，贺某某收到产品后给公司又支付了88000元，过了几个月，他联系贺某某称找拍卖公司报名拍卖“乾坤大有四灵宝印”藏品需要报名费70000元，贺某某给他提供的银行卡号打入62000元，他答应为贺某某办理拍卖公司报名和其他相关事项，后贺某某多次给他打电话催促，他一直以正在联系拍卖公司为由推脱，其实他没有办理这个事情的能力，2016年8月份的时候，他得知公安机关以诈骗将他通缉了，他主动到子长县公安机关自首了。 3、被害人贺某某陈述证实，2013年开始，她就开始陆续收藏一些藏品，上海公司里有一个叫臧显峰的顾问一直和她联系，她觉得那个小伙子还不错，有一天，臧显峰给她打电话推销“乾坤大有四灵宝印”藏品，说是沈庚华大师亲手雕刻的，且只卖给上海人，因为她没有上海户口就要先交50000元的定金，她就给臧显峰提供的账户打了50000元，过了不久，她又花了88000元把四灵宝印买到手了，但是和货一起回来的货单是80000多，她就感觉上当了但是也没有办法，到了12月份，她给臧显峰打电话咨询看是否有人想买她的收藏品，臧显峰说拍卖需要70000元钱，因为她当时只有62000元就全部打给臧显峰了，但是一直到现在，臧显峰也没有办好这件事，她就给公司打电话，公司回应称臧显峰已经离开公司了。 4、证人韩某某证言证实，他是上海市上海善藏文化传播公司高级行政总监，他们公司主要通过电视购物的形式向消费者推荐销售产品，但是没有负责拍卖收藏品的业务，公司有一批专门销售工作人员，以前确实有一个负责销售的员工叫臧显峰，后来被他们辞退了，公司以前确实卖过“乾坤大有”收藏品，统一定价为88000元，公司不允许员工个人私下里和客户联系，臧显峰的事情他们听说了，但这是臧显峰的个人行为。 5、证人李某某证言证实，她是上海善藏文化传播有限公司董事长助理，2015年的时候，陕西省的贺某某来到她们公司说是以138000元的价格购买了“乾坤大有”产品，并提供了打款记录，她当时就发现其中有50000元是打给臧显峰的，她就告诉贺某某被臧显峰骗了，建议贺某某报警，当时臧显峰已经从公司离职了，公司曾书面向职工公示此事，引以为戒。 6、中国邮政储蓄银行账户交易明细及汇款收据证实，贺某某分别于2014年8月12日、2014年12月30日向臧显峰打款50000元和62000元。 7、中国邮政储蓄银行户名为臧显峰的账户交易明细证实，该账户分别于2014年8月12日、2014年12月30日收到陕西省子长县支行及网点打款50000元和62000元。 8、中国农业银行网上银行电子回单证实，贺某某于2014年8月14日向原“指引收藏”公司股东郑梅娣尾号为“3374”的银行账号打款88000元。 9、上海市闸北区市场监督管理局准予注销登记通知书、上海善藏文化传播公司证明证实，上海蓄锋实业有限公司执照因未年检于2015年7月30日被上海市闸北区市场监督管理局注销，郑梅娣系原上海蓄锋实业有限公司股东，其银行账户因保留老客户关系转让给上海善藏文化传播公司作为收取定金和货款的专用账户，其所收款项均纳入上海善藏文化传播公司财务统一管理。 10、入职申请表、身份证复印件、保密协议、劳动合同、员工基本信息登记表、员工离职审批表及重要公示证实，臧显峰于2012年4月21日至2015年3月31日就职于上海蓄锋实业有限公司和上海市上海善藏文化传播有限公司，该公司将臧显峰违规事宜向公司员工公示。 11、营业执照证实，上海善藏文化传播有限公司法定代表人、营业期限、经营范围等工商登记信息，该公司不办理收藏品拍卖业务。 12、协议书、领条及谅解书证实，2016年8月9日，臧显峰家属与被害人达成退款协议，同年8月12日，被害人贺某某收到臧显峰退款132000元（含拍卖保证金62000元、工艺收藏品多收差价50000元，交通费20000元），当日，贺某某对臧显峰的行为表示谅解。 13、上海市奉贤区人民法院（2015）奉刑初字第2055号刑事判决书证实，臧显峰因涉嫌寻衅滋事罪于2015年1月28日被刑事拘留，同年2月12日被取保候审，因涉嫌犯诈骗罪于2015年6月12日被刑事拘留，同年7月1日被逮捕，于2016年4月29日因犯诈骗罪判处有期徒刑三年，并处罚金人民币280000元，犯寻衅滋事罪，判处拘役四个月，决定执行有期徒刑三年，宣告缓刑三年，并处罚金人民币280000元。 14、上海市奉贤区人民法院释放通知书及奉贤区看守所释放证明书、臧显峰于2016年4月29日因被判处缓刑释放。 15、常住人口信息查询证实，臧显峰生于1992年7月4日。 上述证据相互印证，相互关联，足以定案。 本院认为，被告人臧显峰以非法占有为目的，采用虚构事实、隐瞒真相的方法骗取他人现金62000元，数额巨大，其行为已触犯《中华人民共和国刑法》第二百六十六条之规定，构成诈骗罪，子长县人民检察院指控其所犯罪名成立。被告人臧显峰将公司统一定价为88000的收藏品以138000元的价格卖给被害人，获利50000元，属个人商品交易行为，不具备诈骗罪的构成要件，该行为不应认定为诈骗，故公诉机关对该笔款项的指控不予支持。被告人臧显峰在缓刑考验期限内发现判决宣告以前还有其他罪没有判决，应当撤销缓刑，实行数罪并罚。被告人臧显峰案发后主动向公安机关投案，如实供述自己的罪行，是自首，可以减轻处罚，其家属积极退赔了被害人的各项经济损失，取得了被害人谅解，其当庭自愿认罪，可以酌情从轻处罚。依照《中华人民共和国刑法》第二百六十六条、第六十七条第一款、第六十九条、第七十七条、第五十二条、第五十三条之规定，判决如下： 一、撤销上海市奉贤区人民法院（2015）奉刑初字第2055号刑事判决书第二项判决内容中对被告人臧显峰宣告缓刑的部分。 二、被告人臧显峰犯诈骗罪，判处有期徒刑一年六个月，并处罚金50000元，与上海市奉贤区人民法院（2015）奉刑初字第2055号刑事判决书对被告人臧显峰犯诈骗罪、寻衅滋事罪，判处有期徒刑三年，并处罚金人民币280000元，合并刑期为有期徒刑四年六个月，并处罚金人民币330000元，决定执行刑期为有期徒刑四年（刑期从判决执行之日起计算；判决执行前先行羁押的，羁押一日折抵刑期一日，即从2017年4月14日起至2019年9月27日止），并处罚金人民币330000元（其中280000元罚金已缴纳原审法院，另50000元罚金限判决生效后十日内缴纳）。 如不服本判决，可在接到判决书的第二日起十日内，通过本院或直接上诉于陕西省延安市中级人民法院。书面上诉的，应交上诉状正本一份，副本三份。 审判长薛政斌 代理审判员田家军 人民陪审员刘彩红 二〇一七年四月十四日 书记员贺琴 附：《中华人民共和国刑法》 第二百六十六条诈骗公私财物，数额较大的，处三年以下有期徒刑、拘役或者管制，并处或者单处罚金；数额巨大或者有其他严重情节的，处三年以上十年以下有期徒刑，并处罚金；数额特别巨大或者有其他特别严重情节的，处十年以上有期徒刑或者无期徒刑，并处罚金或者没收财产。本法另有规定的，依照规定。 第六十七条犯罪以后自动投案，如实供述自己的罪行的，是自首。对于自首的犯罪分子，可以从轻或者减轻处罚。其中，犯罪较轻的，可以免除处罚。 被采取强制措施的犯罪嫌疑人、被告人和正在服刑的罪犯，如实供述司法机关还未掌握的本人其他罪行的，以自首论。 犯罪嫌疑人虽不具有前两款规定的自首情节，但是如实供述自己罪行的，可以从轻处罚；因其如实供述自己罪行，避免特别严重后果发生的，可以减轻处罚。 第六十九条判决宣告以前一人犯数罪的，除判处死刑和无期徒刑的以外，应当在总和刑期以下、数刑中最高刑期以上，酌情决定执行的刑期，但是管制最高不能超过三年，拘役最高不能超过一年，有期徒刑总和刑期不满三十五年的，最高不能超过二十年，总和刑期在三十五年以上的，最高不能超过二十五年。 数罪中有判处有期徒刑和拘役的，执行有期徒刑。数罪中有判处有期徒刑和管制，或者拘役和管制的，有期徒刑、拘役执行完毕后，管制仍须执行。 数罪中有判处附加刑的，附加刑仍须执行，其中附加刑种类相同的，合并执行，种类不同的，分别执行。 第七十七条被宣告缓刑的犯罪分子，在缓刑考验期限内犯新罪或者发现判决宣告以前还有其他罪没有判决的，应当撤销缓刑，对新犯的罪或者新发现的罪作出判决，把前罪和后罪所判处的刑罚，依照本法第六十九条的规定，决定执行的刑罚。 被宣告缓刑的犯罪分子，在缓刑考验期限内，违反法律、行政法规或者国务院有关部门关于缓刑的监督管理规定，或者违反人民法院判决中的禁止令，情节严重的，应当撤销缓刑，执行原判刑罚。 第五十二条判处罚金，应当根据犯罪情节决定罚金数额。 第五十三条罚金在判决指定的期限内一次或者分期缴纳。期满不缴纳的，强制缴纳。对于不能全部缴纳罚金的，人民法院在任何时候发现被执行人有可以执行的财产，应当随时追缴。 由于遭遇不能抗拒的灾祸等原因缴纳确实有困难的，经人民法院裁定，可以延期缴纳、酌情减少或者免除。","writId":"0027829caeabd351c0d1191da2dfdb783fc","writName":"臧显峰诈骗罪一审刑事判决书"}
