{"ajId":"d67360f8-7a11-4415-972c-a4872568054b","ajName":"被告人王小华掩饰隐瞒犯罪所得、犯罪一案","ajjbqk":" 公诉机关指控：2009年12月24日晚上被告人王小华在湛河区收购党龙伟、王山奇、陈双辉在平顶山火车站盗窃的废铁1370斤，2009年12月25日收购党龙伟、王山奇盗窃的废铁480斤。后经湛河区物价局鉴定，被盗废铁1370斤的价值为1507元；被盗废铁480斤的价值为528元。 被告人王小华对公诉机关指控的犯罪事实和罪名没有异议。 上述事实的证据有被告人王小华的供述、盗窃犯陈双辉、王山奇、党龙伟的供述、物价鉴定结论书、抓获经过及户籍证明等证据在卷证实，且已全部经过当庭质证、辨证，本院予以采信。 ","cpfxgc":"本院认为，被告人王小华明知是盗窃所得的赃物仍然收购，其行为已构成掩饰隐瞒犯罪所得、犯罪所得收益罪，公诉机关指控被告人王小华犯掩饰隐瞒犯罪所得、犯罪所得收益罪事实清楚，证据确实充分，指控罪名成立。庭审中被告人王小华认罪态度较好，且其亲属积极缴纳罚金，故可以酌情从轻处罚。根据被告人王小华犯罪的事实、犯罪的性质、情节和对于社会的危害程度，依照《中华人民共和国刑法》第三百一十二条、第五十二条之规定判决如下：","pjjg":" 被告人王小华犯掩饰隐瞒犯罪所得、犯罪所得收益罪，判处拘役三个月，并处罚金1000元。 （刑期自判决执行之日起计算，判决执行以前先行羁押的，羁押一日折抵刑期一日，即自2009年12月28日起至2010年3月27日止。） 如不服本判决，可在接到判决书的第二日起十日内，通过本院或者直接向平顶山市中级人民法院提出上诉，书面上诉的，应当提交上诉状正本一份，副本三份。","qw":"河南省平顶山市湛河区人民法院 刑事判决书 （2010）湛刑初字第50号 公诉机关平顶山市湛河区人民检察院。 被告人王小华，男，1978年8月18日出生。 平顶山市湛河区人民检察院以平湛检刑诉（2010）15号起诉书于2010年3月8日向本院提起公诉，指控被告人王小华犯掩饰隐瞒犯罪所得、犯罪所得收益罪，并建议本院适用简易程序审理。本院审查受理后，依法适用简易程序，于2010年3月10日公开开庭进行了审理，被告人王小华到庭参加诉讼。现已审理终结。 公诉机关指控：2009年12月24日晚上被告人王小华在湛河区收购党龙伟、王山奇、陈双辉在平顶山火车站盗窃的废铁1370斤，2009年12月25日收购党龙伟、王山奇盗窃的废铁480斤。后经湛河区物价局鉴定，被盗废铁1370斤的价值为1507元；被盗废铁480斤的价值为528元。 被告人王小华对公诉机关指控的犯罪事实和罪名没有异议。 上述事实的证据有被告人王小华的供述、盗窃犯陈双辉、王山奇、党龙伟的供述、物价鉴定结论书、抓获经过及户籍证明等证据在卷证实，且已全部经过当庭质证、辨证，本院予以采信。 本院认为，被告人王小华明知是盗窃所得的赃物仍然收购，其行为已构成掩饰隐瞒犯罪所得、犯罪所得收益罪，公诉机关指控被告人王小华犯掩饰隐瞒犯罪所得、犯罪所得收益罪事实清楚，证据确实充分，指控罪名成立。庭审中被告人王小华认罪态度较好，且其亲属积极缴纳罚金，故可以酌情从轻处罚。根据被告人王小华犯罪的事实、犯罪的性质、情节和对于社会的危害程度，依照《中华人民共和国刑法》第三百一十二条、第五十二条之规定判决如下： 被告人王小华犯掩饰隐瞒犯罪所得、犯罪所得收益罪，判处拘役三个月，并处罚金1000元。 （刑期自判决执行之日起计算，判决执行以前先行羁押的，羁押一日折抵刑期一日，即自2009年12月28日起至2010年3月27日止。） 如不服本判决，可在接到判决书的第二日起十日内，通过本院或者直接向平顶山市中级人民法院提出上诉，书面上诉的，应当提交上诉状正本一份，副本三份。 代理审判员朱兴亚 二○一○年三月十二日 书记员李慧娟","writId":"001ac13df96af91269ba3d2259d9ba0e30c","writName":"被告人王小华掩饰隐瞒犯罪所得、犯罪所得收益案一审刑事判决书"}
