{"ajId":"1705f03c-9f2b-40aa-b8b8-5fa9af26e346","ajName":"何秀霞、何凡凡虚假一案","ajjbqk":" 莆田市秀屿区人民检察院指控：2014年7月25日，被告人何秀霞通过中国建设银行账户XXXX，分四笔依次向其亲戚兼员工林某的中国建设银行账户XXXX转账人民币45万元（币种下同）、40万元、40万元、15万元。林某在收到每一笔汇款后，即转汇至被告人何凡凡中国建设银行账户XXXX中。其后，被告人何凡凡在收到每一笔汇款后立即将相应钱款汇回被告人何秀霞的上述账户中。2015年4月14日，证人宋某因与被告人何秀霞之间的借贷纠纷一案，向莆田市秀屿区人民法院申请强制执行，该院于2017年4月25日对被告人何秀霞名下的相关房产进行司法拍卖。期间，为了参与拍卖款的分配，被告人何秀霞、何凡凡通过签订虚假借条、提供银行流水单，捏造了被告人何凡凡于2014年7月25日借款140万元给被告人何秀霞的事实，并于2016年10月26日在莆田市秀屿区人民法院埭头法庭提起民事诉讼。2016年11月2日，被告人何秀霞伙同何凡凡达成协议，约定按期限归还欠款及利息，并取得莆田市秀屿区人民法院的民事调解书。2017年9月11日，莆田市秀屿区人民法院作出民事裁定书认为，被告人何凡凡、何秀霞之间的民间借贷纠纷一案的原调解确有错误，并裁定再审，中止原调解的执行。 2017年7月19日，被告人何凡凡由莆田市秀屿区人民检察院移交至莆田市公安局秀屿分局；2017年7月20日，被告人何秀霞由莆田市秀屿区人民检察院移交至莆田市公安局秀屿分局。 公诉机关指控上述事实，向本院提交了相关证据，认为被告人何秀霞、何凡凡以捏造的事实提起民事诉讼，妨害司法秩序，应当以虚假诉讼罪追究其刑事责任。提请本院依法判处。 被告人何秀霞、何凡凡对公诉机关指控的事实和罪名均无异议，并表示认罪，请求对其免予刑事处罚。 被告人何凡凡的辩护人提出以下辩护意见：对起诉书指控的事实及罪名没有异议，但被告人何凡凡有以下量刑情节：1、本案全案情节较轻微；2、本案没有造成后果，虚假诉讼被及时发现，实际上没有参与拍卖款分配；3、本案系被告人何秀霞一手操作，被告人何凡凡是提供帮助，应属从犯；4、被告人何凡凡年纪轻，没有犯罪前科，被检察院叫去后就坦白交代，自愿认罪，没有危害社会；5、被告人何凡凡家庭情况特殊，孩子还小需要人照顾。综上，请求对被告人何凡凡免予刑事处罚。 经审理查明：2014年7月25日，被告人何秀霞通过中国建设银行账户XXXX，分四笔依次向其亲戚兼员工林某的中国建设银行账户XXXX转账45万元、40万元、40万元、15万元。林某在收到上述每一笔汇款后，即转汇至被告人何秀霞的另一个亲戚兼员工即被告人何凡凡中国建设银行账户XXXX中。其后，被告人何凡凡在收到每一笔汇款后立即将相应钱款汇回被告人何秀霞的上述账户中。2015年，宋某因与被告人何秀霞借贷纠纷一案，向本院申请强制执行［执行案号（2015）秀执行字第533号］，本院裁定查封被告人何秀霞名下的相关房产，并于2017年4月25日对该房产进行司法拍卖。期间，为了参与拍卖款的分配，在被告人何秀霞的授意下，被告人何凡凡与被告人何秀霞通过签订虚假借条、提供银行流水单，捏造了被告人何凡凡于2014年7月25日借款140万元给被告人何秀霞的事实，并于2016年10月26日在本院埭头人民法庭提起民事诉讼。2016年11月2日，被告人何秀霞伙同被告人何凡凡达成协议，约定按期限归还欠款及利息，并取得本院（2016）闽0305民初3650号民事调解书。2017年9月11日，本院作出（2017）闽0305民监4号民事裁定书，认为被告人何凡凡、何秀霞间的上述民间借贷纠纷一案的原调解确有错误，裁定再审，并中止原调解的执行。 2017年7月19日，被告人何凡凡由莆田市秀屿区人民检察院移交至莆田市公安局秀屿分局；2017年7月20日，被告人何秀霞由莆田市秀屿区人民检察院移交至莆田市公安局秀屿分局。 上述事实，有证人林某、宋某的证言、辨认笔录及照片，公安机关作出的接受证据材料清单、抓获经过、案件揭发侦破经过、户籍证明、违法犯罪经历查询情况表，提取的莆田市秀屿区人民检察院线索移送函及询问笔录、银行流水账、本院（2016）闽0305民初3650号民事诉讼一审卷宗正卷（内含民事起诉状、涉案虚假借条、民事调解书等）、诉讼费用刷卡POS单、拍卖公告、（2015）秀执字第533号之三执行裁定书、拍卖成交确认书、（2017）闽0305民监4号民事裁定书，被告人何秀霞、何凡凡的供述、辨认笔录及照片等证据证实，被告人何秀霞、何凡凡在庭审过程中亦无异议，足以认定。 在审理过程中，本院委托莆田市秀屿区司法局对被告人何凡凡进行审前社会调查。莆田市秀屿区司法局出具调查评估意见书一份，评估意见为被告人何凡凡具备社区矫正条件。被告人何凡凡向本院预缴罚金人民币5000元候判。 ","cpfxgc":"本院认为，被告人何秀霞伙同被告人何凡凡，通过伪造借款人民币140万元的相关证据，串通捏造事实向法院提起民事诉讼，以虚假的调解骗使法院作出民事调解书，妨害了司法秩序，其行为均已构成虚假诉讼罪。公诉机关指控被告人何秀霞、何凡凡犯虚假诉讼罪成立。被告人何秀霞在到案之初未能如实供述，但其后能如实供述自己的主要犯罪事实，依法予以从轻处罚。被告人何凡凡归案后能如实供述自己的罪行，依法予以从轻处罚；其能预缴罚金，在量刑时一并予以考虑。被告人何秀霞、何凡凡在本案中互相配合，地位相当，不宜区分主、从犯。故被告人何凡凡的辩护人关于被告人何凡凡系从犯的辩护意见，不予采纳，但可依二被告人在本案中的具体情节及作用予以区别量刑。被告人何秀霞、何凡凡尚不具备免刑条件，相关辩解及辩护意见，均不予采纳。根据被告人何凡凡的犯罪情节和悔罪表现，并考虑其具备社区矫正条件，可以宣告缓刑。被告人何凡凡应自本判决生效之日起十日内到莆田市秀屿区司法局社区矫正机构报到，接受社区矫正。据此，依照《中华人民共和国刑法》第三百零七条之一第一款、第二十五条第一款、第六十七条第三款、第七十二条、第七十三条的规定，判决如下：","pjjg":" 一、被告人何秀霞犯虚假诉讼罪，判处有期徒刑一年，并处罚金人民币一万元。 （刑期从判决执行之日起计算。判决执行以前先行羁押的，羁押一日折抵刑期一日，之前羁押应扣除一个月零六日，即自2018年5月11日起至2019年4月4日止。罚金限从判决生效之日起5日内缴纳。） 二、被告人何凡凡犯虚假诉讼罪，判处有期徒刑九个月，缓刑一年，并处罚金人民币五千元（已缴纳）。 （缓刑考验期限，从判决确定之日起计算。） 如不服本判决，可在接到判决书的第二日起十日内，通过本院或者直接向福建省莆田市中级人民法院提出上诉。书面上诉的，应当提交上诉状正本一份，副本二份。","qw":"福建省莆田市秀屿区人民法院 刑事判决书 （2018）闽0305刑初82号 公诉机关莆田市秀屿区人民检察院。 被告人何秀霞，女，1972年10月19日出生于福建省莆田市，汉族，初中文化，经商，户籍地福建省莆田市荔城区某街道某路。因涉嫌犯虚假诉讼罪于2017年7月20日被刑事拘留，次月25日被取保候审，2018年5月11日被逮捕。 被告人何凡凡，女，1989年10月1日出生于福建省莆田市，汉族，初中文化，无业，户籍地福建省莆田市秀屿区某镇某村。因涉嫌犯虚假诉讼罪于2017年7月20日被取保候审。 辩护人蔡德火，福建福莆律师事务所律师。 莆田市秀屿区人民检察院以秀检公刑诉［2018］66号起诉书指控被告人何秀霞、何凡凡犯虚假诉讼罪于2018年3月20日向本院提起公诉。本院于次日立案并依法组成合议庭，公开开庭审理了本案。莆田市秀屿区人民检察院指派检察员蔡宇翔出庭支持公诉，被告人何秀霞，被告人何凡凡及其辩护人蔡德火到庭参加诉讼。现已审理终结。 莆田市秀屿区人民检察院指控：2014年7月25日，被告人何秀霞通过中国建设银行账户XXXX，分四笔依次向其亲戚兼员工林某的中国建设银行账户XXXX转账人民币45万元（币种下同）、40万元、40万元、15万元。林某在收到每一笔汇款后，即转汇至被告人何凡凡中国建设银行账户XXXX中。其后，被告人何凡凡在收到每一笔汇款后立即将相应钱款汇回被告人何秀霞的上述账户中。2015年4月14日，证人宋某因与被告人何秀霞之间的借贷纠纷一案，向莆田市秀屿区人民法院申请强制执行，该院于2017年4月25日对被告人何秀霞名下的相关房产进行司法拍卖。期间，为了参与拍卖款的分配，被告人何秀霞、何凡凡通过签订虚假借条、提供银行流水单，捏造了被告人何凡凡于2014年7月25日借款140万元给被告人何秀霞的事实，并于2016年10月26日在莆田市秀屿区人民法院埭头法庭提起民事诉讼。2016年11月2日，被告人何秀霞伙同何凡凡达成协议，约定按期限归还欠款及利息，并取得莆田市秀屿区人民法院的民事调解书。2017年9月11日，莆田市秀屿区人民法院作出民事裁定书认为，被告人何凡凡、何秀霞之间的民间借贷纠纷一案的原调解确有错误，并裁定再审，中止原调解的执行。 2017年7月19日，被告人何凡凡由莆田市秀屿区人民检察院移交至莆田市公安局秀屿分局；2017年7月20日，被告人何秀霞由莆田市秀屿区人民检察院移交至莆田市公安局秀屿分局。 公诉机关指控上述事实，向本院提交了相关证据，认为被告人何秀霞、何凡凡以捏造的事实提起民事诉讼，妨害司法秩序，应当以虚假诉讼罪追究其刑事责任。提请本院依法判处。 被告人何秀霞、何凡凡对公诉机关指控的事实和罪名均无异议，并表示认罪，请求对其免予刑事处罚。 被告人何凡凡的辩护人提出以下辩护意见：对起诉书指控的事实及罪名没有异议，但被告人何凡凡有以下量刑情节：1、本案全案情节较轻微；2、本案没有造成后果，虚假诉讼被及时发现，实际上没有参与拍卖款分配；3、本案系被告人何秀霞一手操作，被告人何凡凡是提供帮助，应属从犯；4、被告人何凡凡年纪轻，没有犯罪前科，被检察院叫去后就坦白交代，自愿认罪，没有危害社会；5、被告人何凡凡家庭情况特殊，孩子还小需要人照顾。综上，请求对被告人何凡凡免予刑事处罚。 经审理查明：2014年7月25日，被告人何秀霞通过中国建设银行账户XXXX，分四笔依次向其亲戚兼员工林某的中国建设银行账户XXXX转账45万元、40万元、40万元、15万元。林某在收到上述每一笔汇款后，即转汇至被告人何秀霞的另一个亲戚兼员工即被告人何凡凡中国建设银行账户XXXX中。其后，被告人何凡凡在收到每一笔汇款后立即将相应钱款汇回被告人何秀霞的上述账户中。2015年，宋某因与被告人何秀霞借贷纠纷一案，向本院申请强制执行［执行案号（2015）秀执行字第533号］，本院裁定查封被告人何秀霞名下的相关房产，并于2017年4月25日对该房产进行司法拍卖。期间，为了参与拍卖款的分配，在被告人何秀霞的授意下，被告人何凡凡与被告人何秀霞通过签订虚假借条、提供银行流水单，捏造了被告人何凡凡于2014年7月25日借款140万元给被告人何秀霞的事实，并于2016年10月26日在本院埭头人民法庭提起民事诉讼。2016年11月2日，被告人何秀霞伙同被告人何凡凡达成协议，约定按期限归还欠款及利息，并取得本院（2016）闽0305民初3650号民事调解书。2017年9月11日，本院作出（2017）闽0305民监4号民事裁定书，认为被告人何凡凡、何秀霞间的上述民间借贷纠纷一案的原调解确有错误，裁定再审，并中止原调解的执行。 2017年7月19日，被告人何凡凡由莆田市秀屿区人民检察院移交至莆田市公安局秀屿分局；2017年7月20日，被告人何秀霞由莆田市秀屿区人民检察院移交至莆田市公安局秀屿分局。 上述事实，有证人林某、宋某的证言、辨认笔录及照片，公安机关作出的接受证据材料清单、抓获经过、案件揭发侦破经过、户籍证明、违法犯罪经历查询情况表，提取的莆田市秀屿区人民检察院线索移送函及询问笔录、银行流水账、本院（2016）闽0305民初3650号民事诉讼一审卷宗正卷（内含民事起诉状、涉案虚假借条、民事调解书等）、诉讼费用刷卡POS单、拍卖公告、（2015）秀执字第533号之三执行裁定书、拍卖成交确认书、（2017）闽0305民监4号民事裁定书，被告人何秀霞、何凡凡的供述、辨认笔录及照片等证据证实，被告人何秀霞、何凡凡在庭审过程中亦无异议，足以认定。 在审理过程中，本院委托莆田市秀屿区司法局对被告人何凡凡进行审前社会调查。莆田市秀屿区司法局出具调查评估意见书一份，评估意见为被告人何凡凡具备社区矫正条件。被告人何凡凡向本院预缴罚金人民币5000元候判。 本院认为，被告人何秀霞伙同被告人何凡凡，通过伪造借款人民币140万元的相关证据，串通捏造事实向法院提起民事诉讼，以虚假的调解骗使法院作出民事调解书，妨害了司法秩序，其行为均已构成虚假诉讼罪。公诉机关指控被告人何秀霞、何凡凡犯虚假诉讼罪成立。被告人何秀霞在到案之初未能如实供述，但其后能如实供述自己的主要犯罪事实，依法予以从轻处罚。被告人何凡凡归案后能如实供述自己的罪行，依法予以从轻处罚；其能预缴罚金，在量刑时一并予以考虑。被告人何秀霞、何凡凡在本案中互相配合，地位相当，不宜区分主、从犯。故被告人何凡凡的辩护人关于被告人何凡凡系从犯的辩护意见，不予采纳，但可依二被告人在本案中的具体情节及作用予以区别量刑。被告人何秀霞、何凡凡尚不具备免刑条件，相关辩解及辩护意见，均不予采纳。根据被告人何凡凡的犯罪情节和悔罪表现，并考虑其具备社区矫正条件，可以宣告缓刑。被告人何凡凡应自本判决生效之日起十日内到莆田市秀屿区司法局社区矫正机构报到，接受社区矫正。据此，依照《中华人民共和国刑法》第三百零七条之一第一款、第二十五条第一款、第六十七条第三款、第七十二条、第七十三条的规定，判决如下： 一、被告人何秀霞犯虚假诉讼罪，判处有期徒刑一年，并处罚金人民币一万元。 （刑期从判决执行之日起计算。判决执行以前先行羁押的，羁押一日折抵刑期一日，之前羁押应扣除一个月零六日，即自2018年5月11日起至2019年4月4日止。罚金限从判决生效之日起5日内缴纳。） 二、被告人何凡凡犯虚假诉讼罪，判处有期徒刑九个月，缓刑一年，并处罚金人民币五千元（已缴纳）。 （缓刑考验期限，从判决确定之日起计算。） 如不服本判决，可在接到判决书的第二日起十日内，通过本院或者直接向福建省莆田市中级人民法院提出上诉。书面上诉的，应当提交上诉状正本一份，副本二份。 审判长周志雄 人民陪审员黄超平 人民陪审员陈永飞 二〇一八年五月十一日 书记员李婷 附本案适用的相关法律条文： 《中华人民共和国刑法》 第三百零七条之一第一款以捏造的事实提起民事诉讼，妨害司法秩序或者严重侵害他人合法权益的，处三年以下有期徒刑、拘役或者管制，并处或者单处罚金；情节严重的，处三年以上七年以下有期徒刑，并处罚金。 第二十五条第一款共同犯罪是指二人以上共同故意犯罪。 第六十七条犯罪以后自动投案，如实供述自己的罪行的，是自首。对于自首的犯罪分子，可以从轻或者减轻处罚。其中，犯罪较轻的，可以免除处罚。 被采取强制措施的犯罪嫌疑人、被告人和正在服刑的罪犯，如实供述司法机关还未掌握的本人其他罪行的，以自首论。 犯罪嫌疑人虽不具有前两款规定的自首情节，但是如实供述自己罪行的，可以从轻处罚；因其如实供述自己罪行，避免特别严重后果发生的，可以减轻处罚。 第七十二条对于被判处拘役、三年以下有期徒刑的犯罪分子，同时符合下列条件的，可以宣告缓刑，对其中不满十八周岁的人、怀孕的妇女和已满七十五周岁的人，应当宣告缓刑： （一）犯罪情节较轻； （二）有悔罪表现； （三）没有再犯罪的危险； （四）宣告缓刑对所居住社区没有重大不良影响。 宣告缓刑，可以根据犯罪情况，同时禁止犯罪分子在缓刑考验期限内从事特定活动，进入特定区域、场所，接触特定的人。 被宣告缓刑的犯罪分子，如果被判处附加刑，附加刑仍须执行。 第七十三条拘役的缓刑考验期限为原判刑期以上一年以下，但是不能少于二个月。 有期徒刑的缓刑考验期限为原判刑期以上五年以下，但是不能少于一年。 缓刑考验期限，从判决确定之日起计算。","writId":"0080708adec840eef30aca2d4746fb03e11","writName":"何秀霞、何凡凡虚假诉讼一审刑事判决书"}
