{"ajId":"b5080b73-e2dd-4b27-98e6-573797f71ece","ajName":"梁男贩卖毒品罪一案","ajjbqk":" 重庆市渝中区人民检察院指控被告人梁男于2017年4月11日6时许，在重庆市渝中区枇杷山公园正门附近，在赵某处收取毒资850元到他处以其中的750元购得毒品后回到原地，将净重1.39克甲基苯丙胺（俗称“冰毒”）和0.28克甲基苯丙胺片剂（俗称“麻古”）交付给赵某。双方交易后被公安人员捉获，查获前述毒品。另从被告人梁男身上查获0.46克甲基苯丙胺和贩卖毒品牟利款100元。被告人梁男归案后如实供述了上述事实。公诉机关认为，被告人梁男的行为已构成贩卖毒品罪，具有如实供述自己罪行的从轻处罚情节，建议判处一年以上、一年六个月以下有期徒刑，并处罚金。 上述事实，被告人梁男在开庭审理过程中亦无异议，并有归案经过材料、证人赵某的证言、提取和封存笔录、称量笔录、现场指认笔录、扣押物品清单、物证照片、毒品鉴定结论、身份信息等证据证实，足以认定。 ","cpfxgc":"本院认为，被告人梁男违反国家毒品管理法规规定，贩卖毒品甲基苯丙胺1.85克和甲基苯丙胺片剂0.28克，其行为已构成贩卖毒品罪。重庆市渝中区人民检察院指控成立。被告人梁男归案后如实供述自己的罪行，依法从轻处罚。依照《中华人民共和国刑法》第三百四十七条第四款、第六十七条第三款、第五十二条、第五十三条、第四十七条、第六十四条之规定，判决如下：","pjjg":" 一、被告人梁男犯贩卖毒品罪，判处有期徒刑一年一个月，并处罚金一千元。 （刑期从判决执行之日起计算。判决执行以前先行羁押的，羁押一日折抵刑期一日，即自2017年4月11日起至2018年5月10日止） 二、扣押在案的毒品和毒资由扣押机关予以没收。 上述罚金于本判决生效之日起十日内向本院缴纳。 如不服本判决，可在接到本判决书的第二日起十日内，通过本院或者直接向重庆市第五中级人民法院提出上诉，书面上诉的，应提交上诉状正本一份、副本二份。","qw":"梁男贩卖毒品罪一审刑事判决书 重庆市渝中区人民法院 刑事判决书 （2017）渝0103刑初562号 公诉机关重庆市渝中区人民检察院。 被告人梁男，男，1984年6月7日出生，汉族，初中文化，无业，居住地重庆市渝中区。2017年4月11日因本案被捉获，同日被刑事拘留，同年4月21日被逮捕，现押于重庆市渝中区看守所。 重庆市渝中区人民检察院以渝中检刑诉［2017］第545号起诉书指控被告人梁男犯贩卖毒品罪，于2017年5月19日向本院提起公诉。本院受理后，依法适用简易程序，实行独任审判，于同月24日公开开庭审理了本案。重庆市渝中区人民检察院指派代理检察员吴海金出庭支持公诉，被告人梁男到庭参加诉讼。现已审理终结。 重庆市渝中区人民检察院指控被告人梁男于2017年4月11日6时许，在重庆市渝中区枇杷山公园正门附近，在赵某处收取毒资850元到他处以其中的750元购得毒品后回到原地，将净重1.39克甲基苯丙胺（俗称“冰毒”）和0.28克甲基苯丙胺片剂（俗称“麻古”）交付给赵某。双方交易后被公安人员捉获，查获前述毒品。另从被告人梁男身上查获0.46克甲基苯丙胺和贩卖毒品牟利款100元。被告人梁男归案后如实供述了上述事实。公诉机关认为，被告人梁男的行为已构成贩卖毒品罪，具有如实供述自己罪行的从轻处罚情节，建议判处一年以上、一年六个月以下有期徒刑，并处罚金。 上述事实，被告人梁男在开庭审理过程中亦无异议，并有归案经过材料、证人赵某的证言、提取和封存笔录、称量笔录、现场指认笔录、扣押物品清单、物证照片、毒品鉴定结论、身份信息等证据证实，足以认定。 本院认为，被告人梁男违反国家毒品管理法规规定，贩卖毒品甲基苯丙胺1.85克和甲基苯丙胺片剂0.28克，其行为已构成贩卖毒品罪。重庆市渝中区人民检察院指控成立。被告人梁男归案后如实供述自己的罪行，依法从轻处罚。依照《中华人民共和国刑法》第三百四十七条第四款、第六十七条第三款、第五十二条、第五十三条、第四十七条、第六十四条之规定，判决如下： 一、被告人梁男犯贩卖毒品罪，判处有期徒刑一年一个月，并处罚金一千元。 （刑期从判决执行之日起计算。判决执行以前先行羁押的，羁押一日折抵刑期一日，即自2017年4月11日起至2018年5月10日止） 二、扣押在案的毒品和毒资由扣押机关予以没收。 上述罚金于本判决生效之日起十日内向本院缴纳。 如不服本判决，可在接到本判决书的第二日起十日内，通过本院或者直接向重庆市第五中级人民法院提出上诉，书面上诉的，应提交上诉状正本一份、副本二份。 审判员文跃 二〇一七年五月二十四日 书记员刘至严","writId":"0228afa98c0a5b330b3d40a23b25bb6dae8","writName":"梁男贩卖毒品罪一审刑事判决书"}
