{"ajId":"f2dcd4cb-289f-4501-b1d5-e01b75e1e781","ajName":"马哈三走私、贩卖、运输、制造毒品罪一案","ajjbqk":" 公诉机关指控：2014年7月底，为贩卖毒品，被告人马哈三与同伙张某（已判刑）携带毒品驾驶车牌号为甘N＊＊＊98银灰色中华轿车从甘肃省广河县前往本市。2014年7月31日，被告人马哈三与张某到达本市后携带藏有毒品的手提包前往本市人民路立交桥进行毒品交易。受被告人马哈三的指使，张某将1包黑色塑料袋包装的毒品放入立交桥上的1个垃圾桶内，后该毒品被一男子拿走。因张某形迹可疑，执勤民警对其进行盘查，被告人马哈三见状逃离现场。经依法搜查，从张某携带的手提包内搜出1块黑色塑料袋包装的块状物。经鉴定，查获的块状物净重352.4克，含有海洛因成分。 公诉机关当庭宣读并出示了被告人供述与辩解、证人证言、到案经过、搜查笔录、鉴定意见、扣押物品清单、物证、书证、身份证明等证据材料。 公诉机关认为，被告人马哈三贩卖、运输毒品甲基苯丙胺352.4克，犯罪事实清楚，证据确实、充分，应当以贩卖、运输毒品罪追究刑事责任。 被告人马哈三对公诉机关起诉的事实及罪名均不认可，提出其从未见过涉案毒品，涉案毒品与其无关的辩解意见。 被告人马哈三的辩护人认为公诉机关指控被告人马哈三犯贩卖、运输毒品罪事实不清，证据不足。本案在案证据不足以证实被告人马哈三犯贩卖、运输毒品罪。 经审理查明，2014年7月底，被告人马哈三与张某（另案处理，已判刑）携带毒品驾驶车牌号为甘N＊＊＊98银灰色中华牌小轿车从甘肃省广河县前往本市。2014年7月31日，被告人马哈三与张某携带藏有毒品的手提包来到本市人民路立交桥附近。因张某形迹可疑，正在执勤的乌鲁木齐市公安局交警支队城市快速路大队民警对其进行盘查，被告人马哈三见状逃离现场。经依法搜查，从张某携带的手提包内搜出1块黑色塑料袋包装的块状物。经鉴定，查获的块状物为毒品海洛因，净重352.4克。2016年1月1日，被告人马哈三被甘肃省广河县公安局城关派出所抓获归案。 上述事实有下列证据证实： 1．公安机关出具的抓获经过、搜查证、搜查笔录证实，2014年7月31日10时许，乌鲁木齐市公安局交警支队城市快速路大队民警及乌鲁木齐市天山分局西河坝所民警在天山区人民路立交桥联合执法时发现张某形迹可疑，遂对其盘问，后从其随身携带的挎包内查获1块用黑色塑料袋包装的长方体块状物、3部手机。侦查人员对车牌号为甘N＊＊＊98银灰色中华牌小轿车车内及引擎盖内进行搜查，发现空气滤芯盒内无滤芯。2016年1月1日下午17时许，甘肃省广河县公安局城关派出所民警在处理纠纷过程中发现被告人马哈三系网上追逃人员，故对被告人马哈三进行控制并予以拘留。 2．毒品检验鉴定书、鉴定意见通知书、毒品移交清单证实，从张某包内缴获黑色塑料布包装的块状物1块，净重352.4克，从该白色块状物中检出海洛因成分。鉴定结论依法告知张某和被告人马哈三。涉案毒品已依法移交。 3．证人李庆波（乌鲁木齐市公安局交警支队城市快速路大队民警）证言证实，2014年7月31日上午10时许，其和同事在人民路桥面执勤时，发现1名妇女将1个长方体物体装入1个黑色塑料袋并放入路边垃圾桶内。约5分钟后，有1名25岁左右的男子翻垃圾桶，之后将1个黑色物体拿到手中，其令该男子站住并进行追赶，未果。其思量刚才那名女子肯定有问题，遂返回立交桥与同事将该女子控制住，对她的包进行检查，发现包中还有1块黑色长方形物体，长20厘米，厚3厘米，用黑色塑料袋包裹并用透明胶带缠绕。其到西河坝派出所报案，民警将该名女子带走。该女子名叫张某。 4．证人张某的证言证实，2014年7月28日，马哈三与其电话联系，他要出去玩，问其去不去，并告知其什么也别问。29日下午1点，马哈三驾驶车牌号为甘N＊＊＊98的车辆与其从临夏出发。当行驶至兰州时，马哈三告知其是去乌鲁木齐贩卖海洛因。快到乌鲁木齐时，马哈三拨打了1个电话说：“羊到了。”31日早上8时许，其与马哈三进入本市，住在黄河路附近。在停车场，马哈三从车引擎盖下拿出2包黑色塑料袋装的长方体块状物，他把东西放入其手提袋。之后，其和马哈三回了房间，再出来时，其发现其挎包变重，其知道马哈三将那2包黑色塑料袋装的长方体块状物放入其挎包。之后其和马哈三到达人民路立交桥附近，马哈三让其把包里的2包黑色塑料袋包装的长方体块状物中较小的1块扔到人民路立交桥上的垃圾筒里，并让其看他的手势。其按照他说的做后，一个交警拦着其问往垃圾桶里扔了什么东西，并把其带到马路中间，其趁交警打电话时间和马哈三通了电话。马哈三让其把包里的东西扔到桥下赶紧跑，接着他就挂了电话。这时交警让其把包里的东西都倒出来，之后把其带到派出所。其包里用黑色塑料袋包装的长方体块状物是海洛因。其扔在垃圾桶里的也是1包海洛因。其与马哈三来过本市3次，每次马哈三都自己开着车。马哈三系甘肃省广河县城关镇十里墩村人，他的电话是138XXXX2388、182XXXX2777、187XXXX1638。 5．涉案毒品照片及张某指认藏匿毒品车辆的照片证实，涉案毒品外包装情况，以及涉案车辆情况，照片内容与张某证言证实内容一致。 6．卡口照片证实，2014年7月1日14时46分35秒，被告人马哈三驾驶车牌号为甘N＊＊＊98中华牌小轿车通过英阿瓦提路由东向西卡口；2014年7月14日8时36分48秒，被告人马哈三驾驶车牌号为甘N＊＊＊98中华牌小轿车通过英阿瓦提路由西向东卡口，张某乘坐在副驾驶位置；2014年7月31日7时36分32秒，被告人马哈三驾驶车牌号为甘N＊＊＊98中华牌小轿车通过人民路西河坝后街由西向东卡口，张某乘坐在副驾驶位置。 7．证人赵某某（甘肃省广河县西川修理厂经营者）证言证实，2014年春节后有人向其送修车牌号为甘N＊＊＊98中华牌小轿车。其将该车购买下，待车辆修理好后，以29000元价格卖给了马哈三。马哈三以前是开货运车的司机，在其那里修过车。其和马哈三就购车事宜并未签订购车协议，马哈三仅给付其13000元，尚欠16000元。 8．证人马某某某（被告人马哈三之弟）证言证实，2014年7月底（开斋节后），马哈三驾驶一辆车牌号为甘N＊＊＊98的车辆离开住处后就没有见过他。马哈三之后与其通过3次电话。第1次通电话大概是2014年8月1日左右，他通过他使用的电话号码为138xxxx2388的手机与其联系，他告诉其他去外地玩几天，但没有告诉其在什么地方。三四天后，马哈三通过他使用的电话号码为182xxxxx2777的手机与其联系，告诉其他出事了，具体出什么事他表示来不及说，他口气十分着急。约1个星期后，马哈三通过区号是四川省的座机与其联系，告诉其他的朋友被警察抓了，他跑了，现在他好着呢，不用家人担心，其问他在哪里，他不告诉其。 9．证人马某（被告人马哈三同监室羁押人员）证言证实，在关押期间马哈三向其说过他的案情，马哈三说他和他前妻来乌鲁木齐市贩毒，其联系好买主，在乌鲁木齐市人民路立交桥附近，马哈三看见桥上有警察在检查车辆，他害怕，就叫他前妻去把包里毒品扔到垃圾桶里，他前妻被警察抓获，他乘乱逃跑了。毒品是他开一辆中华牌轿车从老家甘肃运到乌鲁木齐的。 10．证人岳某（被告人马哈三同监室羁押人员）证言证实，在羁押期间被告人马哈三向其说过他的案件情况，马哈三说他和他老婆从甘肃开车携带毒品来乌鲁木齐准备贩卖，在乌鲁木齐人民路立交桥上，他和他老婆在桥上行走时，他让他老婆把毒品扔到桥上的垃圾桶里，之后他老婆被警察抓获，他跑了。 11．证人艾某某（被告人马哈三同监室羁押人员）证言证实，其与马哈三在一起关押时其听马哈三说他和他老婆带着海洛因在乌鲁木齐市人民路立交桥行走时，看见有警察，马哈三就让他老婆将携带的海洛因扔到垃圾桶里，后来，他老婆被警察抓了，他当时跑了，警察没有抓上他。马哈三还告诉其他知道他老婆带着海洛因，这些海洛因是从宁夏（临夏）带过来的。 12．辨认笔录及照片证实，侦查人员让证人马某从2组12张男性照片中进行辨认，其辨认出第1组11号照片中男子、第2组12号照片中男子即是本案被告人马哈三。 辨认笔录及照片证实，侦查人员让证人岳某从两组12张男性照片中进行辨认，其辨认出第1组1号照片中男子、第2组10号照片中男子即是本案被告人马哈三。 辨认笔录及照片证实，侦查人员让证人艾某某从两组12张男性照片中进行辨认，其辨认出第1组9号照片中男子、第2组3号照片中男子即是本案被告人马哈三。 13．乌鲁木齐市第一看守所出具的调监记录证实，2016年1月5日至2016年6月3日，证人马某在609监室关押；2016年1月4日起证人岳某在609监室关押；2016年2月5日至2016年6月21日，证人艾某某在609监室关押；2016年1月15日至2016年3月8日，被告人马哈三在609监室关押。 14．被告人马哈三的供述与辩解证实，张某系其前妻，2014年7月28日左右，其驾驶车牌号为甘N＊＊＊98银灰色中华牌轿车与张某一起从甘肃省广河县来本市，路上走了2天左右，2014年7月31日到达本市。其和张某先到了黄河路附近的巴音宾馆办理了入住，之后当其和张某出门走到人民路立交桥附近时，张某被警察抓了，其就离开了。其身上只有电话和车钥匙，证件和钱包均在张某包里。其在1个停车场旅馆住了2天后，搭乘便车离开本市。 15．公安综合查询系统人口信息证实，被告人马哈三实施犯罪时已达到法定负完全刑事责任年龄。 上列证据经当庭质证，证据的来源合法，内容真实有效，可作为本案的定案依据，本院予以确认。 ","cpfxgc":"本院认为，被告人马哈三无视国家法律，非法运输毒品海洛因352.4克，其行为已构成运输毒品罪。关于被告人马哈三是否构成贩卖、运输毒品罪问题，虽然被告人马哈三辩解张某携带的涉案毒品其从未见过，与其无关，但是被告人马哈三认可其与张某驾驶车牌号为甘N＊＊＊98银灰色中华牌小轿车从甘肃省广河县前往本市，2014年7月31日，被告人马哈三与张某来到本市人民路立交桥附近，因张某形迹可疑，正在执勤的乌鲁木齐市公安局交警支队城市快速路大队民警对其进行盘查，被告人马哈三见状逃离现场，后从张某携带背包内搜查出毒品的事实。证人张某又指认涉案毒品是由被告人马哈三藏匿于涉案车辆甘N＊＊＊98引擎盖下从甘肃省广河县携带至本市，并交给其带至本市人民路立交桥附近的，张某的证言取证程序合法，且与证人马某、岳某、艾克拜·莫明的证言、搜查笔录、涉案车辆照片、卡口照片等证据相互印证，可以作为定案的依据。且本案中，被告人马哈三行为反常，当同行人员张某被警察盘问时，其置其身份证、银行卡等物品在张某身上不顾而逃离，后又给马某某（被告人的弟弟）打电话，告知其出事了，其朋友被警察抓了，其跑了，让家人不用担心。综上，本案在案证据足以认定被告人马哈三运输毒品的事实。公诉机关指控被告人马哈三构成运输毒品罪事实清楚，证据确实充分，指控被告人马哈三犯运输毒品罪的罪名成立，本院予以支持。本案在案证据并不能证实被告人马哈三所运输的毒品是为了贩卖的事实，辩护人关于被告人马哈三不构成贩卖毒品罪意见成立，本院予以采纳。我国刑法规定，运输毒品海洛因或甲基苯丙胺五十克以上的，处十五年有期徒刑、无期徒刑或者死刑，并处没收个人财产。为维护国家对毒品的管制制度不受破坏及保护公民身体健康权利不受侵犯，依照《中华人民共和国刑法》第三百四十七条第一款、第二款第（一）项、第五十五条、第五十六条、第五十九条、第六十四条之规定，判决如下：","pjjg":" 被告人马哈三犯运输毒品罪，判处有期徒刑十五年，剥夺政治权利三年，并处没收个人财产三万元。 （刑期从判决执行之日起计算。判决执行以前先行羁押的，羁押一日折抵刑期一日，即自2016年1月1日起至2030年12月31日止）； 如不服本判决，可在接到判决书的第二日起十日内，通过本院或者直接向新疆维吾尔自治区高级人民法院提出上诉。书面上诉的，应当提交上诉状正本一份，副本二份。","qw":"马哈三走私、贩卖、运输、制造毒品罪一审刑事判决书 新疆维吾尔自治区乌鲁木齐市中级人民法院 刑事判决书 （2016）新01刑初125号 公诉机关新疆维吾尔自治区乌鲁木齐市人民检察院。 被告人马哈三，男，1978年4月27日出生于甘肃省广河县，回族，文盲，本市无固定职业及住址，户籍地甘肃省临夏回族自治州广河县城关镇十里墩村上湾4号。2016年1月1日因本案被刑事拘留，同年2月5日被逮捕，现羁押于乌鲁木齐市第一看守所。 指定辩护人于敏，新疆井然律师事务所律师。 乌鲁木齐市人民检察院以乌市检刑一刑诉［2016］94号起诉书指控被告人马哈三犯贩卖、运输毒品罪，于2016年7月26日向本院提起公诉。本院依法组成合议庭，于2016年8月12日公开开庭审理了本案。乌鲁木齐市人民检察院指派检察员牛静、代理检察员徐垒出庭支持公诉，被告人马哈三及其辩护人于敏到庭参加诉讼。本案现已审理终结。 公诉机关指控：2014年7月底，为贩卖毒品，被告人马哈三与同伙张某（已判刑）携带毒品驾驶车牌号为甘N＊＊＊98银灰色中华轿车从甘肃省广河县前往本市。2014年7月31日，被告人马哈三与张某到达本市后携带藏有毒品的手提包前往本市人民路立交桥进行毒品交易。受被告人马哈三的指使，张某将1包黑色塑料袋包装的毒品放入立交桥上的1个垃圾桶内，后该毒品被一男子拿走。因张某形迹可疑，执勤民警对其进行盘查，被告人马哈三见状逃离现场。经依法搜查，从张某携带的手提包内搜出1块黑色塑料袋包装的块状物。经鉴定，查获的块状物净重352.4克，含有海洛因成分。 公诉机关当庭宣读并出示了被告人供述与辩解、证人证言、到案经过、搜查笔录、鉴定意见、扣押物品清单、物证、书证、身份证明等证据材料。 公诉机关认为，被告人马哈三贩卖、运输毒品甲基苯丙胺352.4克，犯罪事实清楚，证据确实、充分，应当以贩卖、运输毒品罪追究刑事责任。 被告人马哈三对公诉机关起诉的事实及罪名均不认可，提出其从未见过涉案毒品，涉案毒品与其无关的辩解意见。 被告人马哈三的辩护人认为公诉机关指控被告人马哈三犯贩卖、运输毒品罪事实不清，证据不足。本案在案证据不足以证实被告人马哈三犯贩卖、运输毒品罪。 经审理查明，2014年7月底，被告人马哈三与张某（另案处理，已判刑）携带毒品驾驶车牌号为甘N＊＊＊98银灰色中华牌小轿车从甘肃省广河县前往本市。2014年7月31日，被告人马哈三与张某携带藏有毒品的手提包来到本市人民路立交桥附近。因张某形迹可疑，正在执勤的乌鲁木齐市公安局交警支队城市快速路大队民警对其进行盘查，被告人马哈三见状逃离现场。经依法搜查，从张某携带的手提包内搜出1块黑色塑料袋包装的块状物。经鉴定，查获的块状物为毒品海洛因，净重352.4克。2016年1月1日，被告人马哈三被甘肃省广河县公安局城关派出所抓获归案。 上述事实有下列证据证实： 1．公安机关出具的抓获经过、搜查证、搜查笔录证实，2014年7月31日10时许，乌鲁木齐市公安局交警支队城市快速路大队民警及乌鲁木齐市天山分局西河坝所民警在天山区人民路立交桥联合执法时发现张某形迹可疑，遂对其盘问，后从其随身携带的挎包内查获1块用黑色塑料袋包装的长方体块状物、3部手机。侦查人员对车牌号为甘N＊＊＊98银灰色中华牌小轿车车内及引擎盖内进行搜查，发现空气滤芯盒内无滤芯。2016年1月1日下午17时许，甘肃省广河县公安局城关派出所民警在处理纠纷过程中发现被告人马哈三系网上追逃人员，故对被告人马哈三进行控制并予以拘留。 2．毒品检验鉴定书、鉴定意见通知书、毒品移交清单证实，从张某包内缴获黑色塑料布包装的块状物1块，净重352.4克，从该白色块状物中检出海洛因成分。鉴定结论依法告知张某和被告人马哈三。涉案毒品已依法移交。 3．证人李庆波（乌鲁木齐市公安局交警支队城市快速路大队民警）证言证实，2014年7月31日上午10时许，其和同事在人民路桥面执勤时，发现1名妇女将1个长方体物体装入1个黑色塑料袋并放入路边垃圾桶内。约5分钟后，有1名25岁左右的男子翻垃圾桶，之后将1个黑色物体拿到手中，其令该男子站住并进行追赶，未果。其思量刚才那名女子肯定有问题，遂返回立交桥与同事将该女子控制住，对她的包进行检查，发现包中还有1块黑色长方形物体，长20厘米，厚3厘米，用黑色塑料袋包裹并用透明胶带缠绕。其到西河坝派出所报案，民警将该名女子带走。该女子名叫张某。 4．证人张某的证言证实，2014年7月28日，马哈三与其电话联系，他要出去玩，问其去不去，并告知其什么也别问。29日下午1点，马哈三驾驶车牌号为甘N＊＊＊98的车辆与其从临夏出发。当行驶至兰州时，马哈三告知其是去乌鲁木齐贩卖海洛因。快到乌鲁木齐时，马哈三拨打了1个电话说：“羊到了。”31日早上8时许，其与马哈三进入本市，住在黄河路附近。在停车场，马哈三从车引擎盖下拿出2包黑色塑料袋装的长方体块状物，他把东西放入其手提袋。之后，其和马哈三回了房间，再出来时，其发现其挎包变重，其知道马哈三将那2包黑色塑料袋装的长方体块状物放入其挎包。之后其和马哈三到达人民路立交桥附近，马哈三让其把包里的2包黑色塑料袋包装的长方体块状物中较小的1块扔到人民路立交桥上的垃圾筒里，并让其看他的手势。其按照他说的做后，一个交警拦着其问往垃圾桶里扔了什么东西，并把其带到马路中间，其趁交警打电话时间和马哈三通了电话。马哈三让其把包里的东西扔到桥下赶紧跑，接着他就挂了电话。这时交警让其把包里的东西都倒出来，之后把其带到派出所。其包里用黑色塑料袋包装的长方体块状物是海洛因。其扔在垃圾桶里的也是1包海洛因。其与马哈三来过本市3次，每次马哈三都自己开着车。马哈三系甘肃省广河县城关镇十里墩村人，他的电话是138XXXX2388、182XXXX2777、187XXXX1638。 5．涉案毒品照片及张某指认藏匿毒品车辆的照片证实，涉案毒品外包装情况，以及涉案车辆情况，照片内容与张某证言证实内容一致。 6．卡口照片证实，2014年7月1日14时46分35秒，被告人马哈三驾驶车牌号为甘N＊＊＊98中华牌小轿车通过英阿瓦提路由东向西卡口；2014年7月14日8时36分48秒，被告人马哈三驾驶车牌号为甘N＊＊＊98中华牌小轿车通过英阿瓦提路由西向东卡口，张某乘坐在副驾驶位置；2014年7月31日7时36分32秒，被告人马哈三驾驶车牌号为甘N＊＊＊98中华牌小轿车通过人民路西河坝后街由西向东卡口，张某乘坐在副驾驶位置。 7．证人赵某某（甘肃省广河县西川修理厂经营者）证言证实，2014年春节后有人向其送修车牌号为甘N＊＊＊98中华牌小轿车。其将该车购买下，待车辆修理好后，以29000元价格卖给了马哈三。马哈三以前是开货运车的司机，在其那里修过车。其和马哈三就购车事宜并未签订购车协议，马哈三仅给付其13000元，尚欠16000元。 8．证人马某某某（被告人马哈三之弟）证言证实，2014年7月底（开斋节后），马哈三驾驶一辆车牌号为甘N＊＊＊98的车辆离开住处后就没有见过他。马哈三之后与其通过3次电话。第1次通电话大概是2014年8月1日左右，他通过他使用的电话号码为138xxxx2388的手机与其联系，他告诉其他去外地玩几天，但没有告诉其在什么地方。三四天后，马哈三通过他使用的电话号码为182xxxxx2777的手机与其联系，告诉其他出事了，具体出什么事他表示来不及说，他口气十分着急。约1个星期后，马哈三通过区号是四川省的座机与其联系，告诉其他的朋友被警察抓了，他跑了，现在他好着呢，不用家人担心，其问他在哪里，他不告诉其。 9．证人马某（被告人马哈三同监室羁押人员）证言证实，在关押期间马哈三向其说过他的案情，马哈三说他和他前妻来乌鲁木齐市贩毒，其联系好买主，在乌鲁木齐市人民路立交桥附近，马哈三看见桥上有警察在检查车辆，他害怕，就叫他前妻去把包里毒品扔到垃圾桶里，他前妻被警察抓获，他乘乱逃跑了。毒品是他开一辆中华牌轿车从老家甘肃运到乌鲁木齐的。 10．证人岳某（被告人马哈三同监室羁押人员）证言证实，在羁押期间被告人马哈三向其说过他的案件情况，马哈三说他和他老婆从甘肃开车携带毒品来乌鲁木齐准备贩卖，在乌鲁木齐人民路立交桥上，他和他老婆在桥上行走时，他让他老婆把毒品扔到桥上的垃圾桶里，之后他老婆被警察抓获，他跑了。 11．证人艾某某（被告人马哈三同监室羁押人员）证言证实，其与马哈三在一起关押时其听马哈三说他和他老婆带着海洛因在乌鲁木齐市人民路立交桥行走时，看见有警察，马哈三就让他老婆将携带的海洛因扔到垃圾桶里，后来，他老婆被警察抓了，他当时跑了，警察没有抓上他。马哈三还告诉其他知道他老婆带着海洛因，这些海洛因是从宁夏（临夏）带过来的。 12．辨认笔录及照片证实，侦查人员让证人马某从2组12张男性照片中进行辨认，其辨认出第1组11号照片中男子、第2组12号照片中男子即是本案被告人马哈三。 辨认笔录及照片证实，侦查人员让证人岳某从两组12张男性照片中进行辨认，其辨认出第1组1号照片中男子、第2组10号照片中男子即是本案被告人马哈三。 辨认笔录及照片证实，侦查人员让证人艾某某从两组12张男性照片中进行辨认，其辨认出第1组9号照片中男子、第2组3号照片中男子即是本案被告人马哈三。 13．乌鲁木齐市第一看守所出具的调监记录证实，2016年1月5日至2016年6月3日，证人马某在609监室关押；2016年1月4日起证人岳某在609监室关押；2016年2月5日至2016年6月21日，证人艾某某在609监室关押；2016年1月15日至2016年3月8日，被告人马哈三在609监室关押。 14．被告人马哈三的供述与辩解证实，张某系其前妻，2014年7月28日左右，其驾驶车牌号为甘N＊＊＊98银灰色中华牌轿车与张某一起从甘肃省广河县来本市，路上走了2天左右，2014年7月31日到达本市。其和张某先到了黄河路附近的巴音宾馆办理了入住，之后当其和张某出门走到人民路立交桥附近时，张某被警察抓了，其就离开了。其身上只有电话和车钥匙，证件和钱包均在张某包里。其在1个停车场旅馆住了2天后，搭乘便车离开本市。 15．公安综合查询系统人口信息证实，被告人马哈三实施犯罪时已达到法定负完全刑事责任年龄。 上列证据经当庭质证，证据的来源合法，内容真实有效，可作为本案的定案依据，本院予以确认。 本院认为，被告人马哈三无视国家法律，非法运输毒品海洛因352.4克，其行为已构成运输毒品罪。关于被告人马哈三是否构成贩卖、运输毒品罪问题，虽然被告人马哈三辩解张某携带的涉案毒品其从未见过，与其无关，但是被告人马哈三认可其与张某驾驶车牌号为甘N＊＊＊98银灰色中华牌小轿车从甘肃省广河县前往本市，2014年7月31日，被告人马哈三与张某来到本市人民路立交桥附近，因张某形迹可疑，正在执勤的乌鲁木齐市公安局交警支队城市快速路大队民警对其进行盘查，被告人马哈三见状逃离现场，后从张某携带背包内搜查出毒品的事实。证人张某又指认涉案毒品是由被告人马哈三藏匿于涉案车辆甘N＊＊＊98引擎盖下从甘肃省广河县携带至本市，并交给其带至本市人民路立交桥附近的，张某的证言取证程序合法，且与证人马某、岳某、艾克拜·莫明的证言、搜查笔录、涉案车辆照片、卡口照片等证据相互印证，可以作为定案的依据。且本案中，被告人马哈三行为反常，当同行人员张某被警察盘问时，其置其身份证、银行卡等物品在张某身上不顾而逃离，后又给马某某（被告人的弟弟）打电话，告知其出事了，其朋友被警察抓了，其跑了，让家人不用担心。综上，本案在案证据足以认定被告人马哈三运输毒品的事实。公诉机关指控被告人马哈三构成运输毒品罪事实清楚，证据确实充分，指控被告人马哈三犯运输毒品罪的罪名成立，本院予以支持。本案在案证据并不能证实被告人马哈三所运输的毒品是为了贩卖的事实，辩护人关于被告人马哈三不构成贩卖毒品罪意见成立，本院予以采纳。我国刑法规定，运输毒品海洛因或甲基苯丙胺五十克以上的，处十五年有期徒刑、无期徒刑或者死刑，并处没收个人财产。为维护国家对毒品的管制制度不受破坏及保护公民身体健康权利不受侵犯，依照《中华人民共和国刑法》第三百四十七条第一款、第二款第（一）项、第五十五条、第五十六条、第五十九条、第六十四条之规定，判决如下： 被告人马哈三犯运输毒品罪，判处有期徒刑十五年，剥夺政治权利三年，并处没收个人财产三万元。 （刑期从判决执行之日起计算。判决执行以前先行羁押的，羁押一日折抵刑期一日，即自2016年1月1日起至2030年12月31日止）； 如不服本判决，可在接到判决书的第二日起十日内，通过本院或者直接向新疆维吾尔自治区高级人民法院提出上诉。书面上诉的，应当提交上诉状正本一份，副本二份。 审判长宋国建 代理审判员徐峰 人民陪审员李雪航 二〇一六年九月二十二日 书记员张龙龙","writId":"02927b7944d84d5a74944924fb00d4b33f8","writName":"马哈三走私、贩卖、运输、制造毒品罪一审刑事判决书"}
