{"ajId":"6948365a-e86b-4534-a79a-afa6cc2c2b89","ajName":"张峻龙滥伐林木罪一案","ajjbqk":" 长汀县人民检察院指控：2018年农历3月间，被告人张峻龙先后与长汀县宣成乡畲心村村民张某4等7人以口头或书面的形式签订了火烧迹地的《林木转让合同》，随后被告人张峻龙在未办理林木采伐手续的情况下，雇请工人在宣成乡畲心村羊角寨山场火烧迹地采伐林木。经福建鼎力司法鉴定中心鉴定，宣成乡畲心村羊角寨山场滥伐林木面积176亩，采伐树种为杉木、马尾松，采伐林木1163株（其中受害林木919株），采伐林木立木蓄积85.9706立方米（其中采伐杉木立木蓄积58.8718立方米，采伐马尾松立木蓄积27.0988立方米），折算原木材积58.5908立方米（其中采伐杉木原木材积38.2667立方米，采伐马尾松原木材积20.3241立方米）。 案发后，被告人张峻龙于2018年6月26日自动到长汀县公安局森林分局投案。 上述事实，公诉机关当庭出示了：《受案登记表》、《立案决定书》、《立案告知书》、《林权证》、《接受证据材料清单》及其接受物《山场承包协议合同书》、《收款收据》、《社员责任山清册》、《证明》、《林木转让合同》、《数据》、《扣押决定书》、《扣押笔录》及其《扣押清单》、《福建省代收行政罚款收据》、《户籍证明》、《到案经过说明》等相关证明，证人张某1、张某2、张某3、张某4、张某5、张某6、张某7、张某8、张某9、张某10、张某11、曾某、张某12、陈某1、罗某、陈某2的证言，被告人张峻龙的供述与辩解，福建鼎力司法鉴定中心出具的司法鉴定意见书，《现场勘验笔录》、《现场图》、《现场照片》、《辨认笔录》，《违法犯罪嫌疑人有无违法犯罪经历证明表》，《拘留证》、《取保候审决定书》、《释放通知书》等证据材料，以证明被告人张峻龙的上述犯罪事实。 公诉机关认为，被告人张峻龙违反国家森林法规，滥伐林木计立木蓄积85.9706立方米，数量较大，其行为触犯了《中华人民共和国刑法》第三百四十五条第二款的规定，应当以滥伐林木罪追究其刑事责任。案发后，被告人张峻龙自动到公安机关投案并如实供述了自己的罪行，系自首，可以从轻或者减轻处罚；被告人张峻龙滥伐的林木是火烧迹地上的林木，对生态环境危害小，且因造林的需要，又是必须采伐的林木，可以酌定从轻处罚；综上量刑情节，建议对被告人张峻龙滥伐林木罪判有期徒刑一年至一年三个月，并处罚金，可适用缓刑。 被告人张峻龙对公诉机关指控的犯罪事实均无异议，要求从轻处罚。 经审理查明：2018年农历3月间，被告人张峻龙先后与长汀县宣成乡畲心村村民张某4、张某5、张某7、张某8、张某9等人以口头或书面的形式签订了火烧迹地的《林木转让合同》，随后被告人张峻龙在未办理林木采伐手续的情况下，雇请工人张某11、张某10、曾某等人在位于宣成乡畲心村羊角寨（小地名：荷坑子、下大坑、捡寮坑、湖洋子），林业基本图008林班08大班030、031、032、033小班；09大班020、022、023小班；11大班020、030小班；14大班050班；010林班05大班020、030小班火烧迹地山场采伐林木，并雇请张某12进行开路，砍伐后于2018年5月16日、5月18日分别雇请陈某1（车牌号闽F×××××）、罗某（车牌号闽F×××××）将砍伐下的杉木、松某装好后进行运输销售，途中分别在策武镇麻陂的公路上和宣成乡长桥村被长汀县林业局执法大队查扣。查扣滥伐涉案木材计15.7606立方米（其中杉原木13.7966立方米，松原木1.964立方米），所扣木材经长汀县林业局于2018年10月29日进行公开拍卖，拍卖得款13989.94元。砍伐下的木材卖给陈某2一龙马车得款4098元，运往上杭销售给中都胶合板厂。案发后山场上砍伐下来的剩余木材，其中有16.23立方米杉木被林权山主运回用于修缮房屋，其余被村民捡回去搭猪栏、牛栏或当柴火用。经福建鼎力司法鉴定中心鉴定，宣成乡畲心村羊角寨山场滥伐林木面积176亩，采伐树种为杉木、马尾松，采伐林木1163株（其中受害林木919株），采伐林木立木蓄积85.9706立方米（其中采伐杉木立木蓄积58.8718立方米，采伐马尾松立木蓄积27.0988立方米），折算原木材积58.5908立方米（其中采伐杉木原木材积38.2667立方米，采伐马尾松原木材积20.3241立方米）。林木蓄积量为扣除林木受害部分的实际蓄积量。 案发后，被告人张峻龙于2018年6月26日自动到长汀县公安局森林分局投案。 认定上述事实有如下证据： 1、长汀县公安局制作的《扣押决定书》、扣押笔录、扣押清单、扣押物照片及其出具的《福建省代收行政罚款收据》，长汀县林业局出具的《单位重大事项报告表》、《罚没木材拍卖公告》等，证实2017年9月19日，长汀县公安局扣押了被告人张峻龙滥伐林木雇请的运输工具：一辆龙溪平和牌小货车，车牌号为闽F×××××、一辆中国重汽豪曼牌小型汽车，车牌号闽F×××××。扣押木材计15.7606立方米（其中杉原木13.7966立方米，松原木1.964立方米），拍卖得款13989.94元的事实。 2、长汀县公安局森林分局制作的《受案登记表》、长汀县公安局制作的《立案决定书》，证明2018年5月28日长汀县公安局森林分局接长汀县林业局移送被告人张峻龙涉嫌滥伐的林木，长汀县公安局森林分局于5月30日立案侦查的情况。 3、长汀县公安局策武派出所出具的《户籍证明》、长汀县公安局森林分局出具的《违法犯罪嫌疑人有无违法犯罪经历证明表》、长汀县公安局出具的《到案情况说明》，证实被告人张峻龙的出生年龄，无违法犯罪经历和到案情况。 4、长汀县公安局森林分局制作的《接受证据材料清单》及其接受物《山场承包协议合同书》、《收款收据》、《社员责任山清册》、《林木转让合同》、《数据》；长汀县宣成林业站出具的《林权证》，长汀县宣成乡畲心村出具的《证明》：证实被告人张峻龙滥伐林木出场为宣成乡畲心村羊角寨荷坑子、下大坑、捡寮坑、湖洋子等地火烧迹地山场，林权所有人为张某4、张某5、张某7、张某8、张某15等人所有。 5、证人张某1、张某2、张某3、张某13的证言，证实被告人张峻龙有向村委申请办理火烧迹地采伐林木和向自留山山主购买山场林木事宜。 6、证人张某4、张某7、张某5、张某8、张某9的证言，证实：被告人张峻龙有找他们口头或书面的形式签订了火烧迹地的林木转让合同或协议。 7、证人张某11、曾某、张某10、张某12的证言，证实其受被告人张峻龙所雇请帮砍伐林木或开路的事实。 8、证人陈某1、罗某、陈某2的证言，证实：将砍伐下的杉木、松某装好后进行运输销售，途中分别在策武镇麻陂的公路上和宣成乡长桥村被长汀县林业局执法大队查扣和砍伐下的木材卖给陈某2一龙马车得款4098元，运往上杭销售给中都胶合板厂的事实。 9、证人张某14的证言，证实有16.23立方米杉木被其运回用于修缮房屋的事实。 10、被告人张峻龙的供述与辩解，证实其犯罪经过。 11、福建鼎力司法鉴定中心出具的闽［2018］林鉴字第198、［2019］林鉴字第086号司法鉴定意见书，证实：位于宣成乡畲心村羊角寨（小地名：荷坑子、下大坑、捡寮坑、湖洋子），林业基本图008林班08大班030、031、032、033小班；09大班020、022、023小班；11大班020、030小班；14大班050班；010林班05大班020、030小班火烧迹地山场，滥伐林木面积176亩，采伐树种为杉木、马尾松，采伐林木1163株（其中受害林木919株），采伐林木立木蓄积85.9706立方米（其中采伐杉木立木蓄积58.8718立方米，采伐马尾松立木蓄积27.0988立方米），折算原木材积58.5908立方米（其中采伐杉木原木材积38.2667立方米，采伐马尾松原木材积20.3241立方米）。林木蓄积量为扣除林木受害部分的实际蓄积量。 12、长汀县公安局森林分局2018年6月22日制作的《现场勘查笔录》、《现场勘验照片》、《现场示意图》，证实长汀县公安局民警对长汀县宣成乡畲心村羊角寨山场盗伐林木现场进行勘验的情况。 13、长汀县公安局森林分局制作的《辨认笔录》、辨认照片、指认照片，证实被告人张峻龙对其滥伐林木的荷坑子、下大坑、捡寮坑、湖洋子山场和木材伐根以及木材销售运输的车辆的辨认情况。证人曾某、张某14现场辨认砍伐山场和砍伐的部分杉木被用于修缮房屋的事实。 14、长汀县公安局制作的《拘留证》、《取保候审决定书》等，证实被告人张峻龙被采取强制措施的情况。 上述证据，经庭审质证，被告人张峻龙均未提出异议，证据取证程序合法，证据内容客观真实，证据间能相互印证，与本案事实存在关联性，可以作为认定本案事实的依据，予以确认。 在本院审理过程中，被告人张峻龙主动退出滥伐林木的赃款人民币4098元，预缴罚金人民币40000元。 ","cpfxgc":"本院认为，被告人张峻龙违反国家森林法规，滥伐林木计立木蓄积85.9706立方米，数量较大，其行为已构成滥伐林木罪。公诉机关指控被告人张峻龙犯滥伐林木罪的罪名成立。被告人张峻龙犯滥伐林木罪，依法应当判处三年以下有期徒刑，拘役或者管制，并处或者单处罚金。被告人张峻龙自动到长汀县公安局森林分局投案并如实供述了自己的罪行，是自首，可依法从轻处罚。鉴于被告人到案后自愿认罪，主动预交罚金，退出全部赃款等悔罪表现，可酌情从轻处罚。综合以上情形，本院认为对被告人可判处缓刑处罚。公诉机关建议对被告人张峻龙适用缓刑的意见，予以采纳。综上，根据被告人张峻龙的犯罪事实、性质、情节及对社会的危害程度，依照《中华人民共和国刑法》第三百四十五条第二款、第六十一条、第六十七条第一款、第五十二条、第六十四条的规定，判决如下：","pjjg":" 一、被告人张峻龙犯滥伐林木罪，判处有期徒刑一年六个月，缓刑二年，并处罚金人民币四万元（已预缴）。 （缓刑考验期限，从判决确定之日起计算；罚金于本判决生效之日缴纳。） 二、违法所得人民币4098元依法予以没收，上缴国库；扣押木材拍卖款13989.94元，由暂扣单位长汀县公安局森林分局上缴国库。 如不服本判决，可在接到判决书的第二日起十日内，通过本院或者直接向龙岩市中级人民法院提出上诉。书面上诉的，应当提交上诉状正本一份，副本二份。","qw":"福建省长汀县人民法院 刑事判决书 （2019）闽0821刑初172号 公诉机关长汀县人民检察院。 被告人张峻龙（又名张马龙），男，1970年6月21日出生于福建省长汀县，汉族，小学文化，农民，户籍所在地为福建省长汀县，现居住在福建省长汀县。2018年6月26日因涉嫌滥伐林木罪被长汀县公安局刑事拘留，同年7月10日经长汀县人民检察院不批准逮捕，同日由长汀县公安局决定并执行取保候审，2019年2月26日由长汀县人民检察院决定并由长汀县公安局执行取保候审，2019年4月30日由本院决定并由长汀县公安局执行取保候审。 被告人张峻龙被控滥伐林木一案，长汀县人民检察院于2019年4月30日以汀检生刑诉［2019］7号起诉书向本院提起公诉。本院于同日立案受理后，依法组成合议庭，于同年5月29日公开开庭审理了本案。长汀县人民检察院指派检察员李佳卿、助理检察员谢丁祥出庭支持公诉，被告人张峻龙到庭参加了诉讼。现已审理终结。 长汀县人民检察院指控：2018年农历3月间，被告人张峻龙先后与长汀县宣成乡畲心村村民张某4等7人以口头或书面的形式签订了火烧迹地的《林木转让合同》，随后被告人张峻龙在未办理林木采伐手续的情况下，雇请工人在宣成乡畲心村羊角寨山场火烧迹地采伐林木。经福建鼎力司法鉴定中心鉴定，宣成乡畲心村羊角寨山场滥伐林木面积176亩，采伐树种为杉木、马尾松，采伐林木1163株（其中受害林木919株），采伐林木立木蓄积85.9706立方米（其中采伐杉木立木蓄积58.8718立方米，采伐马尾松立木蓄积27.0988立方米），折算原木材积58.5908立方米（其中采伐杉木原木材积38.2667立方米，采伐马尾松原木材积20.3241立方米）。 案发后，被告人张峻龙于2018年6月26日自动到长汀县公安局森林分局投案。 上述事实，公诉机关当庭出示了：《受案登记表》、《立案决定书》、《立案告知书》、《林权证》、《接受证据材料清单》及其接受物《山场承包协议合同书》、《收款收据》、《社员责任山清册》、《证明》、《林木转让合同》、《数据》、《扣押决定书》、《扣押笔录》及其《扣押清单》、《福建省代收行政罚款收据》、《户籍证明》、《到案经过说明》等相关证明，证人张某1、张某2、张某3、张某4、张某5、张某6、张某7、张某8、张某9、张某10、张某11、曾某、张某12、陈某1、罗某、陈某2的证言，被告人张峻龙的供述与辩解，福建鼎力司法鉴定中心出具的司法鉴定意见书，《现场勘验笔录》、《现场图》、《现场照片》、《辨认笔录》，《违法犯罪嫌疑人有无违法犯罪经历证明表》，《拘留证》、《取保候审决定书》、《释放通知书》等证据材料，以证明被告人张峻龙的上述犯罪事实。 公诉机关认为，被告人张峻龙违反国家森林法规，滥伐林木计立木蓄积85.9706立方米，数量较大，其行为触犯了《中华人民共和国刑法》第三百四十五条第二款的规定，应当以滥伐林木罪追究其刑事责任。案发后，被告人张峻龙自动到公安机关投案并如实供述了自己的罪行，系自首，可以从轻或者减轻处罚；被告人张峻龙滥伐的林木是火烧迹地上的林木，对生态环境危害小，且因造林的需要，又是必须采伐的林木，可以酌定从轻处罚；综上量刑情节，建议对被告人张峻龙滥伐林木罪判有期徒刑一年至一年三个月，并处罚金，可适用缓刑。 被告人张峻龙对公诉机关指控的犯罪事实均无异议，要求从轻处罚。 经审理查明：2018年农历3月间，被告人张峻龙先后与长汀县宣成乡畲心村村民张某4、张某5、张某7、张某8、张某9等人以口头或书面的形式签订了火烧迹地的《林木转让合同》，随后被告人张峻龙在未办理林木采伐手续的情况下，雇请工人张某11、张某10、曾某等人在位于宣成乡畲心村羊角寨（小地名：荷坑子、下大坑、捡寮坑、湖洋子），林业基本图008林班08大班030、031、032、033小班；09大班020、022、023小班；11大班020、030小班；14大班050班；010林班05大班020、030小班火烧迹地山场采伐林木，并雇请张某12进行开路，砍伐后于2018年5月16日、5月18日分别雇请陈某1（车牌号闽F×××××）、罗某（车牌号闽F×××××）将砍伐下的杉木、松某装好后进行运输销售，途中分别在策武镇麻陂的公路上和宣成乡长桥村被长汀县林业局执法大队查扣。查扣滥伐涉案木材计15.7606立方米（其中杉原木13.7966立方米，松原木1.964立方米），所扣木材经长汀县林业局于2018年10月29日进行公开拍卖，拍卖得款13989.94元。砍伐下的木材卖给陈某2一龙马车得款4098元，运往上杭销售给中都胶合板厂。案发后山场上砍伐下来的剩余木材，其中有16.23立方米杉木被林权山主运回用于修缮房屋，其余被村民捡回去搭猪栏、牛栏或当柴火用。经福建鼎力司法鉴定中心鉴定，宣成乡畲心村羊角寨山场滥伐林木面积176亩，采伐树种为杉木、马尾松，采伐林木1163株（其中受害林木919株），采伐林木立木蓄积85.9706立方米（其中采伐杉木立木蓄积58.8718立方米，采伐马尾松立木蓄积27.0988立方米），折算原木材积58.5908立方米（其中采伐杉木原木材积38.2667立方米，采伐马尾松原木材积20.3241立方米）。林木蓄积量为扣除林木受害部分的实际蓄积量。 案发后，被告人张峻龙于2018年6月26日自动到长汀县公安局森林分局投案。 认定上述事实有如下证据： 1、长汀县公安局制作的《扣押决定书》、扣押笔录、扣押清单、扣押物照片及其出具的《福建省代收行政罚款收据》，长汀县林业局出具的《单位重大事项报告表》、《罚没木材拍卖公告》等，证实2017年9月19日，长汀县公安局扣押了被告人张峻龙滥伐林木雇请的运输工具：一辆龙溪平和牌小货车，车牌号为闽F×××××、一辆中国重汽豪曼牌小型汽车，车牌号闽F×××××。扣押木材计15.7606立方米（其中杉原木13.7966立方米，松原木1.964立方米），拍卖得款13989.94元的事实。 2、长汀县公安局森林分局制作的《受案登记表》、长汀县公安局制作的《立案决定书》，证明2018年5月28日长汀县公安局森林分局接长汀县林业局移送被告人张峻龙涉嫌滥伐的林木，长汀县公安局森林分局于5月30日立案侦查的情况。 3、长汀县公安局策武派出所出具的《户籍证明》、长汀县公安局森林分局出具的《违法犯罪嫌疑人有无违法犯罪经历证明表》、长汀县公安局出具的《到案情况说明》，证实被告人张峻龙的出生年龄，无违法犯罪经历和到案情况。 4、长汀县公安局森林分局制作的《接受证据材料清单》及其接受物《山场承包协议合同书》、《收款收据》、《社员责任山清册》、《林木转让合同》、《数据》；长汀县宣成林业站出具的《林权证》，长汀县宣成乡畲心村出具的《证明》：证实被告人张峻龙滥伐林木出场为宣成乡畲心村羊角寨荷坑子、下大坑、捡寮坑、湖洋子等地火烧迹地山场，林权所有人为张某4、张某5、张某7、张某8、张某15等人所有。 5、证人张某1、张某2、张某3、张某13的证言，证实被告人张峻龙有向村委申请办理火烧迹地采伐林木和向自留山山主购买山场林木事宜。 6、证人张某4、张某7、张某5、张某8、张某9的证言，证实：被告人张峻龙有找他们口头或书面的形式签订了火烧迹地的林木转让合同或协议。 7、证人张某11、曾某、张某10、张某12的证言，证实其受被告人张峻龙所雇请帮砍伐林木或开路的事实。 8、证人陈某1、罗某、陈某2的证言，证实：将砍伐下的杉木、松某装好后进行运输销售，途中分别在策武镇麻陂的公路上和宣成乡长桥村被长汀县林业局执法大队查扣和砍伐下的木材卖给陈某2一龙马车得款4098元，运往上杭销售给中都胶合板厂的事实。 9、证人张某14的证言，证实有16.23立方米杉木被其运回用于修缮房屋的事实。 10、被告人张峻龙的供述与辩解，证实其犯罪经过。 11、福建鼎力司法鉴定中心出具的闽［2018］林鉴字第198、［2019］林鉴字第086号司法鉴定意见书，证实：位于宣成乡畲心村羊角寨（小地名：荷坑子、下大坑、捡寮坑、湖洋子），林业基本图008林班08大班030、031、032、033小班；09大班020、022、023小班；11大班020、030小班；14大班050班；010林班05大班020、030小班火烧迹地山场，滥伐林木面积176亩，采伐树种为杉木、马尾松，采伐林木1163株（其中受害林木919株），采伐林木立木蓄积85.9706立方米（其中采伐杉木立木蓄积58.8718立方米，采伐马尾松立木蓄积27.0988立方米），折算原木材积58.5908立方米（其中采伐杉木原木材积38.2667立方米，采伐马尾松原木材积20.3241立方米）。林木蓄积量为扣除林木受害部分的实际蓄积量。 12、长汀县公安局森林分局2018年6月22日制作的《现场勘查笔录》、《现场勘验照片》、《现场示意图》，证实长汀县公安局民警对长汀县宣成乡畲心村羊角寨山场盗伐林木现场进行勘验的情况。 13、长汀县公安局森林分局制作的《辨认笔录》、辨认照片、指认照片，证实被告人张峻龙对其滥伐林木的荷坑子、下大坑、捡寮坑、湖洋子山场和木材伐根以及木材销售运输的车辆的辨认情况。证人曾某、张某14现场辨认砍伐山场和砍伐的部分杉木被用于修缮房屋的事实。 14、长汀县公安局制作的《拘留证》、《取保候审决定书》等，证实被告人张峻龙被采取强制措施的情况。 上述证据，经庭审质证，被告人张峻龙均未提出异议，证据取证程序合法，证据内容客观真实，证据间能相互印证，与本案事实存在关联性，可以作为认定本案事实的依据，予以确认。 在本院审理过程中，被告人张峻龙主动退出滥伐林木的赃款人民币4098元，预缴罚金人民币40000元。 本院认为，被告人张峻龙违反国家森林法规，滥伐林木计立木蓄积85.9706立方米，数量较大，其行为已构成滥伐林木罪。公诉机关指控被告人张峻龙犯滥伐林木罪的罪名成立。被告人张峻龙犯滥伐林木罪，依法应当判处三年以下有期徒刑，拘役或者管制，并处或者单处罚金。被告人张峻龙自动到长汀县公安局森林分局投案并如实供述了自己的罪行，是自首，可依法从轻处罚。鉴于被告人到案后自愿认罪，主动预交罚金，退出全部赃款等悔罪表现，可酌情从轻处罚。综合以上情形，本院认为对被告人可判处缓刑处罚。公诉机关建议对被告人张峻龙适用缓刑的意见，予以采纳。综上，根据被告人张峻龙的犯罪事实、性质、情节及对社会的危害程度，依照《中华人民共和国刑法》第三百四十五条第二款、第六十一条、第六十七条第一款、第五十二条、第六十四条的规定，判决如下： 一、被告人张峻龙犯滥伐林木罪，判处有期徒刑一年六个月，缓刑二年，并处罚金人民币四万元（已预缴）。 （缓刑考验期限，从判决确定之日起计算；罚金于本判决生效之日缴纳。） 二、违法所得人民币4098元依法予以没收，上缴国库；扣押木材拍卖款13989.94元，由暂扣单位长汀县公安局森林分局上缴国库。 如不服本判决，可在接到判决书的第二日起十日内，通过本院或者直接向龙岩市中级人民法院提出上诉。书面上诉的，应当提交上诉状正本一份，副本二份。 审判长王敬生 人民陪审员邹忠卿 人民陪审员吴智梅 二〇一九年六月四日 法官助理丘祥琳 代理书记员赖婷 附注：本案所引用的主要法律条文 《中华人民共和国刑法》 第三百四十五条［盗伐林木罪］盗伐森林或者其他林木，数量较大的，处三年以下有期徒刑、拘役或者管制，并处或者单处罚金；数量巨大的，处三年以上七年以下有期徒刑，并处罚金；数量特别巨大的，处七年以上有期徒刑，并处罚金。 ［滥伐林木罪］违反森林法的规定，滥伐森林或者其他林木，数量较大的，处三年以下有期徒刑、拘役或者管制，并处或者单处罚金；数量巨大的，处三年以上七年以下有期徒刑，并处罚金。 ［非法收购、运输盗伐、滥伐的林木罪］非法收购、运输明知是盗伐、滥伐的林木，情节严重的，处三年以下有期徒刑、拘役或者管制，并处或者单处罚金；情节特别严重的，处三年以上七年以下有期徒刑，并处罚金。 盗伐、滥伐国家级自然保护区内的森林或者其他林木的，从重处罚。 第六十一条［量刑的一般原则］对于犯罪分子决定刑罚的时候，应当根据犯罪的事实、犯罪的性质、情节和对于社会的危害程度，依照本法的有关规定判处。 第六十七条［自首］犯罪以后自动投案，如实供述自己的罪行的，是自首。对于自首的犯罪分子，可以从轻或者减轻处罚。其中，犯罪较轻的，可以免除处罚。 被采取强制措施的犯罪嫌疑人、被告人和正在服刑的罪犯，如实供述司法机关还未掌握的本人其他罪行的，以自首论。 犯罪嫌疑人虽不具有前两款规定的自首情节，但是如实供述自己罪行的，可以从轻处罚；因其如实供述自己罪行，避免特别严重后果发生的，可以减轻处罚。 第五十二条［罚金数额的裁量］判处罚金，应当根据犯罪情节决定罚金数额。 第六十四条［犯罪物品的处理］犯罪分子违法所得的一切财物，应当予以追缴或者责令退赔；对被害人的合法财产，应当及时返还；违禁品和供犯罪所用的本人财物，应当予以没收。没收的财物和罚金，一律上缴国库，不得挪用和自行处理。 -1-","writId":"03461fbac46ec45689d00464bde0fb97634","writName":"张峻龙滥伐林木罪一审刑事判决书"}
