{"ajId":"7dd0b6c8-1c58-4e59-a6eb-f66c43567c5a","ajName":"彭良发滥伐林木一案","ajjbqk":" 经审理查明： 2016年5月份，被告人彭良发、戴某2（已死亡）合股以11万元的价格向陈某1、陈某2购买位于仙游县“洪山”山场被霜冻的一片林木。2016年5月至7月间，被告人彭良发伙同同案人戴某2在没有办理林木采伐许可证的情况下，擅自雇佣民工到“洪山”山场砍伐林木，所砍伐的林木雇佣张洪炎（另案处理）运输出售给仙游县枫亭镇九社村伟成木材加工场的林金魁（另案处理），得木材款233400元。经仙游县林业局规划队鉴定，该山场被采伐桉树林木蓄积量为336.0461立方米，出材241.7523立方米，被采伐林木为生态公益林。 2017年8月18日晚上11时许，被告人彭良发回家后准备第二天投案时被仙游县公安局赖店派出所抓获。 上述事实，被告人彭良发在庭审过程中亦无异议，且有书证被告人彭良发户籍证明，违法犯罪经历查询情况表，接受证据材料清单，仙政林证字（2007）第16060016号林权证，林木采伐许可证，仙游县思达利农民专业合作社营业执照，仙游县枫亭镇伟成木材加工场营业执照，租赁合同，借条，收款收据，仙政林证字（2011）第00058号林权证，协议书，火化证，仙游县公安局赖店派出所出具的到案经过、工作说明，福建省仙游县林业局出具的函（换算巨尾桉立木蓄积量），《关于制定仙游县伐区立木树干材种出材率的通知》，仙游县木材检验中心《关于换算林木原木材积的函复》，仙游县公安局赖店森林派出所《关于换算林木原木材积工作说明》，林某2转账至陈某1及彭良发的银行交易记录，购销合同，林某2中信银行账户交易往来明细（与彭良发、陈某1），陈某1仙游县农村信用合作联社赖店信用社账号存款明细账（与林某2），彭良发儿子彭某1手机182××××6400与彭良发150××××2748通话记录，仙游县郊尾镇古店村民委员会出具的证明，证人戴某1、陈某1、陈某2、薛某、陈某3、潘某、张某、陈某4、傅某、谢某、黄某1、林某1、彭某1、彭某2证言，被告人彭良发的供述和辩解，仙游县林业局规划队鉴定意见书（仙林规［2016］林某3第52号、仙林规［2016］林某3第53号），（桉树）伐根材积计算表，郊尾镇古店洪山寺后山桉树采伐示意图，辨认笔录、被辨认人照片列表及被辨认人身份情况说明，现场勘查笔录（2016年9月13日）、仙游县“洪山”山场滥伐林木现场方位图、现场勘查示意图、现场照片，现场勘查笔录（2016年10月27日）、仙游县“洪山”山场滥伐林木第二次现场方位图、第二次现场勘查示意图、第二次现场勘查照片，现场勘查笔录（2016年10月17日）、仙游县枫亭镇伟成木材加工场非法收购加工木材现场方位图、现场示意图、现场勘查照片，提取笔录等证据证实，足以认定。 ","cpfxgc":"本院认为，被告人彭良发违反森林法及其他保护森林法规，未经林业行政主管部门批准并核发许可证，伙同他人采伐购买的林木，折合林木蓄积量为336.0461立方米，数量巨大，其行为构成滥伐林木罪，系共同犯罪。公诉机关指控的罪名成立，本院予以支持。鉴于被告人彭良发案发后于2017年8月18日晚上11时从外地回家确已准备第二天去投案，被公安机关抓获，应当认定为自动投案，投案后能如实供述自己的犯罪事实，庭审中又自愿认罪，属自首，可予从轻处罚。被告人彭良发关于对其从轻处罚的自行辩护意见予以采纳。根据被告人的犯罪事实、性质、情节和对社会的危害程度及悔罪态度，依照《中华人民共和国刑法》第三百四十五条第二款、第二十五条第一款、第五十二条、第五十三条、第六十四条、第六十七条第一款、第六十一条和《最高人民法院〈关于审理破坏森林资源刑事案件具体应用法律若干问题的解释〉》第五条第一款第㈠项、第六条的规定，判决如下：","pjjg":" 被告人彭良发犯滥伐林木罪，判处有期徒刑三年六个月，并处罚金人民币一万五千元。 （刑期从判决执行之日起计算。判决执行以前先行羁押的，羁押一日折抵刑期一日，即自二0一七年八月十八日起至二0二一年二月十七日止，罚金限本判决生效之日起十日内缴纳） 如不服本判决，可在接到判决书的第二日起十日内，通过本院或者直接向莆田市中级人民法院提出上诉。书面上诉的，应当提交上诉状正本一份，副本二份。","qw":"福建省仙游县人民法院 刑事判决书 （2018）闽0322刑初3号 公诉机关福建省仙游县人民检察院。 被告人彭良发，男，1969年6月29日出生于福建省仙游县，汉族，农民，初中文化，住福建省仙游县，因涉嫌犯滥伐林木罪于2017年8月19日被仙游县公安局刑事拘留，同年9月21日被执行逮捕。现羁押在仙游县看守所。 福建省仙游县人民检察院以仙检生态刑诉［2018］1号起诉书指控被告人彭良发犯滥伐林木罪，于2018年1月1日向本院提起公诉。本院依法适用简易程序，组成合议庭，公开开庭进行了审理。仙游县人民检察院指派检察员黄朝鹏出庭支持公诉，被告人彭良发到庭参加诉讼。现已审理终结。 经审理查明： 2016年5月份，被告人彭良发、戴某2（已死亡）合股以11万元的价格向陈某1、陈某2购买位于仙游县“洪山”山场被霜冻的一片林木。2016年5月至7月间，被告人彭良发伙同同案人戴某2在没有办理林木采伐许可证的情况下，擅自雇佣民工到“洪山”山场砍伐林木，所砍伐的林木雇佣张洪炎（另案处理）运输出售给仙游县枫亭镇九社村伟成木材加工场的林金魁（另案处理），得木材款233400元。经仙游县林业局规划队鉴定，该山场被采伐桉树林木蓄积量为336.0461立方米，出材241.7523立方米，被采伐林木为生态公益林。 2017年8月18日晚上11时许，被告人彭良发回家后准备第二天投案时被仙游县公安局赖店派出所抓获。 上述事实，被告人彭良发在庭审过程中亦无异议，且有书证被告人彭良发户籍证明，违法犯罪经历查询情况表，接受证据材料清单，仙政林证字（2007）第16060016号林权证，林木采伐许可证，仙游县思达利农民专业合作社营业执照，仙游县枫亭镇伟成木材加工场营业执照，租赁合同，借条，收款收据，仙政林证字（2011）第00058号林权证，协议书，火化证，仙游县公安局赖店派出所出具的到案经过、工作说明，福建省仙游县林业局出具的函（换算巨尾桉立木蓄积量），《关于制定仙游县伐区立木树干材种出材率的通知》，仙游县木材检验中心《关于换算林木原木材积的函复》，仙游县公安局赖店森林派出所《关于换算林木原木材积工作说明》，林某2转账至陈某1及彭良发的银行交易记录，购销合同，林某2中信银行账户交易往来明细（与彭良发、陈某1），陈某1仙游县农村信用合作联社赖店信用社账号存款明细账（与林某2），彭良发儿子彭某1手机182××××6400与彭良发150××××2748通话记录，仙游县郊尾镇古店村民委员会出具的证明，证人戴某1、陈某1、陈某2、薛某、陈某3、潘某、张某、陈某4、傅某、谢某、黄某1、林某1、彭某1、彭某2证言，被告人彭良发的供述和辩解，仙游县林业局规划队鉴定意见书（仙林规［2016］林某3第52号、仙林规［2016］林某3第53号），（桉树）伐根材积计算表，郊尾镇古店洪山寺后山桉树采伐示意图，辨认笔录、被辨认人照片列表及被辨认人身份情况说明，现场勘查笔录（2016年9月13日）、仙游县“洪山”山场滥伐林木现场方位图、现场勘查示意图、现场照片，现场勘查笔录（2016年10月27日）、仙游县“洪山”山场滥伐林木第二次现场方位图、第二次现场勘查示意图、第二次现场勘查照片，现场勘查笔录（2016年10月17日）、仙游县枫亭镇伟成木材加工场非法收购加工木材现场方位图、现场示意图、现场勘查照片，提取笔录等证据证实，足以认定。 本院认为，被告人彭良发违反森林法及其他保护森林法规，未经林业行政主管部门批准并核发许可证，伙同他人采伐购买的林木，折合林木蓄积量为336.0461立方米，数量巨大，其行为构成滥伐林木罪，系共同犯罪。公诉机关指控的罪名成立，本院予以支持。鉴于被告人彭良发案发后于2017年8月18日晚上11时从外地回家确已准备第二天去投案，被公安机关抓获，应当认定为自动投案，投案后能如实供述自己的犯罪事实，庭审中又自愿认罪，属自首，可予从轻处罚。被告人彭良发关于对其从轻处罚的自行辩护意见予以采纳。根据被告人的犯罪事实、性质、情节和对社会的危害程度及悔罪态度，依照《中华人民共和国刑法》第三百四十五条第二款、第二十五条第一款、第五十二条、第五十三条、第六十四条、第六十七条第一款、第六十一条和《最高人民法院〈关于审理破坏森林资源刑事案件具体应用法律若干问题的解释〉》第五条第一款第㈠项、第六条的规定，判决如下： 被告人彭良发犯滥伐林木罪，判处有期徒刑三年六个月，并处罚金人民币一万五千元。 （刑期从判决执行之日起计算。判决执行以前先行羁押的，羁押一日折抵刑期一日，即自二0一七年八月十八日起至二0二一年二月十七日止，罚金限本判决生效之日起十日内缴纳） 如不服本判决，可在接到判决书的第二日起十日内，通过本院或者直接向莆田市中级人民法院提出上诉。书面上诉的，应当提交上诉状正本一份，副本二份。 审判长鲍巧新 人民陪审员张文胜 人民陪审员林丽莺 二〇一八年二月八日 书记员柯燊 附主要法律条文： 一、《中华人民共和国刑法》： 第三百四十五条盗伐森林或者其他林木，数量较大的，处三年以下有期徒刑、拘役或者管制，并处或者单处罚金；数量巨大的，处三年以上七年以下有期徒刑，并处罚金；数量特别巨大的，处七年以上有期徒刑，并处罚金。 违反森林法的规定，滥伐森林或者其他林木，数量较大的，处三年以下有期徒刑、拘役或者管制，并处或者单处罚金；数量巨大的，处三年以上七年以下有期徒刑，并处罚金。 非法收购、运输明知是盗伐、滥伐的林木，情节严重的，处三年以下有期徒刑、拘役或者管制，并处或者单处罚金；情节特别严重的，处三年以上七年以下有期徒刑，并处罚金。 盗伐、滥伐国家级自然保护区内的森林或者其他林木的，从重处罚。 第二十五条共同犯罪是指二人以上共同故意犯罪。 二人以上共同过失犯罪，不以共同犯罪论处；应当负刑事责任的，按照他们所犯的罪分别处罚。 第五十二条判处罚金，应当根据犯罪情节决定罚金数额。 第五十三条罚金在判决指定的期限内一次或者分期缴纳。期满不缴纳的，强制缴纳。对于不能全部缴纳罚金的，人民法院在任何时候发现被执行人有可以执行的财产，应当随时追缴。如果由于遭遇不能抗拒的灾祸缴纳确实有困难的，可以酌情减少或者免除。 第六十四条犯罪分子违法所得的一切财物，应当予以追缴或者责令退赔；对被害人的合法财产，应当及时返还；违禁品和供犯罪所用的本人财物，应当予以没收。没收的财物和罚金，一律上缴国库，不得挪用和自行处理。 第六十一条对于犯罪分子决定刑罚的时候，应当根据犯罪的事实、犯罪的性质、情节和对于社会的危害程度，依照本法的有关规定判处。 第六十七条犯罪以后自动投案，如实供述自己的罪行的，是自首。对于自首的犯罪分子，可以从轻或者减轻处罚。其中，犯罪较轻的，可以免除处罚。 被采取强制措施的犯罪嫌疑人、被告人和正在服刑的罪犯，如实供述司法机关还未掌握的本人其他罪行的，以自首论。 犯罪嫌疑人虽不具有前两款规定的自首情节，但是如实供述自己罪行的，可以从轻处罚；因其如实供述自己罪行，避免特别严重后果发生的，可以减轻处罚。 二、《最高人民法院关于审理破坏森林资源（。http：。／。。／。205.0.0.7。／。claw。／。ApiSearch．dll。ShowRecordText。Db=chl&Id=34&Gid=34733&ShowLink=false&PreSelectId=195556152&Page=1&PageSize=20\"＼l\"m_font_2#m_font_2。）刑事案件具体应用法律若干问题的解释》 第五条违反森林法（。javascript：SLC（20095，0）。）的规定，具有下列情形之一，数量较大的，依照刑法（。javascript：SLC（17010，0）。）第三百四十五条（。javascript：SLC（17010，345）。）第二款的规定，以滥伐林木罪定罪处罚： （一）未经林业行政主管部门及法律规定的其他主管部门批准并核发林木采伐许可证，或者虽持有林木采伐许可证，但违反林木采伐许可证规定的时间、数量、树种或者方式，任意采伐本单位所有或者本人所有的森林或者其他林木的； （二）超过林木采伐许可证规定的数量采伐他人所有的森林或者其他林木的。 林木权属争议一方在林木权属确权之前，擅自砍伐森林或者其他林木，数量较大的，以滥伐林木罪论处。 第六条滥伐林木“数量较大”，以十至二十立方米或者幼树五百至一千株为起点；滥伐林木“数量巨大”，以五十至一百立方米或者幼树二千五百至五千株为起点。","writId":"059a62e77ba28bd7a92deb450beefb12385","writName":"彭良发滥伐林木一审刑事判决书"}
