{"ajId":"71d744bc-f645-427c-bcb5-385f964214df","ajName":"赵泽浩强奸一案","ajjbqk":" 公诉机关指控：被告人赵泽浩于2017年9月29日4时许，在本市朝阳区某酒店十里堡慈云寺店421号房间内，强行与被害人葛某（女，25岁，河北省人）发生性关系。被告人赵泽浩于2017年9月29日被公安机关抓获归案。 对指控的上述事实，公诉机关当庭宣读和出示了被害人陈述、证人证言、鉴定意见、被告人供述等证据，认为被告人赵泽浩的行为已构成强奸罪。建议判处被告人赵泽浩有期徒刑四至六年。 被告人赵泽浩当庭辩称是被害人自愿与其发生性关系的，其没有强奸被害人。其辩护人认为指控被告人犯强奸罪的证据不足。 经审理查明：被告人赵泽浩于2017年9月29日4时许，在本市朝阳区某酒店十里堡慈云寺店421号房间内，强行与被害人葛某（女，25岁，河北省人）发生性关系。2017年9月29日公安机关将被告人赵泽浩约至派出所处理。 针对上述事实，公诉机关提供了下列证据予以证实： 1、被害人葛某陈述证明：2017年9月27日，其通过一个叫“某平台”的贷款平台办理贷款并交纳了1万元的费用。后来，其在贷款公司附近朝阳区上述地址的酒店开了房间住下了。9月28日17时许，一男子给其打了电话，称是带其面签办理贷款的人。二人就约了地点并见了面，该男子说她背材料背的不好。当时天黑了，其要回酒店。男子称要跟其回酒店，监督其背诵准备面签的材料。其就跟该男子一起回到了酒店。回到酒店，其就一直背诵材料。中间其趴在桌子上休息了一会儿，该男子躺在床上睡了会儿。后其让男子离开，男子称累了，还说其别想多了。其通过接触，也觉得男子不是坏人，就没多想。其就躺在床上睡着了。在其睡觉时，其迷迷糊糊感觉有人抱着她，其就醒了。当时男子只穿了一条内裤，正在脱其上衣，其把男子推开。男子说很久没和女性发生性关系了，所以想跟其发生性关系。随后男子把其拽倒在床上，其试图挣扎起来，每次都被他按倒。男子将其衣服、胸罩脱了，用手揉其胸部并用嘴亲其乳头。其挣脱后想拿手机报警，但被对方把手机碰掉在地上。后男子将其裤子和内裤脱了，用身体压着她，带着避孕套与其发生了性关系并射精。其用嘴咬了男子肩膀。其看到避孕套内有精液。其脑子都乱了，躺在床上发愣。男子洗了个澡，等到天快亮时就离开了。其就把事情跟其男友说了。下午时，其男友陪其报案了。其不知道避孕套的来源。其当时大声呼叫服务员好几次，但是没人听到。其还跟男子说自己有梅毒，是想吓唬男子，让他别强奸她。其用头撞男子的头部，还用牙咬男子的肩膀。男子洗澡时其没报警，是觉得已经发生性关系了，报警也晚了。后来其男友让其报的警。其有男朋友，曾经发生过性关系。 葛某辨认出被告人赵泽浩就是强奸她的那名男子。 2、证人李某证言证明：2017年9月29日10时许，其给女朋友葛某打电话，葛某说她没钱就办了一个贷款。对方男子给了她资料让她背，以监督她背资料为由去了她的酒店，之后将她强奸了。其就过去找了葛某并拨打了报警电话。 3、北京中衡司法鉴定所司法鉴定意见书证明：葛某的处女膜可见多处陈旧裂痕；外阴粘膜未见明显损伤。 4、医院诊断证明书证明：2017年9月29日，医院诊断被告人赵泽浩左肩部软组织伤。 5、北京市某酒店管理有限公司出具的酒店入住账单证明：葛某于2017年9月26日13：58入住北京市朝阳区某酒店十里堡慈云寺店421号房间，29日12：30分离店。 6、葛某提交的书面材料，证明赵泽浩公司一方给她的用于准备贷款面签的材料。 7、“110”接处警记录，证明被害人男友报警的情况。 8、到案经过证明：2017年9月29日，民警以了解情况为由将赵泽浩约至派出所。 9、被告人赵泽浩的身份材料，证明被告人的身份情况。 10、被告人赵泽浩在侦查机关的供述证明：其系某汇融贷款公司员工。葛某是公司的客户，其负责接待她。其之前不认识葛某。2017年9月27日，其用自己的手机给葛某打电话，约她见了面。其觉得葛某办理贷款的材料背的不行，就让她重新背一遍。葛某说有点晚了，让他送她回住处。到了房间后，二人又聊了会儿。随后，其下楼去买水时顺便买了一个避孕套，想跟葛某发生性关系。葛某称患有梅毒，贷款是治疗梅毒。其回到房间后，二人都躺在床上。凌晨4时许，葛某勾引他，其就把自己衣服脱了，葛某把自己上衣脱了。葛某的裤子和内裤是她让其帮助脱的。其就与葛某发生了性关系。其跟葛某发生性关系时带着避孕套，因为其怕葛某怀孕，并且葛某还自称患有梅毒。其射精了，射在避孕套里。葛某是自愿与其发生性关系的，没有反抗。在其与葛某发生关系时，葛某咬了他左侧肩膀一下，其不清楚葛某为什么咬他。 以上证据，经庭审举证、质证，对其证据资格本院均予以确认。除被告人供述外的上述其他证据内容客观真实，且与本案待证事实均具有关联性，能够互相印证，对这些证据，本院均予以确认。对被告人供述中与其他证据能相互印证的部分，予以确认；其余供述缺乏证据印证，对其内容不予确认。 被告人之辩护人当庭申请了证人刘某出庭，刘某证明2017年9月29日看到被告人赵泽浩与葛某微信聊天记录的情况及被告人接公安机关电话通知主动去公安机关的情况，经庭审举证、质证，该证言显示被告人与被害人约了见面、办理贷款及自动去公安机关，该内容与本案其他证据能够相互印证，对此予以确认。但辩护人关于该证言证明被害人报案是因为被告人拒绝了她的贷款要求，与本案事实矛盾，且没有其他证据印证，故对该意见，不予采纳。 ","cpfxgc":"本院认为：被告人赵泽浩无视国法，为满足个人淫欲，违背妇女意志，采取暴力手段强行与妇女发生性关系，其行为已触犯刑法，构成强奸罪。北京市朝阳区人民检察院指控被告人赵泽浩犯强奸罪的事实清楚，证据确实、充分，指控罪名成立。 对被告人未实施强奸行为的辩解及辩护人关于本案证据不足的意见，本院认为，被害人的多次陈述稳定、一致，对关于被强奸及案发过程的细节与被告人的部分供述相吻合，且与本案其他证据相互印证，能够证明被告人对被害人实施强奸的事实，故对上述辩解及辩护意见，本院均不予采纳。综上，本院根据被告人赵泽浩犯罪的事实、性质、情节和对于社会的危害程度以及悔罪表现，依照《中华人民共和国刑法》第二百三十六条第一款及第六十一条之规定，判决如下：","pjjg":" 被告人赵泽浩犯强奸罪，判处有期徒刑三年八个月（刑期从判决执行之日起计算。判决执行以前先行羁押的，羁押一日折抵刑期一日，即自2017年9月29日起至2021年5月28日止）。 如不服本判决，可在接到判决书的第二日起十日内，通过本院或者直接向北京市第三中级人民法院提出上诉，书面上诉的，应当提交上诉状正本一份，副本二份。","qw":"北京市朝阳区人民法院 刑事判决书 （2018）京0105刑初1170号 公诉机关北京市朝阳区人民检察院。 被告人赵泽浩，男，1998年1月11日出生，汉族，出生地河北省沧州市，初中文化，案发前系北京信诚融贷公司员工，户籍所在地为河北省沧州市海兴县。因涉嫌犯强奸罪于2017年9月29日被羁押，次日被刑事拘留，同年11月4日被逮捕。现羁押在北京市朝阳区看守所。 辩护人刘宇骁，北京市盈科律师事务所律师。 北京市朝阳区人民检察院以京朝检公诉刑诉（2018）1079号起诉书指控被告人赵泽浩犯强奸罪，于2018年6月4日向本院提起公诉。本院依法组成合议庭，因本案涉及个人隐私，依法不公开开庭审理了本案。北京市朝阳区人民检察院指派检察员宋迎新出庭支持公诉，被告人赵泽浩及其辩护人刘宇骁到庭参加诉讼。现已审理终结。 公诉机关指控：被告人赵泽浩于2017年9月29日4时许，在本市朝阳区某酒店十里堡慈云寺店421号房间内，强行与被害人葛某（女，25岁，河北省人）发生性关系。被告人赵泽浩于2017年9月29日被公安机关抓获归案。 对指控的上述事实，公诉机关当庭宣读和出示了被害人陈述、证人证言、鉴定意见、被告人供述等证据，认为被告人赵泽浩的行为已构成强奸罪。建议判处被告人赵泽浩有期徒刑四至六年。 被告人赵泽浩当庭辩称是被害人自愿与其发生性关系的，其没有强奸被害人。其辩护人认为指控被告人犯强奸罪的证据不足。 经审理查明：被告人赵泽浩于2017年9月29日4时许，在本市朝阳区某酒店十里堡慈云寺店421号房间内，强行与被害人葛某（女，25岁，河北省人）发生性关系。2017年9月29日公安机关将被告人赵泽浩约至派出所处理。 针对上述事实，公诉机关提供了下列证据予以证实： 1、被害人葛某陈述证明：2017年9月27日，其通过一个叫“某平台”的贷款平台办理贷款并交纳了1万元的费用。后来，其在贷款公司附近朝阳区上述地址的酒店开了房间住下了。9月28日17时许，一男子给其打了电话，称是带其面签办理贷款的人。二人就约了地点并见了面，该男子说她背材料背的不好。当时天黑了，其要回酒店。男子称要跟其回酒店，监督其背诵准备面签的材料。其就跟该男子一起回到了酒店。回到酒店，其就一直背诵材料。中间其趴在桌子上休息了一会儿，该男子躺在床上睡了会儿。后其让男子离开，男子称累了，还说其别想多了。其通过接触，也觉得男子不是坏人，就没多想。其就躺在床上睡着了。在其睡觉时，其迷迷糊糊感觉有人抱着她，其就醒了。当时男子只穿了一条内裤，正在脱其上衣，其把男子推开。男子说很久没和女性发生性关系了，所以想跟其发生性关系。随后男子把其拽倒在床上，其试图挣扎起来，每次都被他按倒。男子将其衣服、胸罩脱了，用手揉其胸部并用嘴亲其乳头。其挣脱后想拿手机报警，但被对方把手机碰掉在地上。后男子将其裤子和内裤脱了，用身体压着她，带着避孕套与其发生了性关系并射精。其用嘴咬了男子肩膀。其看到避孕套内有精液。其脑子都乱了，躺在床上发愣。男子洗了个澡，等到天快亮时就离开了。其就把事情跟其男友说了。下午时，其男友陪其报案了。其不知道避孕套的来源。其当时大声呼叫服务员好几次，但是没人听到。其还跟男子说自己有梅毒，是想吓唬男子，让他别强奸她。其用头撞男子的头部，还用牙咬男子的肩膀。男子洗澡时其没报警，是觉得已经发生性关系了，报警也晚了。后来其男友让其报的警。其有男朋友，曾经发生过性关系。 葛某辨认出被告人赵泽浩就是强奸她的那名男子。 2、证人李某证言证明：2017年9月29日10时许，其给女朋友葛某打电话，葛某说她没钱就办了一个贷款。对方男子给了她资料让她背，以监督她背资料为由去了她的酒店，之后将她强奸了。其就过去找了葛某并拨打了报警电话。 3、北京中衡司法鉴定所司法鉴定意见书证明：葛某的处女膜可见多处陈旧裂痕；外阴粘膜未见明显损伤。 4、医院诊断证明书证明：2017年9月29日，医院诊断被告人赵泽浩左肩部软组织伤。 5、北京市某酒店管理有限公司出具的酒店入住账单证明：葛某于2017年9月26日13：58入住北京市朝阳区某酒店十里堡慈云寺店421号房间，29日12：30分离店。 6、葛某提交的书面材料，证明赵泽浩公司一方给她的用于准备贷款面签的材料。 7、“110”接处警记录，证明被害人男友报警的情况。 8、到案经过证明：2017年9月29日，民警以了解情况为由将赵泽浩约至派出所。 9、被告人赵泽浩的身份材料，证明被告人的身份情况。 10、被告人赵泽浩在侦查机关的供述证明：其系某汇融贷款公司员工。葛某是公司的客户，其负责接待她。其之前不认识葛某。2017年9月27日，其用自己的手机给葛某打电话，约她见了面。其觉得葛某办理贷款的材料背的不行，就让她重新背一遍。葛某说有点晚了，让他送她回住处。到了房间后，二人又聊了会儿。随后，其下楼去买水时顺便买了一个避孕套，想跟葛某发生性关系。葛某称患有梅毒，贷款是治疗梅毒。其回到房间后，二人都躺在床上。凌晨4时许，葛某勾引他，其就把自己衣服脱了，葛某把自己上衣脱了。葛某的裤子和内裤是她让其帮助脱的。其就与葛某发生了性关系。其跟葛某发生性关系时带着避孕套，因为其怕葛某怀孕，并且葛某还自称患有梅毒。其射精了，射在避孕套里。葛某是自愿与其发生性关系的，没有反抗。在其与葛某发生关系时，葛某咬了他左侧肩膀一下，其不清楚葛某为什么咬他。 以上证据，经庭审举证、质证，对其证据资格本院均予以确认。除被告人供述外的上述其他证据内容客观真实，且与本案待证事实均具有关联性，能够互相印证，对这些证据，本院均予以确认。对被告人供述中与其他证据能相互印证的部分，予以确认；其余供述缺乏证据印证，对其内容不予确认。 被告人之辩护人当庭申请了证人刘某出庭，刘某证明2017年9月29日看到被告人赵泽浩与葛某微信聊天记录的情况及被告人接公安机关电话通知主动去公安机关的情况，经庭审举证、质证，该证言显示被告人与被害人约了见面、办理贷款及自动去公安机关，该内容与本案其他证据能够相互印证，对此予以确认。但辩护人关于该证言证明被害人报案是因为被告人拒绝了她的贷款要求，与本案事实矛盾，且没有其他证据印证，故对该意见，不予采纳。 本院认为：被告人赵泽浩无视国法，为满足个人淫欲，违背妇女意志，采取暴力手段强行与妇女发生性关系，其行为已触犯刑法，构成强奸罪。北京市朝阳区人民检察院指控被告人赵泽浩犯强奸罪的事实清楚，证据确实、充分，指控罪名成立。 对被告人未实施强奸行为的辩解及辩护人关于本案证据不足的意见，本院认为，被害人的多次陈述稳定、一致，对关于被强奸及案发过程的细节与被告人的部分供述相吻合，且与本案其他证据相互印证，能够证明被告人对被害人实施强奸的事实，故对上述辩解及辩护意见，本院均不予采纳。综上，本院根据被告人赵泽浩犯罪的事实、性质、情节和对于社会的危害程度以及悔罪表现，依照《中华人民共和国刑法》第二百三十六条第一款及第六十一条之规定，判决如下： 被告人赵泽浩犯强奸罪，判处有期徒刑三年八个月（刑期从判决执行之日起计算。判决执行以前先行羁押的，羁押一日折抵刑期一日，即自2017年9月29日起至2021年5月28日止）。 如不服本判决，可在接到判决书的第二日起十日内，通过本院或者直接向北京市第三中级人民法院提出上诉，书面上诉的，应当提交上诉状正本一份，副本二份。 审判长崔光同 人民陪审员李欣 人民陪审员白玉萍 二〇一八年八月十七日 书记员张荣容","writId":"02503b9651c826e71886567e0bd626b600e","writName":"赵泽浩强奸一审刑事判决书"}
