{"ajId":"b2386d36-369f-4c26-ad20-c01443b7b00e","ajName":"邓某1失火罪一案","ajjbqk":" 翁牛特旗人民检察院指控，2017年4月2日上午，被告人邓某1在××旗西南梁上坟烧纸，引燃相邻林地，导致大面积失火。经鉴定，地类为有林地（水土保持林），过火面积为198亩；过火植被为落叶松、榛柴。 公诉机关就指控的上述事实，向法庭出示了书证、证人证言、现场勘查笔录、鉴定意见及被告人的供述等证据。 公诉机关认为，被告人邓某1在清明祭祀中，由于疏忽大意，引发火灾，导致过火林地面积为198亩，其行为已触犯《中华人民共和国刑法》第一百一十五条第二款之规定，犯罪事实清楚，证据确实、充分，应当以失火罪追究其刑事责任。被告人邓某1在案发后主动投案，并如实供述自己的罪行，系自首，并与被害单位达成了赔偿协议，取得被害单位的谅解，应对其从轻或者减轻处罚。提请本院依法判处。 被告人邓某1对公诉机关指控的犯罪事实及罪名不持异议，请求法庭从轻处罚。 经审理查明，2017年4月2日上午，被告人邓某1在××旗西南梁上坟烧纸，引燃相邻林地，导致大面积失火。经鉴定，地类为有林地（水土保持林），过火面积为198亩；过火植被为落叶松、榛柴。案发后，被告人邓某1与被害单位亿合公林场达成了赔偿协议，并取得了被害单位的谅解。 上述事实，被告人邓某1在开庭审理过程中亦无异议，且有受案登记表，立案决定书，证人于某、孙某、郭某及邓某2的证言，现场勘查笔录、现场图及现场照片，翁牛特旗林业鉴定中心出具的鉴定意见，到案经过，赔偿协议书及谅解书，户籍资料及被告人邓某1的供述等证据证实，足以认定。 ","cpfxgc":"本院认为，被告人邓某1在清明祭祀过程中，由于疏忽大意，未能将所烧的纸全部烧尽便离开了现场，以致引发了火灾，过火林地面积达198亩，其行为已构成失火罪。公诉机关指控邓某1犯失火罪的事实清楚，证据确实、充分，罪名成立。被告人邓某1归案后能如实供述自己的罪行，依法可以从轻处罚。案发后，邓某1与被害单位达成了赔偿协议，并取得了被害单位的谅解，可对其酌情从轻处罚。鉴于被告人系过失犯罪，根据其犯罪情节和悔罪表现，对其适用缓刑确实不致再危害社会，对所居住地没有重大不良影响，可对其适用缓刑。依照《中华人民共和国刑法》第一百一十五条第二款，第六十七条第三款，第七十二条第一款，第七十三条第二款、第三款之规定，判决如下：","pjjg":" 被告人邓某1犯失火罪，判处有期徒刑三年，缓刑三年。 （缓刑考验期限，从判决确定之日起计算） 如不服本判决，可在接到判决书的第二日起十日内，通过本院或者直接向赤峰市中级人民法院提出上诉。书面上诉的，应当提交上诉状正本一份，副本二份。","qw":"翁牛特旗人民法院 刑事判决书 （2017）内0426刑初128号 公诉机关内蒙古自治区翁牛特旗人民检察院。 被告人邓某1，男，1960年12月8日出生，户籍地：内蒙古自治区赤峰市，汉族，大学文化，赤峰金鑫矿业有限公司员工，现住赤峰市。因涉嫌犯失火罪于2017年4月2日被翁牛特旗森林公安局刑事拘留，同年4月8日被翁牛特旗森林公安局取保候审。2017年6月1日被本院取保候审。 翁牛特旗人民检察院以翁检公诉刑诉［2017］98号起诉书指控被告人邓某1犯失火罪，于2017年6月1日向本院提起公诉。本院依法组成合议庭，公开开庭审理了本案。翁牛特旗人民检察院指派检察员王雪峰、刘子彪出庭支持公诉，被告人邓某1到庭参加诉讼。现已审理终结。 翁牛特旗人民检察院指控，2017年4月2日上午，被告人邓某1在××旗西南梁上坟烧纸，引燃相邻林地，导致大面积失火。经鉴定，地类为有林地（水土保持林），过火面积为198亩；过火植被为落叶松、榛柴。 公诉机关就指控的上述事实，向法庭出示了书证、证人证言、现场勘查笔录、鉴定意见及被告人的供述等证据。 公诉机关认为，被告人邓某1在清明祭祀中，由于疏忽大意，引发火灾，导致过火林地面积为198亩，其行为已触犯《中华人民共和国刑法》第一百一十五条第二款之规定，犯罪事实清楚，证据确实、充分，应当以失火罪追究其刑事责任。被告人邓某1在案发后主动投案，并如实供述自己的罪行，系自首，并与被害单位达成了赔偿协议，取得被害单位的谅解，应对其从轻或者减轻处罚。提请本院依法判处。 被告人邓某1对公诉机关指控的犯罪事实及罪名不持异议，请求法庭从轻处罚。 经审理查明，2017年4月2日上午，被告人邓某1在××旗西南梁上坟烧纸，引燃相邻林地，导致大面积失火。经鉴定，地类为有林地（水土保持林），过火面积为198亩；过火植被为落叶松、榛柴。案发后，被告人邓某1与被害单位亿合公林场达成了赔偿协议，并取得了被害单位的谅解。 上述事实，被告人邓某1在开庭审理过程中亦无异议，且有受案登记表，立案决定书，证人于某、孙某、郭某及邓某2的证言，现场勘查笔录、现场图及现场照片，翁牛特旗林业鉴定中心出具的鉴定意见，到案经过，赔偿协议书及谅解书，户籍资料及被告人邓某1的供述等证据证实，足以认定。 本院认为，被告人邓某1在清明祭祀过程中，由于疏忽大意，未能将所烧的纸全部烧尽便离开了现场，以致引发了火灾，过火林地面积达198亩，其行为已构成失火罪。公诉机关指控邓某1犯失火罪的事实清楚，证据确实、充分，罪名成立。被告人邓某1归案后能如实供述自己的罪行，依法可以从轻处罚。案发后，邓某1与被害单位达成了赔偿协议，并取得了被害单位的谅解，可对其酌情从轻处罚。鉴于被告人系过失犯罪，根据其犯罪情节和悔罪表现，对其适用缓刑确实不致再危害社会，对所居住地没有重大不良影响，可对其适用缓刑。依照《中华人民共和国刑法》第一百一十五条第二款，第六十七条第三款，第七十二条第一款，第七十三条第二款、第三款之规定，判决如下： 被告人邓某1犯失火罪，判处有期徒刑三年，缓刑三年。 （缓刑考验期限，从判决确定之日起计算） 如不服本判决，可在接到判决书的第二日起十日内，通过本院或者直接向赤峰市中级人民法院提出上诉。书面上诉的，应当提交上诉状正本一份，副本二份。 审判长王勇林 审判员萨初荣贵 审判员袁树伟 二〇一七年九月七日 书记员赵宁宁","writId":"05860a6e1ffdab4a64f00f4943ef801ff1b","writName":"邓某1失火罪一审刑事判决书"}
