{"ajId":"0d371030-a6cc-40d3-8708-1b1cadca03b7","ajName":"康喜安交通肇事一案","ajjbqk":" 河南省固始县人民检察院指控，2017年7月16日，被告人康喜安驾驶豫H×××××-豫H×××××重型半挂牵引车从河南省潢川县出发驶往安徽省望江县。9时56分许，行驶至S339省道固始县祖师庙乡松林村松林组路段时，与被害人詹某驾驶的电动三轮车发生相撞，致电动三轮车上乘坐人被害人吴某1、吴某2当场死亡，致詹某受重伤。豫H×××××-豫H×××××重型半挂牵引车上随行人员当即拨打“120”医疗救护电话联系救护车，詹某经送医院医治无效于当日死亡。事故发生后，康喜安用手机拨打“110”电话向固始县公安局110指挥中心报案，之后到固始县公安局陈淋子派出所投案。经法医学尸表检验鉴定，吴某1、吴某2均符合交通事故损伤头部致闭合性颅脑损伤而死亡，詹某符合交通事故损伤胸部致闭合性胸部损伤合并大出血而死亡。固始县公安交通警察大队认定，康喜安驾驶机动车通过没有交通信号灯，没有交通标志、交通标线或者交通警察指挥交叉路口时，未减速慢行，其行为违反《中华人民共和国道路交通安全法》第四十四条之规定，负事故主要责任。 案发后，豫H×××××-豫H×××××重型半挂牵引车所有单位河南省焦作市交通运输（集团）公司委托代理人与被害人吴某1、吴某2、詹某的近亲属达成平常协议，并履行了赔偿。吴某1、吴某2、詹某的近亲属均对康喜安的交通肇事行为予以谅解。 针对指控，公诉机关当庭提供有书证、证人证言、被告人的供述和辩解、鉴定意见、勘验笔录等证据。公诉机关认为，被告人康喜安违反交通运输管理法规，因而发生重大事故，致三人死亡，负事故主要责任，属于交通肇事有其他特别恶劣情节，其行为触犯了《中华人民共和国刑法》第一百三十三条，应当以交通肇事罪追究其刑事责任。诉请依法判处。 被告人康喜安对公诉机关指控的犯罪事实和罪名均无异议，要求从轻处罚。辩护人余学永的辩护意见是：1、对公诉机关指控被告人康喜安的犯罪事实和罪名不持异议；2、被告人康喜安在案发后主动投案自首，可以从轻或减轻处罚；3、被告人康喜安系初犯、偶犯，属过失犯罪，确有悔罪表现，取得被害人近亲属谅解，可酌情从轻处罚。建议对被告人康喜安减轻处罚，并适用缓刑。 经审理查明，2017年7月16日9时许，被告人康喜安驾驶焦作市交通运输（集团）有限公司所有的豫H×××××-豫H×××××重型罐式半挂牵引车沿339省道由西向东行驶至该省道与固始县祖师庙乡松林村松林组“村村通”公路交叉口路段时，遇被害人詹某驾驶电动三轮车沿该省道由东向西行驶斜过道路，两车发生交通事故，致电动三轮车上乘坐人被害人吴某1、吴某2当场死亡；詹某受伤后送医院抢救无效于当日14时死亡。经法医学尸表检验鉴定，吴某1、吴某2均符合交通事故损伤头部致闭合性颅脑损伤而死亡；詹某符合交通事故损伤胸部致闭合性胸部损伤合并大出血而死亡。固始县公安交通警察大队认定，康喜安驾驶机动车通过没有交通信号灯、交通标志、交通标线或者交通警察指挥交叉路口时，未减速慢行，应对该起事故承担主要责任；詹某驾驶非机动车在路段上斜过机动车道，未下车推行，应对该起事故承担次要责任；吴某1、吴某2对该起事故不承担责任。事故发生后，康喜安在现场用手机电话报警，后到固始县公安局陈淋子派出所投案，如实供述了自己的罪行。2017年7月26日康喜安及焦作市交通运输（集团）有限公司与三被害人近亲属达成赔偿协议，三被害人近亲属共计获得赔偿款人民币100万元，对康喜安的行为表示谅解。康喜安所在社区矫正机构评估认为其具备社区矫正条件。 上述犯罪事实，有公诉机关提供的下列证据证实： 一、书证 （一）受案登记表、立案决定书、拘留证、逮捕证，证明本案立案及对被告人采取强制措施情况； （二）被告人常住人口基本信息、到案经过，证明当事人的基本情况及被告人到案过程； （三）驾驶证复印件、驾驶人信息查询结果单、机动车信息查询结果单，证明被告人所持驾驶证类型及所驾驶车辆情况； （四）道路交通事故认定书，证明当事人对该起交通事故应承担责任情况； （五）赔偿调解书、谅解书，证明在固始县公安交通警察大队主持下双方达成了赔偿协议，被害人近亲属对被告人表示谅解。 二、证人证言 证人范某、王某、胡应友、潘某证言，证明2017年7月16日9时许，被告人康喜安驾驶豫H×××××-豫H×××××重型罐式半挂牵引车在固始县祖师庙乡松林村松林组“村村通”公路交叉口路段时，与詹某驾驶电动三轮车发生交通事故，致二死亡；另有一人受伤被送往医院抢救。 三、被告人供述和辩解 被告人康喜安供述，供认自己交通肇事致三人死亡的事实，与证人证言能互相印证。 四、鉴定意见 （一）固始县公安局物证鉴定室（固）公（法医）鉴（尸检）字（2017）0936号、0937号、0938号法医学尸表检验报告意见书，证明被害人吴某1、吴某2、詹某均符合交通事故损伤而死亡； （二）交通事故车辆技术检验报告，证明被告人交通肇事时所驾驶的车辆符合机动车安全技术条件有关要求。 五、勘验笔录 交通事故现场勘查笔录、现场图、现场照片，证明案发现场情况。 另有焦作市山阳区司法局调查评估意见书佐证。 上述证据，形式、来源合法，内容间互相印证，且经当庭质证、认证，本院予以确认。 ","cpfxgc":"本院认为，被告人康喜安交违反交通运输管理法规，因而发生重大事故，致三人死亡，负事故主要责任，其行为构成交通肇事罪，情节特别恶劣，依法应判处三年以上七年以下有期徒刑。公诉机关指控的犯罪事实和罪名成立，本院予以支持。康喜安在案发后主动投案，如实供述自己的罪行，是自首，可以从轻处罚；其系初犯、偶犯，确有悔罪表现，取得被害人近亲属谅解，可酌情从轻处罚。辩护人的辩护意见符合本案查明的事实，本院予以采纳。根据被告人康喜安犯罪的事实、性质、情节和对于社会的危害程度，依照《中华人民共和国刑法》第一百三十三条、第六十七条第一款、第六十一条、第七十二条第一款、第七十三条第二三款之规定，判决如下：","pjjg":" 被告人康喜安犯交通肇事罪，判处有期徒刑三年，缓刑五年。 （缓刑考验期限，从判决确定之日起计算。） 如不服本判决，可在接到判决书的第二日起十日内，通过本院或者直接向信阳市中级人民法院提出上诉，书面上诉的，应当提交上诉状正本一份，副本二份。","qw":"河南省固始县人民法院 刑事判决书 （2017）豫1525刑初845号 公诉机关河南省固始县人民检察院。 被告人康喜安，曾用名康喜文，男，1963年3月11日出生于河南省焦作市，汉族，初中文化，货车司机，住焦作市山阳区。因涉嫌交通肇事犯罪，2017年7月16日被固始县公安局刑事拘留，同年7月28日被逮捕。 辩护人余学永，河南蓼阳律师事务所律师。 河南省固始县人民检察院以固检公诉刑诉（2017）485号起诉书指控被告人康喜安犯交通肇事罪，于2017年9月30日向本院提起公诉。本院依法组成合议庭，公开开庭审理了本案。固始县人民检察院指派检察员许志中出庭支持公诉，被告人康喜安及其辩护人余学永到庭参加诉讼。现已审理终结。 河南省固始县人民检察院指控，2017年7月16日，被告人康喜安驾驶豫H×××××-豫H×××××重型半挂牵引车从河南省潢川县出发驶往安徽省望江县。9时56分许，行驶至S339省道固始县祖师庙乡松林村松林组路段时，与被害人詹某驾驶的电动三轮车发生相撞，致电动三轮车上乘坐人被害人吴某1、吴某2当场死亡，致詹某受重伤。豫H×××××-豫H×××××重型半挂牵引车上随行人员当即拨打“120”医疗救护电话联系救护车，詹某经送医院医治无效于当日死亡。事故发生后，康喜安用手机拨打“110”电话向固始县公安局110指挥中心报案，之后到固始县公安局陈淋子派出所投案。经法医学尸表检验鉴定，吴某1、吴某2均符合交通事故损伤头部致闭合性颅脑损伤而死亡，詹某符合交通事故损伤胸部致闭合性胸部损伤合并大出血而死亡。固始县公安交通警察大队认定，康喜安驾驶机动车通过没有交通信号灯，没有交通标志、交通标线或者交通警察指挥交叉路口时，未减速慢行，其行为违反《中华人民共和国道路交通安全法》第四十四条之规定，负事故主要责任。 案发后，豫H×××××-豫H×××××重型半挂牵引车所有单位河南省焦作市交通运输（集团）公司委托代理人与被害人吴某1、吴某2、詹某的近亲属达成平常协议，并履行了赔偿。吴某1、吴某2、詹某的近亲属均对康喜安的交通肇事行为予以谅解。 针对指控，公诉机关当庭提供有书证、证人证言、被告人的供述和辩解、鉴定意见、勘验笔录等证据。公诉机关认为，被告人康喜安违反交通运输管理法规，因而发生重大事故，致三人死亡，负事故主要责任，属于交通肇事有其他特别恶劣情节，其行为触犯了《中华人民共和国刑法》第一百三十三条，应当以交通肇事罪追究其刑事责任。诉请依法判处。 被告人康喜安对公诉机关指控的犯罪事实和罪名均无异议，要求从轻处罚。辩护人余学永的辩护意见是：1、对公诉机关指控被告人康喜安的犯罪事实和罪名不持异议；2、被告人康喜安在案发后主动投案自首，可以从轻或减轻处罚；3、被告人康喜安系初犯、偶犯，属过失犯罪，确有悔罪表现，取得被害人近亲属谅解，可酌情从轻处罚。建议对被告人康喜安减轻处罚，并适用缓刑。 经审理查明，2017年7月16日9时许，被告人康喜安驾驶焦作市交通运输（集团）有限公司所有的豫H×××××-豫H×××××重型罐式半挂牵引车沿339省道由西向东行驶至该省道与固始县祖师庙乡松林村松林组“村村通”公路交叉口路段时，遇被害人詹某驾驶电动三轮车沿该省道由东向西行驶斜过道路，两车发生交通事故，致电动三轮车上乘坐人被害人吴某1、吴某2当场死亡；詹某受伤后送医院抢救无效于当日14时死亡。经法医学尸表检验鉴定，吴某1、吴某2均符合交通事故损伤头部致闭合性颅脑损伤而死亡；詹某符合交通事故损伤胸部致闭合性胸部损伤合并大出血而死亡。固始县公安交通警察大队认定，康喜安驾驶机动车通过没有交通信号灯、交通标志、交通标线或者交通警察指挥交叉路口时，未减速慢行，应对该起事故承担主要责任；詹某驾驶非机动车在路段上斜过机动车道，未下车推行，应对该起事故承担次要责任；吴某1、吴某2对该起事故不承担责任。事故发生后，康喜安在现场用手机电话报警，后到固始县公安局陈淋子派出所投案，如实供述了自己的罪行。2017年7月26日康喜安及焦作市交通运输（集团）有限公司与三被害人近亲属达成赔偿协议，三被害人近亲属共计获得赔偿款人民币100万元，对康喜安的行为表示谅解。康喜安所在社区矫正机构评估认为其具备社区矫正条件。 上述犯罪事实，有公诉机关提供的下列证据证实： 一、书证 （一）受案登记表、立案决定书、拘留证、逮捕证，证明本案立案及对被告人采取强制措施情况； （二）被告人常住人口基本信息、到案经过，证明当事人的基本情况及被告人到案过程； （三）驾驶证复印件、驾驶人信息查询结果单、机动车信息查询结果单，证明被告人所持驾驶证类型及所驾驶车辆情况； （四）道路交通事故认定书，证明当事人对该起交通事故应承担责任情况； （五）赔偿调解书、谅解书，证明在固始县公安交通警察大队主持下双方达成了赔偿协议，被害人近亲属对被告人表示谅解。 二、证人证言 证人范某、王某、胡应友、潘某证言，证明2017年7月16日9时许，被告人康喜安驾驶豫H×××××-豫H×××××重型罐式半挂牵引车在固始县祖师庙乡松林村松林组“村村通”公路交叉口路段时，与詹某驾驶电动三轮车发生交通事故，致二死亡；另有一人受伤被送往医院抢救。 三、被告人供述和辩解 被告人康喜安供述，供认自己交通肇事致三人死亡的事实，与证人证言能互相印证。 四、鉴定意见 （一）固始县公安局物证鉴定室（固）公（法医）鉴（尸检）字（2017）0936号、0937号、0938号法医学尸表检验报告意见书，证明被害人吴某1、吴某2、詹某均符合交通事故损伤而死亡； （二）交通事故车辆技术检验报告，证明被告人交通肇事时所驾驶的车辆符合机动车安全技术条件有关要求。 五、勘验笔录 交通事故现场勘查笔录、现场图、现场照片，证明案发现场情况。 另有焦作市山阳区司法局调查评估意见书佐证。 上述证据，形式、来源合法，内容间互相印证，且经当庭质证、认证，本院予以确认。 本院认为，被告人康喜安交违反交通运输管理法规，因而发生重大事故，致三人死亡，负事故主要责任，其行为构成交通肇事罪，情节特别恶劣，依法应判处三年以上七年以下有期徒刑。公诉机关指控的犯罪事实和罪名成立，本院予以支持。康喜安在案发后主动投案，如实供述自己的罪行，是自首，可以从轻处罚；其系初犯、偶犯，确有悔罪表现，取得被害人近亲属谅解，可酌情从轻处罚。辩护人的辩护意见符合本案查明的事实，本院予以采纳。根据被告人康喜安犯罪的事实、性质、情节和对于社会的危害程度，依照《中华人民共和国刑法》第一百三十三条、第六十七条第一款、第六十一条、第七十二条第一款、第七十三条第二三款之规定，判决如下： 被告人康喜安犯交通肇事罪，判处有期徒刑三年，缓刑五年。 （缓刑考验期限，从判决确定之日起计算。） 如不服本判决，可在接到判决书的第二日起十日内，通过本院或者直接向信阳市中级人民法院提出上诉，书面上诉的，应当提交上诉状正本一份，副本二份。 审判长刘继武 审判员祁长琴 审判员吴章科 二〇一七年十月三十日 书记员倪文心","writId":"016d98b3944871baea50aff7f53580d5db6","writName":"康喜安交通肇事一审刑事判决书"}
