{"ajId":"42129aba-7a8b-45a9-9848-5fece2422583","ajName":"丁小虎、王发兵交通肇事一案","ajjbqk":" 吉安市吉州区人民检察院指控：2017年8月24日5时20分许，被告人丁小虎酒后驾驶苏E×××××号小型轿车通过吉安市井冈山大桥由青原区开往吉州区，当车行驶至井冈山大桥南面第七根灯柱附近时，与前方由被害人王某5驾驶的三轮自行车发生碰撞后，致该三轮自行车又与被害人涂某驾驶的三轮自行车碰撞，丁小虎驾车逃离现场，被害人王某5当场死亡。经吉安市公安局交警支队吉州大队认定：被告人丁小虎负此次事故的全部责任。当日11时许，被告人丁小虎主动到吉州交警大队投案。针对上述指控，公诉机关列举了相应的证据予以证明，认为被告人丁小虎违反交通运输管理法规，因而发生重大交通事故，致一人死亡，且肇事后逃逸，其行为已构成交通肇事罪，但犯罪后能自首，提请依法判处。 附带民事诉讼原告人诉称：2017年8月24日5时25分许，被告人丁小虎驾驶苏E×××××号小型轿车沿井冈山大桥由东向西行驶，当行至井冈山大桥桥面距西桥头第七根灯柱附近时，与前方由王某5驾驶的三轮自行车发生碰撞后，该三轮自行车又与前方由涂某驾驶的三轮自行车碰撞，造成王某5当场死亡，涂某受伤，三车受损的道路交通事故。被告人丁小虎酒驾造成交通事故，致王某5当场死亡，经吉州交警大队认定负事故全部责任，其行为已构成交通肇事罪，且在事发后驾车逃离现场，性质极其恶劣，归案后不积极赔偿，无悔罪表现，虽有自首情节但不足以减轻其罪责，应当对其从重处罚。丁小虎驾驶的苏E×××××号小型轿车为附带民事诉讼被告人王发兵所有，王发兵作为肇事车车主存在管理上的过失，应当与丁小虎承担连带责任。苏E×××××号小型轿车在人保财险吉安市分公司投保有交强险和商业三者险，事发时在有效保险期内，该公司应在保险限额内承担赔偿责任。因此，请求依法追究被告人丁小虎交通肇事罪的刑事责任并从重处罚，判令丁小虎和王发兵连带赔偿附带民事诉讼原告人死亡赔偿金143365元、丧葬费28735元、被扶养人生活费17696元、受害人亲属办理丧葬事宜支出的交通费、住宿费和误工损失10000元、财产损失1000元、精神损害抚慰金100000元，各项损失共计人民币300796元；人保财险吉安市分公司在保险赔偿范围内承担责任。 被告人丁小虎辩称：对公诉机关的指控无异议并自愿认罪，愿意依法赔偿附带民事诉讼原告人的经济损失。 附带民事诉讼被告人王发兵辩称：其虽是事故车辆车主，但丁小虎将车开走时其在外地并不知情，其与本案的发生没有关系，不承担连带赔偿责任。 附带民事诉讼被告人人保财险吉安市分公司辩称：1、本公司仅承保了事故车辆的交强险，在交强险11万元的限额内予以赔偿；2、原告人提出的赔偿数额应当依法核定，其中死亡赔偿金应当按照农村标准计算，被扶养人生活费不能支持，受害人亲属办理丧葬事宜支出的交通费、住宿费和误工损失无法律依据，精神损害抚慰金不属刑事附带民事诉讼赔偿范围，财产损失未提交证据，均不能支持。 经审理查明，2017年8月24日5时25分许，被告人丁小虎酒后驾驶苏E×××××号小型轿车沿井冈山大桥由东向西行驶从吉安市青原区开往吉州区，当行驶至井冈山大桥桥面距西桥头第七根灯柱附近时，与前方由被害人王某5驾驶的三轮自行车发生碰撞后，该三轮自行车又与前方被害人涂某驾驶的三轮自行车碰撞，造成被害人王某5当场死亡、被害人涂某受伤、三车受损的重大道路交通事故。事发后，被告人丁小虎驾车逃离现场。当日11时许，被告人丁小虎主动到吉安市公安局交警支队吉州大队投案。8月30日，经吉安市公安局交警支队吉州大队认定：被告人丁小虎负此次事故的全部责任。 另查明，被害人王某5，男，出生于1933年8月6日，系失地农民，近亲属有：妻子曾某、儿子王某1、王某2、王某3及女儿王某4。事故车辆苏E×××××号小型轿车系附带民事诉讼被告人王发兵所有，本案发生前王发兵已离开吉安市并将车辆停放在金色国会娱乐公司门口，一把车钥匙遗留在其与被告人丁小虎等人共同居住的公司员工宿舍。案发当日，丁小虎自行拿走车钥匙驾驶车辆离开后肇事。苏E×××××号小型轿车在人保财险吉安市分公司投保了机动车交通事故责任强制险（死亡伤残赔偿限额11万元、财产损失赔偿限额2000元），保险期间自2016年10月21日起至2017年10月20日止。 上述事实，被告人丁小虎在开庭审理过程中亦无异议，并有被害人涂某的陈述，附带民事诉讼被告人王发兵的陈述，证人彭某、冯某、张某的证言，道路交通事故现场勘查笔录及照片，法医病理学司法鉴定意见书，车体痕迹检验报告书，酒精检验报告书，道路交通事故认定书，视听资料，卡口监控照片，122警情信息单，驾驶人信息查询单，机动车信息查询单，死亡医学证明书，居民死亡殡葬证，被告人的归案情况说明及身份证明，被害人及附带民事诉讼原告人的身份证、户口簿，青原区河东街道夏家村委会出具的亲属关系证明，被害人的失地农民证，机动车交通事故责任强制保险单，王发兵在案发当日乘坐的重庆至南昌的飞机票等证据证实，足以认定。 ","cpfxgc":"本院认为，被告人丁小虎违反道路交通安全法规，驾驶机动车在道路上行驶时发生重大交通事故，致一人死亡，负事故全部责任，且肇事后逃逸，其行为已构成交通肇事罪。公诉机关指控的罪名成立。被告人犯罪后自动投案，如实供述自己的罪行，属自首，依法可以从轻处罚；其酒后驾驶机动车辆肇事，犯罪对象为老年人，案发后至今未予赔偿，无悔罪表现，应当酌情从重处罚。被告人丁小虎对其犯罪行为给附带民事诉讼原告人造成的经济损失应当承担赔偿责任。因本案民事赔偿系道路交通事故引发，故适用道路交通事故损害赔偿的相关法律规定确定赔偿责任，即先由承保的保险公司在责任限额范围内予以赔偿；不足部分，依照道路交通安全法和侵权责任法的相关规定由侵权人予以赔偿。本案中，附带民事诉讼被告人人保财险吉安市分公司承保了事故车辆的交强险，应当在交强险责任限额范围内予以赔偿。附带民事诉讼原告人请求该保险公司在商业三者险限额内承担赔偿责任，与事实和法律不符，不予支持。因被告人丁小虎负事故全部责任，保险公司赔偿不足部分由事故车辆使用人丁小虎予以赔偿。案发时事故车辆所有人与使用人不是同一人，附带民事诉讼原告人未能提供充分证据证实车辆所有人王发兵对损害的发生有过错，故附带民事诉讼被告人王发兵不承担赔偿责任。附带民事诉讼原告人关于被扶养人生活费、精神损害抚慰金的请求，于法无据，不予支持；关于财产损失的请求，未提供证据证实，不予支持；关于受害人亲属办理丧葬事宜支出的交通费、住宿费和误工损失的请求，根据实际情况予以酌定；其他请求与法相符，予以支持。因此，本院对附带民事诉讼原告人的经济损失核定为：死亡赔偿金143365元（28673元／年×5年）、丧葬费28735元（57470元／年÷2）、受害人亲属办理丧葬事宜支出的交通费、住宿费和误工损失6000元，共计人民币178100元，由人保财险吉安市分公司赔偿110000元，被告人丁小虎赔偿68100元。依照《中华人民共和国刑法》第一百三十三条、第六十七条第一款、第三十六条第一款、《中华人民共和国侵权责任法》第十六条、第四十九条、《中华人民共和国道路交通安全法》第七十六条第一款、《最高人民法院关于适用〈中华人民共和国刑事诉讼法〉的解释》第一百五十五条及《中华人民共和国民事诉讼法》第六十四条第一款的规定，判决如下：","pjjg":" 一、被告人丁小虎犯交通肇事罪，判处有期徒刑五年； （刑期从判决执行之日起计算。判决执行以前先行羁押的，羁押一日折抵刑期一日，即自2017年8月24日起至2022年8月23日止。） 二、附带民事诉讼被告人中国人民财产保险股份有限公司吉安市分公司赔偿附带民事诉讼原告人曾某、王某1、王某2、王某3、王某4经济损失人民币110000元，限在本判决生效后二十日内履行完毕； 三、被告人丁小虎赔偿附带民事诉讼原告人曾某、王某1、王某2、王某3、王某4经济损失人民币68100元，限在本判决生效后二十日内履行完毕； 四、附带民事诉讼被告人王发兵不承担赔偿责任； 五、驳回附带民事诉讼原告人的其他诉讼请求。 如果未按本判决指定的期间履行给付金钱义务，应当依照《中华人民共和国民事诉讼法》第二百五十三条之规定加倍支付迟延履行期间的债务利息。 如不服本判决，可在接到判决书的第二日起十日内，通过本院或者直接向江西省吉安市中级人民法院提出上诉。书面上诉的，应当提交上诉状正本一份，副本二份。","qw":"江西省吉安市吉州区人民法院 刑事附带民事判决书 （2017）赣0802刑初194号 公诉机关吉安市吉州区人民检察院。 附带民事诉讼原告人曾某，女，1939年3月26日出生于吉安市青原区，汉族，文盲，无业，住青原区。系本案被害人之妻。 附带民事诉讼原告人王某1，男，1961年11月17日出生于吉安市青原区，汉族，高中文化，务工，住青原区。系本案被害人之子。 附带民事诉讼原告人王某2，男，1964年9月26日出生于吉安市青原区，汉族，初中文化，务工，住青原区。系本案被害人之子。 附带民事诉讼原告人王某3，男，1966年10月25日出生于吉安市青原区，汉族，高中文化，务工，住青原区。系本案被害人之子。 附带民事诉讼原告人王某4，女，1959年11月17日出生于吉安市青原区，汉族，小学文化，退休职工，住吉州区。系本案被害人之女。 委托代理人刘方勇、邱腾芳，江西智桥律师事务所律师。 被告人丁小虎，男，1985年8月2日出生于陕西省铜川市王益区，汉族，中专文化，吉安市青原区金色国会娱乐公司员工，户籍地铜川市王益区，住青原区。因涉嫌犯交通肇事罪于2017年8月24日被刑事拘留，9月5日被逮捕。现羁押于吉安市看守所。 附带民事诉讼被告人王发兵，男，1976年9月23日出生于四川省渠县，汉族，小学文化，吉安市青原区金色国会娱乐公司经理，户籍地四川省渠县，住青原区。 附带民事诉讼被告人中国人民财产保险股份有限公司吉安市分公司（以下简称人保财险吉安市分公司），住所地：吉安市吉州区吉福路48号，统一社会信用代码：91360800861980194P。 代表人刘晓峰，总经理。 委托代理人刘家钰，江西庐陵律师事务所律师。 吉安市吉州区人民检察院以赣吉州检刑诉［2017］191号起诉书指控被告人丁小虎犯交通肇事罪，于2017年10月24日向本院提起公诉。在诉讼过程中，附带民事诉讼原告人曾某、王某1、王某2、王某3、王某4向本院提起附带民事诉讼。本院依法适用普通程序组成合议庭，公开开庭进行了合并审理。吉安市吉州区人民检察院指派检察员江旻出庭支持公诉，附带民事诉讼原告人曾某、王某1、王某2、王某3、王某4及其委托代理人刘方勇、邱腾芳，被告人丁小虎，附带民事诉讼被告人王发兵，附带民事诉讼被告人人保财险吉安市分公司委托代理人刘家钰，证人张某到庭参加诉讼。现已审理终结。 吉安市吉州区人民检察院指控：2017年8月24日5时20分许，被告人丁小虎酒后驾驶苏E×××××号小型轿车通过吉安市井冈山大桥由青原区开往吉州区，当车行驶至井冈山大桥南面第七根灯柱附近时，与前方由被害人王某5驾驶的三轮自行车发生碰撞后，致该三轮自行车又与被害人涂某驾驶的三轮自行车碰撞，丁小虎驾车逃离现场，被害人王某5当场死亡。经吉安市公安局交警支队吉州大队认定：被告人丁小虎负此次事故的全部责任。当日11时许，被告人丁小虎主动到吉州交警大队投案。针对上述指控，公诉机关列举了相应的证据予以证明，认为被告人丁小虎违反交通运输管理法规，因而发生重大交通事故，致一人死亡，且肇事后逃逸，其行为已构成交通肇事罪，但犯罪后能自首，提请依法判处。 附带民事诉讼原告人诉称：2017年8月24日5时25分许，被告人丁小虎驾驶苏E×××××号小型轿车沿井冈山大桥由东向西行驶，当行至井冈山大桥桥面距西桥头第七根灯柱附近时，与前方由王某5驾驶的三轮自行车发生碰撞后，该三轮自行车又与前方由涂某驾驶的三轮自行车碰撞，造成王某5当场死亡，涂某受伤，三车受损的道路交通事故。被告人丁小虎酒驾造成交通事故，致王某5当场死亡，经吉州交警大队认定负事故全部责任，其行为已构成交通肇事罪，且在事发后驾车逃离现场，性质极其恶劣，归案后不积极赔偿，无悔罪表现，虽有自首情节但不足以减轻其罪责，应当对其从重处罚。丁小虎驾驶的苏E×××××号小型轿车为附带民事诉讼被告人王发兵所有，王发兵作为肇事车车主存在管理上的过失，应当与丁小虎承担连带责任。苏E×××××号小型轿车在人保财险吉安市分公司投保有交强险和商业三者险，事发时在有效保险期内，该公司应在保险限额内承担赔偿责任。因此，请求依法追究被告人丁小虎交通肇事罪的刑事责任并从重处罚，判令丁小虎和王发兵连带赔偿附带民事诉讼原告人死亡赔偿金143365元、丧葬费28735元、被扶养人生活费17696元、受害人亲属办理丧葬事宜支出的交通费、住宿费和误工损失10000元、财产损失1000元、精神损害抚慰金100000元，各项损失共计人民币300796元；人保财险吉安市分公司在保险赔偿范围内承担责任。 被告人丁小虎辩称：对公诉机关的指控无异议并自愿认罪，愿意依法赔偿附带民事诉讼原告人的经济损失。 附带民事诉讼被告人王发兵辩称：其虽是事故车辆车主，但丁小虎将车开走时其在外地并不知情，其与本案的发生没有关系，不承担连带赔偿责任。 附带民事诉讼被告人人保财险吉安市分公司辩称：1、本公司仅承保了事故车辆的交强险，在交强险11万元的限额内予以赔偿；2、原告人提出的赔偿数额应当依法核定，其中死亡赔偿金应当按照农村标准计算，被扶养人生活费不能支持，受害人亲属办理丧葬事宜支出的交通费、住宿费和误工损失无法律依据，精神损害抚慰金不属刑事附带民事诉讼赔偿范围，财产损失未提交证据，均不能支持。 经审理查明，2017年8月24日5时25分许，被告人丁小虎酒后驾驶苏E×××××号小型轿车沿井冈山大桥由东向西行驶从吉安市青原区开往吉州区，当行驶至井冈山大桥桥面距西桥头第七根灯柱附近时，与前方由被害人王某5驾驶的三轮自行车发生碰撞后，该三轮自行车又与前方被害人涂某驾驶的三轮自行车碰撞，造成被害人王某5当场死亡、被害人涂某受伤、三车受损的重大道路交通事故。事发后，被告人丁小虎驾车逃离现场。当日11时许，被告人丁小虎主动到吉安市公安局交警支队吉州大队投案。8月30日，经吉安市公安局交警支队吉州大队认定：被告人丁小虎负此次事故的全部责任。 另查明，被害人王某5，男，出生于1933年8月6日，系失地农民，近亲属有：妻子曾某、儿子王某1、王某2、王某3及女儿王某4。事故车辆苏E×××××号小型轿车系附带民事诉讼被告人王发兵所有，本案发生前王发兵已离开吉安市并将车辆停放在金色国会娱乐公司门口，一把车钥匙遗留在其与被告人丁小虎等人共同居住的公司员工宿舍。案发当日，丁小虎自行拿走车钥匙驾驶车辆离开后肇事。苏E×××××号小型轿车在人保财险吉安市分公司投保了机动车交通事故责任强制险（死亡伤残赔偿限额11万元、财产损失赔偿限额2000元），保险期间自2016年10月21日起至2017年10月20日止。 上述事实，被告人丁小虎在开庭审理过程中亦无异议，并有被害人涂某的陈述，附带民事诉讼被告人王发兵的陈述，证人彭某、冯某、张某的证言，道路交通事故现场勘查笔录及照片，法医病理学司法鉴定意见书，车体痕迹检验报告书，酒精检验报告书，道路交通事故认定书，视听资料，卡口监控照片，122警情信息单，驾驶人信息查询单，机动车信息查询单，死亡医学证明书，居民死亡殡葬证，被告人的归案情况说明及身份证明，被害人及附带民事诉讼原告人的身份证、户口簿，青原区河东街道夏家村委会出具的亲属关系证明，被害人的失地农民证，机动车交通事故责任强制保险单，王发兵在案发当日乘坐的重庆至南昌的飞机票等证据证实，足以认定。 本院认为，被告人丁小虎违反道路交通安全法规，驾驶机动车在道路上行驶时发生重大交通事故，致一人死亡，负事故全部责任，且肇事后逃逸，其行为已构成交通肇事罪。公诉机关指控的罪名成立。被告人犯罪后自动投案，如实供述自己的罪行，属自首，依法可以从轻处罚；其酒后驾驶机动车辆肇事，犯罪对象为老年人，案发后至今未予赔偿，无悔罪表现，应当酌情从重处罚。被告人丁小虎对其犯罪行为给附带民事诉讼原告人造成的经济损失应当承担赔偿责任。因本案民事赔偿系道路交通事故引发，故适用道路交通事故损害赔偿的相关法律规定确定赔偿责任，即先由承保的保险公司在责任限额范围内予以赔偿；不足部分，依照道路交通安全法和侵权责任法的相关规定由侵权人予以赔偿。本案中，附带民事诉讼被告人人保财险吉安市分公司承保了事故车辆的交强险，应当在交强险责任限额范围内予以赔偿。附带民事诉讼原告人请求该保险公司在商业三者险限额内承担赔偿责任，与事实和法律不符，不予支持。因被告人丁小虎负事故全部责任，保险公司赔偿不足部分由事故车辆使用人丁小虎予以赔偿。案发时事故车辆所有人与使用人不是同一人，附带民事诉讼原告人未能提供充分证据证实车辆所有人王发兵对损害的发生有过错，故附带民事诉讼被告人王发兵不承担赔偿责任。附带民事诉讼原告人关于被扶养人生活费、精神损害抚慰金的请求，于法无据，不予支持；关于财产损失的请求，未提供证据证实，不予支持；关于受害人亲属办理丧葬事宜支出的交通费、住宿费和误工损失的请求，根据实际情况予以酌定；其他请求与法相符，予以支持。因此，本院对附带民事诉讼原告人的经济损失核定为：死亡赔偿金143365元（28673元／年×5年）、丧葬费28735元（57470元／年÷2）、受害人亲属办理丧葬事宜支出的交通费、住宿费和误工损失6000元，共计人民币178100元，由人保财险吉安市分公司赔偿110000元，被告人丁小虎赔偿68100元。依照《中华人民共和国刑法》第一百三十三条、第六十七条第一款、第三十六条第一款、《中华人民共和国侵权责任法》第十六条、第四十九条、《中华人民共和国道路交通安全法》第七十六条第一款、《最高人民法院关于适用〈中华人民共和国刑事诉讼法〉的解释》第一百五十五条及《中华人民共和国民事诉讼法》第六十四条第一款的规定，判决如下： 一、被告人丁小虎犯交通肇事罪，判处有期徒刑五年； （刑期从判决执行之日起计算。判决执行以前先行羁押的，羁押一日折抵刑期一日，即自2017年8月24日起至2022年8月23日止。） 二、附带民事诉讼被告人中国人民财产保险股份有限公司吉安市分公司赔偿附带民事诉讼原告人曾某、王某1、王某2、王某3、王某4经济损失人民币110000元，限在本判决生效后二十日内履行完毕； 三、被告人丁小虎赔偿附带民事诉讼原告人曾某、王某1、王某2、王某3、王某4经济损失人民币68100元，限在本判决生效后二十日内履行完毕； 四、附带民事诉讼被告人王发兵不承担赔偿责任； 五、驳回附带民事诉讼原告人的其他诉讼请求。 如果未按本判决指定的期间履行给付金钱义务，应当依照《中华人民共和国民事诉讼法》第二百五十三条之规定加倍支付迟延履行期间的债务利息。 如不服本判决，可在接到判决书的第二日起十日内，通过本院或者直接向江西省吉安市中级人民法院提出上诉。书面上诉的，应当提交上诉状正本一份，副本二份。 判决生效后，负有义务的当事人不自动履行义务，享有权利的当事人可在上述履行期限的最后一日起二年内向本院申请强制执行。 审判长朱莉 人民陪审员区俊红 人民陪审员肖仕龙 二〇一七年十二月六日 书记员刘欢 相关法律： 《中华人民共和国刑法》 第一百三十三条违反交通运输管理法规，因而发生重大事故，致人重伤、死亡或者使公私财产遭受重大损失的，处三年以下有期徒刑或者拘役；交通运输肇事后逃逸或者有其他特别恶劣情节的，处三年以上七年以下有期徒刑；因逃逸致人死亡的，处七年以上有期徒刑。 第六十七条第一款犯罪以后自动投案，如实供述自己的罪行的，是自首。对于自首的犯罪分子，可以从轻或者减轻处罚。其中，犯罪较轻的，可以免除处罚。 第三十六条第一款由于犯罪行为而使被害人遭受经济损失的，对犯罪分子除依法给予刑事处罚外，并应根据情况判处赔偿经济损失。 《中华人民共和国侵权责任法》 第十六条侵害他人造成人身损害的，应当赔偿医疗费、护理费、交通费等为治疗和康复支出的合理费用，以及因误工减少的收入。造成残疾的，还应当赔偿残疾生活辅助具费和残疾赔偿金。造成死亡的，还应当赔偿丧葬费和死亡赔偿金。 第四十九条因租赁、借用等情形机动车所有人与使用人不是同一人时，发生交通事故后属于该机动车一方责任的，由保险公司在机动车强制保险责任限额范围内予以赔偿。不足部分，由机动车使用人承担赔偿责任；机动车所有人对损害的发生有过错的，承担相应的赔偿责任。 《中华人民共和国道路交通安全法》 第七十六条第一款机动车发生交通事故造成人身伤亡、财产损失的，由保险公司在机动车第三者责任强制保险责任限额范围内予以赔偿；不足的部分，按照下列规定承担赔偿责任： （一）机动车之间发生交通事故的，由有过错的一方承担赔偿责任；双方都有过错的，按照各自过错的比例分担责任。 （二）机动车与非机动车驾驶人、行人之间发生交通事故，非机动车驾驶人、行人没有过错的，由机动车一方承担赔偿责任；有证据证明非机动车驾驶人、行人有过错的，根据过错程度适当减轻机动车一方的赔偿责任；机动车一方没有过错的，承担不超过百分之十的赔偿责任。 《最高人民法院关于适用〈中华人民共和国刑事诉讼法〉的解释》 第一百五十五条对附带民事诉讼作出判决，应当根据犯罪行为造成的物质损失，结合案件具体情况，确定被告人应当赔偿的数额。 犯罪行为造成被害人人身损害的，应当赔偿医疗费、护理费、交通费等为治疗和康复支付的合理费用，以及因误工减少的收入。造成被害人残疾的，还应当赔偿残疾生活辅助具费等费用；造成被害人死亡的，还应当赔偿丧葬费等费用。 驾驶机动车致人死亡或者造成公私财产重大损失，构成犯罪的，依照《中华人民共和国道路交通安全法》第七十六条的规定确定赔偿责任。 附带民事诉讼当事人就民事赔偿问题达成调解、和解协议的，赔偿范围、数额不受第二款、第三款规定的限制。 《中华人民共和国民事诉讼法》 第六十四条第一款当事人对自己提出的主张，有责任提供证据。","writId":"0238f95a6dad5453052c5ed0a87c279cca6","writName":"丁小虎、王发兵交通肇事一审刑事判决书"}
