{"ajId":"5fa0ec5a-7aca-4c8a-ae05-5b4a73cca771","ajName":"成浪非法制造、买卖、运输、邮寄、储存枪支、弹药、爆炸物一案","ajjbqk":" 安徽省凤阳县人民检察院指控：2016年以来，被告人成浪利用微信、淘宝网络平台等手段多次非法购买枪支和枪支零配件等物品，并将购买的枪支和枪支零配件等物品放置在自己家中。2018年8月16日，凤阳县公安局侦查人员对被告人成浪家中进行搜查，共查获疑似气枪5支、塑料枪1支、仿真手枪7支、枪支配件若干、疑似气枪铅弹205颗、铅弹模具一套、铅条3捆、弓弩5支、弓弩镖若干。经滁州市公安司法鉴定中心鉴定，查获的疑似枪支中4支击发性能正常，以压缩气体为动力，均属于枪支；查获的疑似铅弹属于非制式气枪弹。公诉机关认为，被告人成浪违反法律规定，未经国家有关部门批准，非法买卖枪支，其行为已触犯《中华人民共和国刑法》第一百二十五条第一款之规定，应当以非法买卖枪支罪追究刑事责任。 被告人成浪对起诉书指控的事实和罪名均无异议，请求从轻判处。辩护人辩护提出，被告人成浪基于爱好、收藏购买枪支，目的是持有枪支，应认定为非法持有枪支罪；被告人成浪购买枪支后予以存储或者把玩，无危害社会和他人的故意，购买的枪支致伤力较低，犯罪情节较轻，案发后认罪态度好，有悔罪表现，建议对被告人成浪从轻处罚并适用缓刑。 经审理查明：被告人成浪出于个人爱好，2016年以来通过微信、淘宝网络平台多次非法购买气枪及其零配件等物品，收藏于家中。2018年8月16日，凤阳县公安局侦查人员对被告人成浪家中进行搜查，共查获疑似气枪5支、塑料枪1支、仿真手枪7支、枪支配件若干、疑似气枪铅弹205颗、铅弹模具一套、铅条3捆、弓弩5支、弓弩镖若干。经滁州市公安司法鉴定中心鉴定，查获的疑似枪支中4支击发性能正常，以压缩气体为动力，均属于枪支；查获的疑似铅弹属于非制式气枪弹。 上述事实，被告人成浪在开庭审理过程中亦无异议，并有受案登记表、立案决定书、户籍证明、违法犯罪记录证明、凤阳县公安局洪武路抓获经过、扣押清单、凤阳县公安局涉案财物移交清单、收缴物品审批表、微信照片、证人成某、姚某、张某、王某、陈某、刘某1、刘某2的证言、搜查笔录及照片、现场勘验笔录、现场示意图及照片、滁州市公安司法鉴定中心（滁）公鉴（痕检）字（2018）66号枪支弹药性能鉴定书及照片等证据证实，足以认定。 ","cpfxgc":"本院认为：被告人成浪违反枪支管理规定，以收藏、娱乐为目的，非法购买、持有以压缩气体为动力的非军用枪支4支及其配件，其行为已构成非法持有枪支罪。公诉机关指控的事实成立，予以确认；认定罪名不当，本院予以变更。被告人成浪在归案后如实供述犯罪事实，属于坦白，可以从轻处罚。被告人成浪符合缓刑适用条件，可以适用缓刑。对辩护人关于被告人成浪的行为应认定为非法持有枪支罪；被告人成浪购买枪支后予以存储或者把玩，枪支致伤力较低，犯罪情节较轻，案发后认罪态度好，有悔罪表现，建议对被告人成浪从轻处罚并适用缓刑的意见予以采纳。依照《中华人民共和国刑法》第一百二十八条第一款、第六十七条第三款、第六十四条、第七十二条第一款、第七十三条第二款、第三款之规定，判决如下：","pjjg":" 一、被告人成浪犯非法持有枪支罪，判处有期徒刑一年，宣告缓刑二年； （缓刑考验期限，从判决确定之日起计算。） 二、对已扣押的气枪5支、塑料枪1支、仿真手枪7支、气枪铅弹205颗、铅弹模具一套、铅条3捆、弓弩5支、枪支配件、弓弩镖予以没收（由凤阳县公安局负责处理）。 如不服本判决，可在接到判决书的第二日起十日内，通过本院或者直接向安徽省滁州市中级人民法院提出上诉。书面上诉的，应当提交上诉状正本一份，副本二份。","qw":"安徽省凤阳县人民法院 刑事判决书 （2018）皖1126刑初304号 公诉机关安徽省凤阳县人民检察院。 被告人成浪，男，1990年8月14日出生于安徽省凤阳县，汉族，初中文化，工人，住安徽省凤阳县。因涉嫌犯非法买卖枪支罪于2018年8月17日被凤阳县公安局刑事拘留，同年9月20日经凤阳县人民检察院批准被凤阳县公安局执行逮捕，现羁押于凤阳县看守所。 辩护人孙广超，安徽凤明律师事务所律师。 安徽省凤阳县人民检察院以凤检刑诉（2018）289号起诉书指控被告人成浪犯非法买卖枪支罪，于2018年12月1日向本院提起公诉。本院依法适用简易程序并组成合议庭，公开开庭审理了本案。安徽省凤阳县人民检察院指派检察员李某出庭支持公诉，被告人成浪及其辩护人孙广超到庭参加诉讼。本案现已审理终结。 安徽省凤阳县人民检察院指控：2016年以来，被告人成浪利用微信、淘宝网络平台等手段多次非法购买枪支和枪支零配件等物品，并将购买的枪支和枪支零配件等物品放置在自己家中。2018年8月16日，凤阳县公安局侦查人员对被告人成浪家中进行搜查，共查获疑似气枪5支、塑料枪1支、仿真手枪7支、枪支配件若干、疑似气枪铅弹205颗、铅弹模具一套、铅条3捆、弓弩5支、弓弩镖若干。经滁州市公安司法鉴定中心鉴定，查获的疑似枪支中4支击发性能正常，以压缩气体为动力，均属于枪支；查获的疑似铅弹属于非制式气枪弹。公诉机关认为，被告人成浪违反法律规定，未经国家有关部门批准，非法买卖枪支，其行为已触犯《中华人民共和国刑法》第一百二十五条第一款之规定，应当以非法买卖枪支罪追究刑事责任。 被告人成浪对起诉书指控的事实和罪名均无异议，请求从轻判处。辩护人辩护提出，被告人成浪基于爱好、收藏购买枪支，目的是持有枪支，应认定为非法持有枪支罪；被告人成浪购买枪支后予以存储或者把玩，无危害社会和他人的故意，购买的枪支致伤力较低，犯罪情节较轻，案发后认罪态度好，有悔罪表现，建议对被告人成浪从轻处罚并适用缓刑。 经审理查明：被告人成浪出于个人爱好，2016年以来通过微信、淘宝网络平台多次非法购买气枪及其零配件等物品，收藏于家中。2018年8月16日，凤阳县公安局侦查人员对被告人成浪家中进行搜查，共查获疑似气枪5支、塑料枪1支、仿真手枪7支、枪支配件若干、疑似气枪铅弹205颗、铅弹模具一套、铅条3捆、弓弩5支、弓弩镖若干。经滁州市公安司法鉴定中心鉴定，查获的疑似枪支中4支击发性能正常，以压缩气体为动力，均属于枪支；查获的疑似铅弹属于非制式气枪弹。 上述事实，被告人成浪在开庭审理过程中亦无异议，并有受案登记表、立案决定书、户籍证明、违法犯罪记录证明、凤阳县公安局洪武路抓获经过、扣押清单、凤阳县公安局涉案财物移交清单、收缴物品审批表、微信照片、证人成某、姚某、张某、王某、陈某、刘某1、刘某2的证言、搜查笔录及照片、现场勘验笔录、现场示意图及照片、滁州市公安司法鉴定中心（滁）公鉴（痕检）字（2018）66号枪支弹药性能鉴定书及照片等证据证实，足以认定。 本院认为：被告人成浪违反枪支管理规定，以收藏、娱乐为目的，非法购买、持有以压缩气体为动力的非军用枪支4支及其配件，其行为已构成非法持有枪支罪。公诉机关指控的事实成立，予以确认；认定罪名不当，本院予以变更。被告人成浪在归案后如实供述犯罪事实，属于坦白，可以从轻处罚。被告人成浪符合缓刑适用条件，可以适用缓刑。对辩护人关于被告人成浪的行为应认定为非法持有枪支罪；被告人成浪购买枪支后予以存储或者把玩，枪支致伤力较低，犯罪情节较轻，案发后认罪态度好，有悔罪表现，建议对被告人成浪从轻处罚并适用缓刑的意见予以采纳。依照《中华人民共和国刑法》第一百二十八条第一款、第六十七条第三款、第六十四条、第七十二条第一款、第七十三条第二款、第三款之规定，判决如下： 一、被告人成浪犯非法持有枪支罪，判处有期徒刑一年，宣告缓刑二年； （缓刑考验期限，从判决确定之日起计算。） 二、对已扣押的气枪5支、塑料枪1支、仿真手枪7支、气枪铅弹205颗、铅弹模具一套、铅条3捆、弓弩5支、枪支配件、弓弩镖予以没收（由凤阳县公安局负责处理）。 如不服本判决，可在接到判决书的第二日起十日内，通过本院或者直接向安徽省滁州市中级人民法院提出上诉。书面上诉的，应当提交上诉状正本一份，副本二份。 审判长汪凤泉 人民陪审员陈宗芹 人民陪审员陈少君 二〇一八年十二月十九日 代理书记员李若娴 附本案所适用的法律条文： 《中华人民共和国刑法》 第一百二十八条违反枪支管理规定，非法持有、私藏枪支、弹药的，处三年以下有期徒刑、拘役或者管制；情节严重的，处三年以上七年以下有期徒刑。 依法配备公务用枪的人员，非法出租、出借枪支的，依照前款的规定处罚。 依法配置枪支的人员，非法出租、出借枪支，造成严重后果的，依照第一款的规定处罚。 单位犯第二款、第三款罪的，对单位判处罚金，并对其直接负责的主管人员和其他直接责任人员，依照第一款的规定处罚。 第六十四条犯罪分子违法所得的一切财物，应当予以追缴或者责令退赔；对被害人的合法财产，应当及时返还；违禁品和供犯罪所用的本人财物，应当予以没收。没收的财物和罚金，一律上缴国库，不得挪用和自行处理。 第六十七条犯罪以后自动投案，如实供述自己的罪行的，是自首。对于自首的犯罪分子，可以从轻或者减轻处罚。其中，犯罪较轻的，可以免除处罚。 被采取强制措施的犯罪嫌疑人、被告人和正在服刑的罪犯，如实供述司法机关还未掌握的本人其他罪行的，以自首论。 犯罪嫌疑人虽不具有前两款规定的自首情节，但是如实供述自己罪行的，可以从轻处罚；因其如实供述自己罪行，避免特别严重后果发生的，可以减轻处罚。 第七十二条对于被判处拘役、三年以下有期徒刑的犯罪分子，同时符合下列条件的，可以宣告缓刑，对其中不满十八周岁的人、怀孕的妇女和已满七十五周岁的人，应当宣告缓刑： （一）犯罪情节较轻； （二）有悔罪表现； （三）没有再犯罪的危险； （四）宣告缓刑对所居住社区没有重大不良影响。 宣告缓刑，可以根据犯罪情况，同时禁止犯罪分子在缓刑考验期限内从事特定活动，进入特定区域、场所，接触特定的人。 被宣告缓刑的犯罪分子，如果被判处附加刑，附加刑仍须执行。 第七十三条拘役的缓刑考验期限为原判刑期以上一年以下，但是不能少于二个月。 有期徒刑的缓刑考验期限为原判刑期以上五年以下，但是不能少于一年。 缓刑考验期限，从判决确定之日起计算。","writId":"048eab628328860fa764bf266b710dadd4c","writName":"成浪非法制造、买卖、运输、邮寄、储存枪支、弹药、爆炸物一审刑事判决书"}
