{"ajId":"19e904ad-3236-495e-9920-813b122d4a00","ajName":"杨平诈骗一案","ajjbqk":" 北京市朝阳区人民检察院指控：被告人杨平于2019年1月21日2时许，在首都机场二号航站楼停车场窃取他人车牌安装在原车号为×××的黑色路虎牌越野车前部后驾驶该车辆离开停车场，逃缴停车费共计人民币38650元。被告人杨平后自动投案。 另，在审理期间，被告人杨平亲属将违法所得退缴在案。 上述事实，被告人杨平在庭审过程中亦无异议，且有证人刘某、冯某、贾某1、贾某2、马某、洪某等人的证言，通讯记录、车辆照片，被害单位北京首都机场物业管理有限公司出具的书证，刑事判决书，到案经过，身份材料等证据予以证明，足以认定。 ","cpfxgc":"本院认为，被告人杨平法治观念淡薄，虚构事实、隐瞒真相逃避缴纳停车费，数额较大，其行为已构成诈骗罪，依法应予惩处。北京市朝阳区人民检察院指控被告人杨平犯诈骗罪的事实清楚，证据确实、充分，罪名成立。被告人杨平主动投案，如实供述所犯罪行，系自首，自愿认罪认罚，退赔了被害单位的经济损失，故本院对其所犯罪行依法从轻处罚。在案款，一并处理。本院依照《中华人民共和国刑法》第二百六十六条、第六十七条第一款、第六十一条、第四十五条、第四十七条、第五十二条、第六十四条以及《中华人民共和国刑事诉讼法》第十五条之规定，判决如下：","pjjg":" 一、被告人杨平犯诈骗罪，判处有期徒刑一年，罚金人民币一万元（刑期从判决执行之日起计算。判决执行以前先行羁押的，羁押一日折抵刑期一日。即自2019年1月29日起至2020年1月28日止。罚金已在案）。 二、在案款人民币三万八千六百五十元，发还北京首都机场物业管理有限公司。 如不服本判决，可在接到判决书的第二日起十日内，通过本院或者直接向北京市第三中级人民法院提出上诉。书面上诉的，应当提交上诉状正本一份，副本一份。","qw":"北京市朝阳区人民法院 刑事判决书 （2019）京0105刑初1613号 公诉机关北京市朝阳区人民检察院。 被告人杨平，男，汉族，1987年10月15日出生于黑龙江省勃利县，公民身份号码×××，初中文化，农民，户籍所在地黑龙江省勃利县。曾因犯故意伤害罪于2010年8月10日被浙江省海盐县人民法院判处有期徒刑三年三个月，于2012年11月2日刑满释放。现因涉嫌犯诈骗罪，于2019年1月29日被刑事拘留，同年3月6日被逮捕。现羁押于北京市朝阳区看守所。 辩护人付金峰，北京卓海律师事务所律师。 北京市朝阳区人民检察院以京朝检公诉刑诉（2019）1513号起诉书指控被告人杨平犯诈骗罪，于2019年7月11日向本院提起公诉。本院适用简易程序，实行独任审判，公开开庭审理了本案。北京市朝阳区人民检察院指派检察员席晓昕出庭支持公诉，被告人杨平及其辩护人付金峰到庭参加诉讼。现已审理终结。 北京市朝阳区人民检察院指控：被告人杨平于2019年1月21日2时许，在首都机场二号航站楼停车场窃取他人车牌安装在原车号为×××的黑色路虎牌越野车前部后驾驶该车辆离开停车场，逃缴停车费共计人民币38650元。被告人杨平后自动投案。 另，在审理期间，被告人杨平亲属将违法所得退缴在案。 上述事实，被告人杨平在庭审过程中亦无异议，且有证人刘某、冯某、贾某1、贾某2、马某、洪某等人的证言，通讯记录、车辆照片，被害单位北京首都机场物业管理有限公司出具的书证，刑事判决书，到案经过，身份材料等证据予以证明，足以认定。 本院认为，被告人杨平法治观念淡薄，虚构事实、隐瞒真相逃避缴纳停车费，数额较大，其行为已构成诈骗罪，依法应予惩处。北京市朝阳区人民检察院指控被告人杨平犯诈骗罪的事实清楚，证据确实、充分，罪名成立。被告人杨平主动投案，如实供述所犯罪行，系自首，自愿认罪认罚，退赔了被害单位的经济损失，故本院对其所犯罪行依法从轻处罚。在案款，一并处理。本院依照《中华人民共和国刑法》第二百六十六条、第六十七条第一款、第六十一条、第四十五条、第四十七条、第五十二条、第六十四条以及《中华人民共和国刑事诉讼法》第十五条之规定，判决如下： 一、被告人杨平犯诈骗罪，判处有期徒刑一年，罚金人民币一万元（刑期从判决执行之日起计算。判决执行以前先行羁押的，羁押一日折抵刑期一日。即自2019年1月29日起至2020年1月28日止。罚金已在案）。 二、在案款人民币三万八千六百五十元，发还北京首都机场物业管理有限公司。 如不服本判决，可在接到判决书的第二日起十日内，通过本院或者直接向北京市第三中级人民法院提出上诉。书面上诉的，应当提交上诉状正本一份，副本一份。 审判员臧德胜 二○一九年七月二十二日 书记员孙文","writId":"009825a8d3ed8405057116c2a97d3322378","writName":"杨平诈骗一审刑事判决书"}
