{"ajId":"8398c3e2-e252-4456-a3be-8b7c6f05c1a0","ajName":"251毛某危险驾驶罪一案","ajjbqk":" 宜兴市人民检察院指控，2018年10月27日20时许，被告人毛某持D型驾驶证，酒后驾驶套牌号为苏D×××××的普通二轮摩托车上道行驶至宜兴市新建镇天龙浴室，因琐事与他人发生争执，经群众报警后被执勤民警当场查获。经检验，被告人毛某血液中乙醇含量为99mg／100ml，属醉酒驾车。 案发后，被告人毛某明知他人报警仍在现场等候处理，归案后如实供述了上述事实。 上述事实，被告人毛某在庭审中未提出异议，并有证人朱某的证言笔录，宜兴市公安局制作的现场检查笔录、现场摄影照片，驾驶人及机动车信息查询结果单，道路交通事故认定书，驾驶人呼气酒精含量检测笔录，机动车驾驶人呼气酒精含量阈值记录表，血样提取登记表，抽血照片及血样封装袋，宜兴市公安局物证鉴定室出具的检验报告，本案侦查人员出具的刑事案件侦破经过等证据证实，足以认定。 ","cpfxgc":"本院认为，被告人毛某在道路上醉酒驾驶机动车，其行为已构成危险驾驶罪，应予惩处。公诉机关指控罪名成立，应予采纳。事故发生后，被告人毛某明知他人报警仍在现场等候处理，归案后能如实供述自己的犯罪事实，是自首，依法可从轻处罚。被告人毛某在庭审中能自愿认罪，亦可从轻处罚。据此，依照《中华人民共和国刑法》第一百三十三条之一第一款第（二）项，第六十七条第一款的规定，判决如下：","pjjg":" 被告人毛某犯危险驾驶罪，判处拘役一个月（拘役的刑期从判决执行之日起计算，判决执行以前先行羁押的，羁押一日折抵刑期一日，即自2019年3月25日起至2019年4月24日止），并处罚金人民币一千元（罚金于本判决发生法律效力第二日缴纳）。 如不服本判决，可在接到本判决书的第二日起十日内，通过本院或者直接向江苏省无锡市中级人民法院提出上诉。书面上诉的，应当提交上诉状正本一份，副本两份。","qw":"江苏省宜兴市人民法院 刑事判决书 （2019）苏0282刑初251号 公诉机关宜兴市人民检察院。 被告人毛某，打工。因本案于2019年1月4日被宜兴市公安局取保候审，2019年3月22日被本院决定逮捕，3月25日被宜兴市公安局执行逮捕。现羁押于宜兴市看守所。 宜兴市人民检察院以宜检诉刑诉（2019）245号起诉书指控被告人毛某犯危险驾驶罪，于2019年3月7日向本院提起公诉。本院于2019年3月11日受理后，依法适用简易程序，并实行独任审判，于2019年3月25日公开开庭审理了本案。宜兴市人民检察院指派检察员杜宜平出庭支持公诉，被告人毛某到庭参加诉讼。现已审理终结。 宜兴市人民检察院指控，2018年10月27日20时许，被告人毛某持D型驾驶证，酒后驾驶套牌号为苏D×××××的普通二轮摩托车上道行驶至宜兴市新建镇天龙浴室，因琐事与他人发生争执，经群众报警后被执勤民警当场查获。经检验，被告人毛某血液中乙醇含量为99mg／100ml，属醉酒驾车。 案发后，被告人毛某明知他人报警仍在现场等候处理，归案后如实供述了上述事实。 上述事实，被告人毛某在庭审中未提出异议，并有证人朱某的证言笔录，宜兴市公安局制作的现场检查笔录、现场摄影照片，驾驶人及机动车信息查询结果单，道路交通事故认定书，驾驶人呼气酒精含量检测笔录，机动车驾驶人呼气酒精含量阈值记录表，血样提取登记表，抽血照片及血样封装袋，宜兴市公安局物证鉴定室出具的检验报告，本案侦查人员出具的刑事案件侦破经过等证据证实，足以认定。 本院认为，被告人毛某在道路上醉酒驾驶机动车，其行为已构成危险驾驶罪，应予惩处。公诉机关指控罪名成立，应予采纳。事故发生后，被告人毛某明知他人报警仍在现场等候处理，归案后能如实供述自己的犯罪事实，是自首，依法可从轻处罚。被告人毛某在庭审中能自愿认罪，亦可从轻处罚。据此，依照《中华人民共和国刑法》第一百三十三条之一第一款第（二）项，第六十七条第一款的规定，判决如下： 被告人毛某犯危险驾驶罪，判处拘役一个月（拘役的刑期从判决执行之日起计算，判决执行以前先行羁押的，羁押一日折抵刑期一日，即自2019年3月25日起至2019年4月24日止），并处罚金人民币一千元（罚金于本判决发生法律效力第二日缴纳）。 如不服本判决，可在接到本判决书的第二日起十日内，通过本院或者直接向江苏省无锡市中级人民法院提出上诉。书面上诉的，应当提交上诉状正本一份，副本两份。 审判员许卫琴 二〇一九年三月二十五日 法官助理潘明星 书记员黄芸 本案援引法律条款 《中华人民共和国刑法》： 第一百三十三条之一第一款第（二）项在道路上驾驶机动车，有下列情形之一的，处拘役，并处罚金： （二）醉酒驾驶机动车的； 第六十七条第一款犯罪以后自动投案，如实供述自己的罪行的，是自首。对于自首的犯罪分子，可以从轻或者减轻处罚。其中，犯罪较轻的，可以免除处罚。","writId":"05865b9253db628281c00046c7cad258505","writName":"251毛某危险驾驶罪一审刑事判决书"}
