{"ajId":"ad889d3e-6a81-429f-9fc5-f63c2c32ec5d","ajName":"迟浩走私、贩卖、运输、制造毒品一案","ajjbqk":" 经审理查明，2018年1月12日18时许，被告人迟浩通过移动电话联系后，去到本区大石街大山村祥和路天福超市门前，以人民币350元的价格贩卖毒品一包给购毒人员梁某1，后被公安人员抓获。公安人员当场在梁某1处缴获上述毒品一包（净重0.55克，检出甲基苯丙胺成分），在被告人迟浩处缴获毒资人民币350元和作案工具移动电话一台。 上述事实，被告人迟浩在庭审中亦无异议，并有证人叶某、张某、梁某1、黄某1的证言，辨认笔录，抓获经过，搜查笔录，扣押清单，接受证据材料清单，提取笔录，称量取样笔录，称量照片，检验报告，现场勘验笔录，现场、毒品、毒资、作案工具照片，通话清单，电子数据检查工作记录，被告人前科材料，立功证明材料，情况说明等证据证实，足以认定。 ","cpfxgc":"本院认为，被告人迟浩无视国家法律，贩卖毒品甲基苯丙胺0.55克，其行为已构成贩卖毒品罪，依法应当对其适用三年以下有期徒刑、拘役或管制的量刑幅度予以处罚。公诉机关指控被告人迟浩犯贩卖毒品罪的犯罪事实清楚，证据确实充分，指控罪名成立。被告人迟浩曾因故意犯罪被判处有期徒刑，刑罚执行完毕以后，在五年以内再犯应当判处有期徒刑以上刑罚之罪，是累犯，应当从重处罚。被告人迟浩曾因非法持有毒品罪被判过刑，又犯贩卖毒品罪，从重处罚。被告人迟浩检举、揭发他人犯罪行为，查证属实，有立功表现，可以从轻处罚。被告人迟浩虽不具有自首情节，但如实供述自己的罪行，可以从轻处罚。公诉机关关于对被告人迟浩判处有期徒九个月至一年三个月、并处罚金的量刑意见，本院予以采纳。被告人迟浩对公诉机关指控事实、罪名及量刑建议没有异议且签字具结。本院根据前述法定刑幅度、法定或酌定的量刑情节，并综合考虑被告人作案的具体事实、认罪态度等因素确定宣告刑。依照《中华人民共和国刑法》第三百四十七条第四款、第三百五十六条、第六十五条第一款、第六十七条第三款、第六十八条、第五十二条、第五十三条、第六十四条的规定，判决如下：","pjjg":" 一、被告人迟浩犯贩卖毒品罪，判处有期徒刑七个月，并处罚金一千元。 （刑期从判决执行之日起计算。判决执行以前先行羁押的，羁押一日折抵刑期一日，即自2018年1月12日起至2018年8月11日止；罚金应于本判决发生法律效力次日起十日内交纳，上缴国库。） 二、缴获毒品甲基苯丙胺0.55克，予以没收销毁；缴获的作案工具手机一台，予以没收并上缴国库（上述物品现存于广州市公安局番禺区分局）。 如不服本判决，可在接到判决书的第二日起十日内，通过本院或者直接向广东省广州市中级人民法院提出上诉。书面上诉的，应当提交上诉状正本一份，副本二份。","qw":"广东省广州市番禺区人民法院 刑事判决书 （2018）粤0113刑初876号 公诉机关广州市番禺区人民检察院。 被告人迟浩，男，1986年4月16日出生，汉族，文化程度高中，政治面貌群众，户籍地吉林省蛟河市，2013年9月2日因犯故意伤害罪、非法持有毒品罪被广州市番禺区人民法院判处有期徒刑四年，2016年6月30日刑满释放。因本案于2018年1月12日被羁押，次日被刑事拘留，同年2月13日被逮捕。现押于广州市番禺区看守所。 广州市番禺区人民检察院以穗番检公刑诉［2018］752号起诉书指控被告人迟浩犯贩卖毒品罪，于2018年4月26日向本院提起公诉。本院依法适用简易程序，实行独任审判，公开开庭审理了本案。广州市番禺区人民检察院指派检察员梁伟康出庭支持公诉，被告人迟浩到庭参加了诉讼。现已审理终结。 经审理查明，2018年1月12日18时许，被告人迟浩通过移动电话联系后，去到本区大石街大山村祥和路天福超市门前，以人民币350元的价格贩卖毒品一包给购毒人员梁某1，后被公安人员抓获。公安人员当场在梁某1处缴获上述毒品一包（净重0.55克，检出甲基苯丙胺成分），在被告人迟浩处缴获毒资人民币350元和作案工具移动电话一台。 上述事实，被告人迟浩在庭审中亦无异议，并有证人叶某、张某、梁某1、黄某1的证言，辨认笔录，抓获经过，搜查笔录，扣押清单，接受证据材料清单，提取笔录，称量取样笔录，称量照片，检验报告，现场勘验笔录，现场、毒品、毒资、作案工具照片，通话清单，电子数据检查工作记录，被告人前科材料，立功证明材料，情况说明等证据证实，足以认定。 本院认为，被告人迟浩无视国家法律，贩卖毒品甲基苯丙胺0.55克，其行为已构成贩卖毒品罪，依法应当对其适用三年以下有期徒刑、拘役或管制的量刑幅度予以处罚。公诉机关指控被告人迟浩犯贩卖毒品罪的犯罪事实清楚，证据确实充分，指控罪名成立。被告人迟浩曾因故意犯罪被判处有期徒刑，刑罚执行完毕以后，在五年以内再犯应当判处有期徒刑以上刑罚之罪，是累犯，应当从重处罚。被告人迟浩曾因非法持有毒品罪被判过刑，又犯贩卖毒品罪，从重处罚。被告人迟浩检举、揭发他人犯罪行为，查证属实，有立功表现，可以从轻处罚。被告人迟浩虽不具有自首情节，但如实供述自己的罪行，可以从轻处罚。公诉机关关于对被告人迟浩判处有期徒九个月至一年三个月、并处罚金的量刑意见，本院予以采纳。被告人迟浩对公诉机关指控事实、罪名及量刑建议没有异议且签字具结。本院根据前述法定刑幅度、法定或酌定的量刑情节，并综合考虑被告人作案的具体事实、认罪态度等因素确定宣告刑。依照《中华人民共和国刑法》第三百四十七条第四款、第三百五十六条、第六十五条第一款、第六十七条第三款、第六十八条、第五十二条、第五十三条、第六十四条的规定，判决如下： 一、被告人迟浩犯贩卖毒品罪，判处有期徒刑七个月，并处罚金一千元。 （刑期从判决执行之日起计算。判决执行以前先行羁押的，羁押一日折抵刑期一日，即自2018年1月12日起至2018年8月11日止；罚金应于本判决发生法律效力次日起十日内交纳，上缴国库。） 二、缴获毒品甲基苯丙胺0.55克，予以没收销毁；缴获的作案工具手机一台，予以没收并上缴国库（上述物品现存于广州市公安局番禺区分局）。 如不服本判决，可在接到判决书的第二日起十日内，通过本院或者直接向广东省广州市中级人民法院提出上诉。书面上诉的，应当提交上诉状正本一份，副本二份。 审判员何敏华 二〇一八年五月九日 书记员范展红","writId":"030db55f96b47e1e2b37905b9efa7b040ef","writName":"迟浩走私、贩卖、运输、制造毒品一审刑事判决书"}
