{"ajId":"5dad857f-b34f-4955-8ab2-b85c17d8eecb","ajName":"刘寿治、蔡金锋滥伐林木、行贿一案","ajjbqk":" 一审判决认定：⒈2012年7-11月，被告人刘寿治通过非法手段，以种植蓝莓为借口，获得贵州省黄平县林业局批准采伐黄平县野洞河镇万丈村磨盘山宝贝河大山世行林15公顷（225亩），1884.05立方米的采伐蓄积量的林木采伐许可证。获得批准采伐后，被告人刘寿治邀约杨某、谢健隆、邓某按7：1：1：1的比例合伙。2012年12月刘寿治雇请廖某、张某1等民工对野洞河镇万丈村磨盘山赵某等8户人家的宝贝河大山世行林的松木全部采伐，销售到黄平县内各木材加工厂获利20余万元，整个山场同年被转包给黄平县国有林场开垦种植马尾松作为良种基地。经黔东南州林业调查规划设计院调查，现场共被超伐马尾松林地面积76.2亩，立木蓄积1264.9立方米。 2013年11月被告人刘寿治、蔡金锋、谢健隆等人合伙以37800元购得黄平县野洞河镇泥巴寨村窝当组村民唐告荣家老虎窝处山林一幅。2013年12月被告人刘寿治、蔡金锋、谢健隆在明知不能办理林木采伐许可证的情况下，雇请施秉县杨柳塘镇的廖某等人对山林中树木进行砍伐，2013年12月12日对所砍伐的第一车木材装车完毕后，准备运出时被查获。2013年12月18日经黄平县林业调查设计队人员现场勘验调查，唐告荣家老虎窝处山林共被砍伐马尾松林木158株，立方蓄积为58.128立方米。 ⒉被告人刘寿治在从事木材经营加工生意工程中，为谋取不正当利益，分多次向时任黄平县林业局局长熊某行贿人民币29万元，造成黄平县野洞河镇万丈村磨盘山宝贝河大山世行林被其滥伐，数量巨大。具体事实如下： 2011年10月27日，刘寿治为谋取不正当利益，在都匀市的一家餐馆向熊某行贿人民币20万元。 2012年7月的一天，刘寿治为谋取不正当利益，在黄平县新州镇人民政府门口熊某的车上向熊某行贿人民币5万元。 2013年4月或5月的一天，刘寿治为谋取不正当利益，在黄平县地税局门口熊某的车上向熊某行贿人民币3万元。 2012年春节前、2012年中秋节前、2013年春节前、2013年中秋节前以及2014年春节前，刘寿治为谋取不正当利益，分五次每次送给熊某人民币2000元，共计向熊某行贿人民币1万元。 原审法院根据上述事实和相关证据，依照《中华人民共和国刑法》第三百四十五条第二款、第三百八十九条、第三百九十条、第六十七条第一款、第二十五条、第五十二条、第五十三条、第六十四条、第七十二条、《最高人民法院关于审理破坏森林资源刑事案件具体应用法律若干问题的解释》第六条、《最高人民法院、最高人民检察院关于办理贪污贿赂刑事案件适用法律若干问题的解释》第七条、第十九条第二款的规定，作出如下判决：一、被告人刘寿治犯滥伐林木罪，判处有期徒刑五年，并处罚金人民币叁万元整（30000元）；被告人刘寿治犯行贿罪，判处有期徒刑一年零六个月，并处罚金人民币壹拾万元整（100000元），决定执行有期徒刑六年，并处罚金人民币壹拾叁万元整（130000元）。二、被告人蔡金锋犯滥伐林木罪，判处有期徒刑二年，缓刑三年，并处罚金人民币壹万元整（10000元，已缴纳）。三、被告人谢健隆犯滥伐林木罪，判处有期徒刑二年，缓刑三年，并处罚金人民币壹万元整（10000元，已缴纳）。四、被告人刘寿治所退违法所得人民币12万元由收缴单位上缴国库。 宣判后，被告人刘寿治向本院提出上诉称：宝贝河大山世行林我没有超面积采伐，退缴黄平县森林公安局的12万元不全部是违法所得，扣押的手机不是犯罪工具应当发还，送给熊某的20万是被索要的，并于2017年10月22日提出两条立功线索，一是向施秉县公安局举报施秉县牛大场镇高粱冲杀人案，二是向施秉县纪律检查委员会、县检察院举报陶某利用职务骗取林业补助款，请求本院查明事实，对其给予减轻处罚。 其辩护人提出的辩护意见是：宝贝河大山林木采伐超标是事实，但刘寿治并没有主观上的故意，公诉机关对刘寿治向熊某行贿20万元的指控是认定事实错误。 经审理查明：⒈上诉人刘寿治在贵州省黄平县开办有一家木片加工厂，委托其福建籍的老乡陈金华经营管理，其本人主要在临近的都匀市做烟花爆竹生意。2011年春季，刘寿治通过陈金华介绍认识了时任黄平县林业局局长的熊绍君（因犯滥用职权罪和受贿罪被本院于2017年6月15日数罪并罚判处有期徒刑三年零六个月），双方互有好感。刘寿治想到黄平县经营加油站，到黄平县考察期间熊某主动陪同并介绍关系给刘寿治认识，刘寿治看中了熊某在黄平县党政机关当中的关系，熊某亦对刘寿治的经济实力有一定的了解。随着交往的增多，二人的交情逐渐加深，在加油站项目无果后，熊某为答谢上诉人刘寿治在二人交往期间对其生活上的关照和应刘寿治要求，知会黄平县林业局下属国有林场场长任某某，使得刘寿治于2011年6月9日顺利挂靠该场加工许可证和租赁该场场地进行板材加工（特许经营），其后又通过熊某向黄平县林工商公司经理黄某某打招呼的方式于2012年2月20日挂靠该公司继续进行木材加工生产。熊某有一情人潘某没有正式工作，潘某想要开一家服装店但是没有资金，于是熊某想到向刘寿治借钱。2011年10月27日，熊某电话联系上诉人刘寿治后携潘某驾车去到都匀市，在都匀市一家茶楼以自己的名义向刘寿治“借款”20万元，刘寿治心知该笔“借款”不可能归还，仍安排其女友金某某带潘某去银行转了20万元到潘某账上，双方对此心照不宣。上诉人刘寿治在黄平县挂靠开办木材加工厂后，由于所收购木材均来自散户，营业额不大。为扩大生产，刘寿治找到熊某帮忙。熊某答应后，刘寿治通过其当时的女朋友也即后来的妻子黄某相中了位于黄平县野洞河镇万丈村磨盘山赵某等八户人家的宝贝河大山世行林松木，该片松木未到采伐期限。2012年7月至11月，上诉人刘寿治通过熊某的帮助，以种植蓝莓为借口，违规获得黄平县林业局批准采伐黄平县野洞河镇万丈村磨盘山赵某等八户宝贝河大山世行林15公顷（225亩），出材量1037.53立方米，采伐方式为皆伐的林木采伐许可证。其后，被告人刘寿治邀约杨某、谢健隆、邓某按7：1：1：1的比例合伙，刘寿治负责与林业局领导搞好关系，杨某负责联系林业局林某工作人员检尺、打印、办理运输证，谢健隆、邓某负责管账、山场采伐监工、运输木材等。2012年12月，刘寿治雇请廖某、张某1等民工对野洞河镇万丈村磨盘山赵某等8户人家的宝贝河大山世行林的松木全部采伐，采伐方量高达3154立方米，销售到黄平县内各木材加工厂牟利，整个山场一年后被刘寿治转包给黄平县国有林场开垦种植马尾松作为良种基地。由于有熊某的干预，上诉人刘寿治等四人在获批宝贝河大山林木采伐许可证和具体实施采伐过程中，免交了木材检尺费用和造林保证金，黄平县相关林业工作人员未认真履行采伐设计和检尺、打印、监督、验收等相关工作职责，导致采伐设计与赵某等八户农民的指界范围不符，实际采伐材积超出设计采伐方量2116.47立方米，设计人员张某2因滥用职权罪被本院于2017年8月24日判处有期徒刑十个月。此外，通过熊某的帮助，上诉人刘寿治还获得黄平县林工商公司招待所、县发改局上塘镇金秋梨基地等的租赁经营权，从中经营获利。为感谢熊某的帮助和继续搞好与熊某的关系，上诉人刘寿治分别于2012年7月的一天，在黄平县新州镇人民政府门口熊某的车上送给熊某5万元，于2013年5月的一天，在黄平县地税局门口熊某的车上送给熊某3万元，于2012年春节前、2012年中秋节前、2013年春节前、2013年中秋节前以及2014年春节前，分五次每次送给熊某2000元共一万元。2016年2月，“知情人”向森林公安部门举报刘寿治在宝贝河大山滥伐林木，同年3月4日，贵州省森林公安局对包括该案在内的18起涉林案件挂牌督办。 ⒉2013年11月，被告人刘寿治、蔡金锋、谢健隆、雷绍军（已死亡）四人合伙以37800元购得黄平县野洞河镇泥巴寨村窝当组村民唐告荣家老虎窝处山林一幅，同年12月在明知不能办理林木采伐许可证的情况下，雇请施秉县杨柳塘镇的廖某等人对山中林木进行砍伐，12月12日装第一车木材准备运出时被查获。2013年12月18日经黄平县林业调查设计队人员现场勘验调查，唐告荣家老虎窝处山林共被砍伐马尾松158株，立木蓄积58.128立方米。 另查明，2016年5月9日，刘寿武代其兄刘寿治向黄平县森林公安局上缴违法所得款12万元，2016年9月12日谢健隆向黄平县森林公安局上缴违法所得款27000元，2017年1月12日谢健隆、蔡金锋分别与黄平县林业局签订补植复绿协议并各自缴纳保证金2370元。2018年1月18日，施秉县纪律检查委员会信访室、施秉县公安局刑事侦查大队分别向本院出具《情况说明》，上诉人刘寿治检举的两起犯罪经查均不成立。 上述事实，有经公安机关侦查依法取得并由检察机关庭审示证，经过法庭质证的相关证据证明，并有本院生效法律文书（2017）黔26刑终60号刑事裁定书和89号刑事判决书以及施秉县纪律检查委员会信访室、施秉县公安局刑事侦查大队分别向本院出具的《情况说明》加以证实，足以认定。经对全部证据进行分析，对本案相关事实认证如下： ㈠上诉人刘寿治等人采伐宝贝河大山世行林的行为不宜认定为滥伐林木犯罪。首先，刘寿治办理宝贝河大山世行林林木采伐许可证的目的是持证采伐，其寻求熊某帮助的初衷是为从中谋取更大利益，本身没有滥伐林木的故意。其次，现有证据不足以证明刘寿治在采伐过程中有超范围采伐行为。一是有多名证人证实采伐过程中在山场实施管理的人员是邓某和谢健隆，刘寿治本人对现场采伐范围并不清楚。二是上诉人刘寿治所购买的山林为赵某等八户所有，赵某本人证实系其带刘寿治到山场指界并证明刘寿治所砍山场即指界范围，赵某等八户山林所有人还对山林的边界进行了削皮标记作业，公安人员未对具体何人到山场削皮标记以及标记的范围展开进一步侦查，黔东南州林业调查规划设计院出具的采伐蓄积调查报告关于超范围采伐的结论不能得到印证，结合木材砍伐后没有其他所谓“林木所有人”出来告发的情况，可以认定刘寿治等人实施采伐的山林就是赵某等八户所有的范围。第三，对宝贝河大山世行林进行采伐设计的山林面积小于林农实际所有的山林范围系林业工作人员滥权和玩忽职守，未认真核对和勘界的结果，刘寿治对所购买的赵某等八户所有的山林实施皆伐并未违反林木采伐许可证允许的采伐方式。基于上述三点考量，上诉人刘寿治等人对宝贝河大山世行林实施采伐这一事实，由于其本人并没有滥伐林木的故意，现有证据亦不足以证明其在采伐过程中存在超范围采伐现象，加之参与采伐设计的林业工作人员其证言中关于采伐设计过程的内容对刘寿治不利的部分因为关系其本人切身利益，可信度不高，所以刘寿治依据林木采伐许可证允许的皆伐方式砍伐所购买赵某等八户所有的全部林木的行为，不能仅仅根据林木采伐许可证注明的范围和采伐蓄积调查报告结论等简单认定为超范围采伐，进而构成滥伐林木犯罪；但是，由于上诉人刘寿治在办理林木采伐许可过程中存在诸多违规行为，其行为应当整体认定为违规行为，其采伐林木获得的收益亦应当认定为违法所得，依法应予追缴。故上诉人刘寿治所提“宝贝河大山世行林我没有超面积采伐”的上诉理由成立，本院予以采纳，其所提“退缴黄平县森林公安局的12万元不全部是违法所得”的上诉理由不能成立，本院不予采纳。其辩护人所提“宝贝河大山林木采伐超标是事实，但刘寿治并没有主观上的故意”的辩护意见与查明的事实相符，本院予以采纳。 ㈡对刘寿治行贿数额、性质的认定。本案中，依据相关刑事法律规定，刘寿治为谋求发展，在与熊某经济往来过程中给予熊某财物，且确实通过熊某的帮助获得相当数额的不正当利益，其所给予熊某的财物均应当认定为其行贿数额。因此，本案上诉人刘寿治的行贿数额应当认定为29万元，其辩护人所提“公诉机关对刘寿治向熊某行贿20万元的指控是认定事实错误”的辩护意见不能成立，本院不予采纳。但是，2011年10月27日熊某以帮助女友潘某开设服装店为名向刘寿治“借款”20万元，刘寿治主观上并没有主动给予的意思，应当认定为熊某的索贿行为，上诉人刘寿治所提“送给熊某的20万是被索要的”的上诉理由与查明的事实相符，本院予以采纳。 ","cpfxgc":"本院认为，上诉人刘寿治、一审被告人蔡金锋、谢健隆在未办理采伐证的情况下，非法采伐黄平县野洞河镇泥巴寨村老虎窝处的林木，数量巨大，其行为已触犯《中华人民共和国刑法》，构成滥伐林木罪；上诉人刘寿治为谋取不正当利益，在与国家工作人员熊某经济往来中，违反国家规定，给予熊某以财物，数额较大，其行为又构成行贿罪。在滥伐林木共同犯罪中，三被告人作用相当，不分主从，《最高人民法院关于审理破坏森林资源刑事案件具体应用法律若干问题的解释》第六条规定，滥伐林木数量巨大以五十至一百立方米为起点，依照《中华人民共和国刑法》第三百四十五条第二款的规定，均应判处三年以上七年以下有期徒刑，并处罚金。其中，一审被告人蔡金锋、谢健隆具有自首情节，案发后二人主动与黄平县林业局签订补植复绿协议，并缴纳造林经费，且谢健隆还主动上缴违法所得，认罪、悔罪态度较好，依法可对二被告人从轻或者减轻处罚。一审法院经委托福建省莆田市仙游县司法局、福建省龙岩市新罗区司法局对被告人蔡金锋、谢健隆的社会危害性进行考察，决定对被告人蔡金锋、谢健隆适用缓刑并不违反法律规定。在行贿罪中，上诉人刘寿治行贿数额为人民币29万元，《最高人民法院、最高人民检察院关于办理贪污贿赂刑事案件适用法律若干问题的解释》第七条规定：“为谋取不正当利益，向国家工作人员行贿，数额在三万元以上的，应当依照刑法第三百九十条的规定以行贿罪追究刑事责任。”依照《中华人民共和国刑法》第三百九十条的规定，应当判处五年以下有期徒刑或者拘役，并处罚金。上诉人刘寿治主动上缴违法所得的行为可视为具有其悔罪表现，且行贿数额中有20万系被索贿，根据相关刑事法律规定，可以酌情对上诉人刘寿治从轻处罚。综合考量本案三被告人的犯罪事实、犯罪情节、社会危害程度、悔罪表现，结合本案客观实际，根据罪责相适应的原则，本院决定对上诉人刘寿治从轻处罚，对一审被告人蔡金锋、谢健隆减轻处罚。上诉人刘寿治所提“扣押的手机不是犯罪工具应当发还”的上诉理由，由于一审判决对公安机关扣押的手机并未作出处理，根据上诉不加刑原则，二审不能对此增加判项，刘寿治本人可以就此向一审法院申请解决。考虑本案量刑平衡，依照《中华人民共和国刑事诉讼法》第二百二十五条第㈢项的规定，判决如下：","pjjg":" 一、维持黄平县人民法院（2016）黔2622刑初50号刑事判决第四项即“被告人刘寿治所退违法所得人民币12万元由收缴单位上缴国库”； 二、撤销黄平县人民法院（2016）黔2622刑初50号刑事判决第一、二、三项即“被告人刘寿治犯滥伐林木罪，判处有期徒刑五年，并处罚金人民币叁万元整（30000元）；被告人刘寿治犯行贿罪，判处有期徒刑一年零六个月，并处罚金人民币壹拾万元整（100000元），决定执行有期徒刑六年，并处罚金人民币壹拾叁万元整（130000元）”“、“被告人蔡金锋犯滥伐林木罪，判处有期徒刑二年，缓刑三年，并处罚金人民币壹万元整（10000元，已缴纳）”“、“被告人谢健隆犯滥伐林木罪，判处有期徒刑二年，缓刑三年，并处罚金人民币壹万元整（10000元，已缴纳）”； 三、上诉人刘寿治犯滥伐林木罪，判处有期徒刑三年，并处罚金人民币3万元，犯行贿罪，判处有期徒刑一年，并处罚金人民币10万元，总和刑期四年，数罪并罚决定执行有期徒刑三年六个月，并处罚金人民币13万元； （刑期自判决执行之日起计算，判决执行以前先行羁押的，羁押一日折抵刑期一日，指定居所监视居住的，监视居住二日折抵刑期一日，扣除原已羁押25日和监视居住折抵的9日，即自2016年5月13日起至2019年10月9日止。罚金限于本判决生效后十日内缴纳。） 四、一审被告人蔡金锋犯滥伐林木罪，判处有期徒刑一年六个月，缓刑二年六个月，并处罚金人民币1万元（已缴纳）； （缓刑考验期从判决确定之日起计算。） 五、一审被告人谢健隆犯滥伐林木罪，判处有期徒刑一年六个月，缓刑二年六个月，并处罚金人民币1万元（已缴纳）； （缓刑考验期从判决确定之日起计算。） 本判决为终审判决。","qw":"贵州省黔东南苗族侗族自治州中级人民法院 刑事判决书 （2017）黔26刑终331号 贵州省黔东南苗族侗族自治州中级人民法院 刑事判决书 （2017）黔26刑终331号 一审公诉机关贵州省黄平县人民检察院。 上诉人（一审被告人）刘寿治，男，1974年1月16日生，汉族，福建省莆田市人，中专文化，经商，住莆田市仙游县。因涉嫌犯滥伐林木罪，于2016年4月1日被黄平县森林公安局刑事拘留，2016年4月26日被黄平县公安局指定居所监视居住，2016年5月13日经黄平县人民检察批准逮捕，同日被黄平县森林公安局执行逮捕。因涉嫌犯行贿罪，2016年6月16日被黄平县人民检察院立案侦查。现羁押于黄平县看守所。 辩护人刘永鹏，贵州贵信律师事务所律师。 辩护人陆淼，贵州贵信律师事务所律师。 一审被告人蔡金锋，男，1975年3月16日生，汉族，福建省莆田市人，初中文化，务工，住莆田市仙游县。因涉嫌犯滥伐林木罪，于2016年5月19日被黄平县森林公安局刑事拘留，2016年6月24日经黄平县人民检察批准逮捕，同日被黄平县森林公安局执行逮捕，2017年3月20日被黄平县人民法院变更强制措施为取保候审。 一审被告人谢健隆，男，1973年3月10日生，汉族，福建省龙岩市人，初中文化，务工，住龙岩市新罗区。因涉嫌犯滥伐林木罪，于2016年9月11日被黄平县森林公安局取保候审。 贵州省黄平县人民法院审理黄平县人民检察院指控被告人刘寿治、蔡金锋、谢健隆犯滥伐林木罪、行贿罪一案，于2017年10月19日作出（2016）黔2622刑初50号刑事判决。被告人刘寿治不服，向本院提出上诉。黄平县人民法院于2017年11月22日向本院移送案件，本院于当日立案受理后，依法组成合议庭，经阅卷审查和讯问上诉人，认为案件事实清楚，决定不开庭审理。现已审理终结。 一审判决认定：⒈2012年7-11月，被告人刘寿治通过非法手段，以种植蓝莓为借口，获得贵州省黄平县林业局批准采伐黄平县野洞河镇万丈村磨盘山宝贝河大山世行林15公顷（225亩），1884.05立方米的采伐蓄积量的林木采伐许可证。获得批准采伐后，被告人刘寿治邀约杨某、谢健隆、邓某按7：1：1：1的比例合伙。2012年12月刘寿治雇请廖某、张某1等民工对野洞河镇万丈村磨盘山赵某等8户人家的宝贝河大山世行林的松木全部采伐，销售到黄平县内各木材加工厂获利20余万元，整个山场同年被转包给黄平县国有林场开垦种植马尾松作为良种基地。经黔东南州林业调查规划设计院调查，现场共被超伐马尾松林地面积76.2亩，立木蓄积1264.9立方米。 2013年11月被告人刘寿治、蔡金锋、谢健隆等人合伙以37800元购得黄平县野洞河镇泥巴寨村窝当组村民唐告荣家老虎窝处山林一幅。2013年12月被告人刘寿治、蔡金锋、谢健隆在明知不能办理林木采伐许可证的情况下，雇请施秉县杨柳塘镇的廖某等人对山林中树木进行砍伐，2013年12月12日对所砍伐的第一车木材装车完毕后，准备运出时被查获。2013年12月18日经黄平县林业调查设计队人员现场勘验调查，唐告荣家老虎窝处山林共被砍伐马尾松林木158株，立方蓄积为58.128立方米。 ⒉被告人刘寿治在从事木材经营加工生意工程中，为谋取不正当利益，分多次向时任黄平县林业局局长熊某行贿人民币29万元，造成黄平县野洞河镇万丈村磨盘山宝贝河大山世行林被其滥伐，数量巨大。具体事实如下： 2011年10月27日，刘寿治为谋取不正当利益，在都匀市的一家餐馆向熊某行贿人民币20万元。 2012年7月的一天，刘寿治为谋取不正当利益，在黄平县新州镇人民政府门口熊某的车上向熊某行贿人民币5万元。 2013年4月或5月的一天，刘寿治为谋取不正当利益，在黄平县地税局门口熊某的车上向熊某行贿人民币3万元。 2012年春节前、2012年中秋节前、2013年春节前、2013年中秋节前以及2014年春节前，刘寿治为谋取不正当利益，分五次每次送给熊某人民币2000元，共计向熊某行贿人民币1万元。 原审法院根据上述事实和相关证据，依照《中华人民共和国刑法》第三百四十五条第二款、第三百八十九条、第三百九十条、第六十七条第一款、第二十五条、第五十二条、第五十三条、第六十四条、第七十二条、《最高人民法院关于审理破坏森林资源刑事案件具体应用法律若干问题的解释》第六条、《最高人民法院、最高人民检察院关于办理贪污贿赂刑事案件适用法律若干问题的解释》第七条、第十九条第二款的规定，作出如下判决：一、被告人刘寿治犯滥伐林木罪，判处有期徒刑五年，并处罚金人民币叁万元整（30000元）；被告人刘寿治犯行贿罪，判处有期徒刑一年零六个月，并处罚金人民币壹拾万元整（100000元），决定执行有期徒刑六年，并处罚金人民币壹拾叁万元整（130000元）。二、被告人蔡金锋犯滥伐林木罪，判处有期徒刑二年，缓刑三年，并处罚金人民币壹万元整（10000元，已缴纳）。三、被告人谢健隆犯滥伐林木罪，判处有期徒刑二年，缓刑三年，并处罚金人民币壹万元整（10000元，已缴纳）。四、被告人刘寿治所退违法所得人民币12万元由收缴单位上缴国库。 宣判后，被告人刘寿治向本院提出上诉称：宝贝河大山世行林我没有超面积采伐，退缴黄平县森林公安局的12万元不全部是违法所得，扣押的手机不是犯罪工具应当发还，送给熊某的20万是被索要的，并于2017年10月22日提出两条立功线索，一是向施秉县公安局举报施秉县牛大场镇高粱冲杀人案，二是向施秉县纪律检查委员会、县检察院举报陶某利用职务骗取林业补助款，请求本院查明事实，对其给予减轻处罚。 其辩护人提出的辩护意见是：宝贝河大山林木采伐超标是事实，但刘寿治并没有主观上的故意，公诉机关对刘寿治向熊某行贿20万元的指控是认定事实错误。 经审理查明：⒈上诉人刘寿治在贵州省黄平县开办有一家木片加工厂，委托其福建籍的老乡陈金华经营管理，其本人主要在临近的都匀市做烟花爆竹生意。2011年春季，刘寿治通过陈金华介绍认识了时任黄平县林业局局长的熊绍君（因犯滥用职权罪和受贿罪被本院于2017年6月15日数罪并罚判处有期徒刑三年零六个月），双方互有好感。刘寿治想到黄平县经营加油站，到黄平县考察期间熊某主动陪同并介绍关系给刘寿治认识，刘寿治看中了熊某在黄平县党政机关当中的关系，熊某亦对刘寿治的经济实力有一定的了解。随着交往的增多，二人的交情逐渐加深，在加油站项目无果后，熊某为答谢上诉人刘寿治在二人交往期间对其生活上的关照和应刘寿治要求，知会黄平县林业局下属国有林场场长任某某，使得刘寿治于2011年6月9日顺利挂靠该场加工许可证和租赁该场场地进行板材加工（特许经营），其后又通过熊某向黄平县林工商公司经理黄某某打招呼的方式于2012年2月20日挂靠该公司继续进行木材加工生产。熊某有一情人潘某没有正式工作，潘某想要开一家服装店但是没有资金，于是熊某想到向刘寿治借钱。2011年10月27日，熊某电话联系上诉人刘寿治后携潘某驾车去到都匀市，在都匀市一家茶楼以自己的名义向刘寿治“借款”20万元，刘寿治心知该笔“借款”不可能归还，仍安排其女友金某某带潘某去银行转了20万元到潘某账上，双方对此心照不宣。上诉人刘寿治在黄平县挂靠开办木材加工厂后，由于所收购木材均来自散户，营业额不大。为扩大生产，刘寿治找到熊某帮忙。熊某答应后，刘寿治通过其当时的女朋友也即后来的妻子黄某相中了位于黄平县野洞河镇万丈村磨盘山赵某等八户人家的宝贝河大山世行林松木，该片松木未到采伐期限。2012年7月至11月，上诉人刘寿治通过熊某的帮助，以种植蓝莓为借口，违规获得黄平县林业局批准采伐黄平县野洞河镇万丈村磨盘山赵某等八户宝贝河大山世行林15公顷（225亩），出材量1037.53立方米，采伐方式为皆伐的林木采伐许可证。其后，被告人刘寿治邀约杨某、谢健隆、邓某按7：1：1：1的比例合伙，刘寿治负责与林业局领导搞好关系，杨某负责联系林业局林某工作人员检尺、打印、办理运输证，谢健隆、邓某负责管账、山场采伐监工、运输木材等。2012年12月，刘寿治雇请廖某、张某1等民工对野洞河镇万丈村磨盘山赵某等8户人家的宝贝河大山世行林的松木全部采伐，采伐方量高达3154立方米，销售到黄平县内各木材加工厂牟利，整个山场一年后被刘寿治转包给黄平县国有林场开垦种植马尾松作为良种基地。由于有熊某的干预，上诉人刘寿治等四人在获批宝贝河大山林木采伐许可证和具体实施采伐过程中，免交了木材检尺费用和造林保证金，黄平县相关林业工作人员未认真履行采伐设计和检尺、打印、监督、验收等相关工作职责，导致采伐设计与赵某等八户农民的指界范围不符，实际采伐材积超出设计采伐方量2116.47立方米，设计人员张某2因滥用职权罪被本院于2017年8月24日判处有期徒刑十个月。此外，通过熊某的帮助，上诉人刘寿治还获得黄平县林工商公司招待所、县发改局上塘镇金秋梨基地等的租赁经营权，从中经营获利。为感谢熊某的帮助和继续搞好与熊某的关系，上诉人刘寿治分别于2012年7月的一天，在黄平县新州镇人民政府门口熊某的车上送给熊某5万元，于2013年5月的一天，在黄平县地税局门口熊某的车上送给熊某3万元，于2012年春节前、2012年中秋节前、2013年春节前、2013年中秋节前以及2014年春节前，分五次每次送给熊某2000元共一万元。2016年2月，“知情人”向森林公安部门举报刘寿治在宝贝河大山滥伐林木，同年3月4日，贵州省森林公安局对包括该案在内的18起涉林案件挂牌督办。 ⒉2013年11月，被告人刘寿治、蔡金锋、谢健隆、雷绍军（已死亡）四人合伙以37800元购得黄平县野洞河镇泥巴寨村窝当组村民唐告荣家老虎窝处山林一幅，同年12月在明知不能办理林木采伐许可证的情况下，雇请施秉县杨柳塘镇的廖某等人对山中林木进行砍伐，12月12日装第一车木材准备运出时被查获。2013年12月18日经黄平县林业调查设计队人员现场勘验调查，唐告荣家老虎窝处山林共被砍伐马尾松158株，立木蓄积58.128立方米。 另查明，2016年5月9日，刘寿武代其兄刘寿治向黄平县森林公安局上缴违法所得款12万元，2016年9月12日谢健隆向黄平县森林公安局上缴违法所得款27000元，2017年1月12日谢健隆、蔡金锋分别与黄平县林业局签订补植复绿协议并各自缴纳保证金2370元。2018年1月18日，施秉县纪律检查委员会信访室、施秉县公安局刑事侦查大队分别向本院出具《情况说明》，上诉人刘寿治检举的两起犯罪经查均不成立。 上述事实，有经公安机关侦查依法取得并由检察机关庭审示证，经过法庭质证的相关证据证明，并有本院生效法律文书（2017）黔26刑终60号刑事裁定书和89号刑事判决书以及施秉县纪律检查委员会信访室、施秉县公安局刑事侦查大队分别向本院出具的《情况说明》加以证实，足以认定。经对全部证据进行分析，对本案相关事实认证如下： ㈠上诉人刘寿治等人采伐宝贝河大山世行林的行为不宜认定为滥伐林木犯罪。首先，刘寿治办理宝贝河大山世行林林木采伐许可证的目的是持证采伐，其寻求熊某帮助的初衷是为从中谋取更大利益，本身没有滥伐林木的故意。其次，现有证据不足以证明刘寿治在采伐过程中有超范围采伐行为。一是有多名证人证实采伐过程中在山场实施管理的人员是邓某和谢健隆，刘寿治本人对现场采伐范围并不清楚。二是上诉人刘寿治所购买的山林为赵某等八户所有，赵某本人证实系其带刘寿治到山场指界并证明刘寿治所砍山场即指界范围，赵某等八户山林所有人还对山林的边界进行了削皮标记作业，公安人员未对具体何人到山场削皮标记以及标记的范围展开进一步侦查，黔东南州林业调查规划设计院出具的采伐蓄积调查报告关于超范围采伐的结论不能得到印证，结合木材砍伐后没有其他所谓“林木所有人”出来告发的情况，可以认定刘寿治等人实施采伐的山林就是赵某等八户所有的范围。第三，对宝贝河大山世行林进行采伐设计的山林面积小于林农实际所有的山林范围系林业工作人员滥权和玩忽职守，未认真核对和勘界的结果，刘寿治对所购买的赵某等八户所有的山林实施皆伐并未违反林木采伐许可证允许的采伐方式。基于上述三点考量，上诉人刘寿治等人对宝贝河大山世行林实施采伐这一事实，由于其本人并没有滥伐林木的故意，现有证据亦不足以证明其在采伐过程中存在超范围采伐现象，加之参与采伐设计的林业工作人员其证言中关于采伐设计过程的内容对刘寿治不利的部分因为关系其本人切身利益，可信度不高，所以刘寿治依据林木采伐许可证允许的皆伐方式砍伐所购买赵某等八户所有的全部林木的行为，不能仅仅根据林木采伐许可证注明的范围和采伐蓄积调查报告结论等简单认定为超范围采伐，进而构成滥伐林木犯罪；但是，由于上诉人刘寿治在办理林木采伐许可过程中存在诸多违规行为，其行为应当整体认定为违规行为，其采伐林木获得的收益亦应当认定为违法所得，依法应予追缴。故上诉人刘寿治所提“宝贝河大山世行林我没有超面积采伐”的上诉理由成立，本院予以采纳，其所提“退缴黄平县森林公安局的12万元不全部是违法所得”的上诉理由不能成立，本院不予采纳。其辩护人所提“宝贝河大山林木采伐超标是事实，但刘寿治并没有主观上的故意”的辩护意见与查明的事实相符，本院予以采纳。 ㈡对刘寿治行贿数额、性质的认定。本案中，依据相关刑事法律规定，刘寿治为谋求发展，在与熊某经济往来过程中给予熊某财物，且确实通过熊某的帮助获得相当数额的不正当利益，其所给予熊某的财物均应当认定为其行贿数额。因此，本案上诉人刘寿治的行贿数额应当认定为29万元，其辩护人所提“公诉机关对刘寿治向熊某行贿20万元的指控是认定事实错误”的辩护意见不能成立，本院不予采纳。但是，2011年10月27日熊某以帮助女友潘某开设服装店为名向刘寿治“借款”20万元，刘寿治主观上并没有主动给予的意思，应当认定为熊某的索贿行为，上诉人刘寿治所提“送给熊某的20万是被索要的”的上诉理由与查明的事实相符，本院予以采纳。 本院认为，上诉人刘寿治、一审被告人蔡金锋、谢健隆在未办理采伐证的情况下，非法采伐黄平县野洞河镇泥巴寨村老虎窝处的林木，数量巨大，其行为已触犯《中华人民共和国刑法》，构成滥伐林木罪；上诉人刘寿治为谋取不正当利益，在与国家工作人员熊某经济往来中，违反国家规定，给予熊某以财物，数额较大，其行为又构成行贿罪。在滥伐林木共同犯罪中，三被告人作用相当，不分主从，《最高人民法院关于审理破坏森林资源刑事案件具体应用法律若干问题的解释》第六条规定，滥伐林木数量巨大以五十至一百立方米为起点，依照《中华人民共和国刑法》第三百四十五条第二款的规定，均应判处三年以上七年以下有期徒刑，并处罚金。其中，一审被告人蔡金锋、谢健隆具有自首情节，案发后二人主动与黄平县林业局签订补植复绿协议，并缴纳造林经费，且谢健隆还主动上缴违法所得，认罪、悔罪态度较好，依法可对二被告人从轻或者减轻处罚。一审法院经委托福建省莆田市仙游县司法局、福建省龙岩市新罗区司法局对被告人蔡金锋、谢健隆的社会危害性进行考察，决定对被告人蔡金锋、谢健隆适用缓刑并不违反法律规定。在行贿罪中，上诉人刘寿治行贿数额为人民币29万元，《最高人民法院、最高人民检察院关于办理贪污贿赂刑事案件适用法律若干问题的解释》第七条规定：“为谋取不正当利益，向国家工作人员行贿，数额在三万元以上的，应当依照刑法第三百九十条的规定以行贿罪追究刑事责任。”依照《中华人民共和国刑法》第三百九十条的规定，应当判处五年以下有期徒刑或者拘役，并处罚金。上诉人刘寿治主动上缴违法所得的行为可视为具有其悔罪表现，且行贿数额中有20万系被索贿，根据相关刑事法律规定，可以酌情对上诉人刘寿治从轻处罚。综合考量本案三被告人的犯罪事实、犯罪情节、社会危害程度、悔罪表现，结合本案客观实际，根据罪责相适应的原则，本院决定对上诉人刘寿治从轻处罚，对一审被告人蔡金锋、谢健隆减轻处罚。上诉人刘寿治所提“扣押的手机不是犯罪工具应当发还”的上诉理由，由于一审判决对公安机关扣押的手机并未作出处理，根据上诉不加刑原则，二审不能对此增加判项，刘寿治本人可以就此向一审法院申请解决。考虑本案量刑平衡，依照《中华人民共和国刑事诉讼法》第二百二十五条第㈢项的规定，判决如下： 一、维持黄平县人民法院（2016）黔2622刑初50号刑事判决第四项即“被告人刘寿治所退违法所得人民币12万元由收缴单位上缴国库”； 二、撤销黄平县人民法院（2016）黔2622刑初50号刑事判决第一、二、三项即“被告人刘寿治犯滥伐林木罪，判处有期徒刑五年，并处罚金人民币叁万元整（30000元）；被告人刘寿治犯行贿罪，判处有期徒刑一年零六个月，并处罚金人民币壹拾万元整（100000元），决定执行有期徒刑六年，并处罚金人民币壹拾叁万元整（130000元）”“、“被告人蔡金锋犯滥伐林木罪，判处有期徒刑二年，缓刑三年，并处罚金人民币壹万元整（10000元，已缴纳）”“、“被告人谢健隆犯滥伐林木罪，判处有期徒刑二年，缓刑三年，并处罚金人民币壹万元整（10000元，已缴纳）”； 三、上诉人刘寿治犯滥伐林木罪，判处有期徒刑三年，并处罚金人民币3万元，犯行贿罪，判处有期徒刑一年，并处罚金人民币10万元，总和刑期四年，数罪并罚决定执行有期徒刑三年六个月，并处罚金人民币13万元； （刑期自判决执行之日起计算，判决执行以前先行羁押的，羁押一日折抵刑期一日，指定居所监视居住的，监视居住二日折抵刑期一日，扣除原已羁押25日和监视居住折抵的9日，即自2016年5月13日起至2019年10月9日止。罚金限于本判决生效后十日内缴纳。） 四、一审被告人蔡金锋犯滥伐林木罪，判处有期徒刑一年六个月，缓刑二年六个月，并处罚金人民币1万元（已缴纳）； （缓刑考验期从判决确定之日起计算。） 五、一审被告人谢健隆犯滥伐林木罪，判处有期徒刑一年六个月，缓刑二年六个月，并处罚金人民币1万元（已缴纳）； （缓刑考验期从判决确定之日起计算。） 本判决为终审判决。 审判长陈治安 审判员张秋菊 审判员赵斌 二〇一八年一月二十二日 法官助理陈吉勇 书记员郭峰","writId":"053e4e9c147ee78ebbe65e6c5dbb649c6d0","writName":"刘寿治、蔡金锋滥伐林木、行贿二审刑事判决书"}
