{"ajId":"f14027c4-a41b-49dc-af81-9e7740b61698","ajName":"魏建民、李某盗窃一案","ajjbqk":" 公诉机关指控，2012年12月27日13时许，被告人魏建民、李某伙同杨某某（另案处理）预谋后，由魏建民驾驶车辆，杨某某负责开锁，李某负责望风，到登封市南关街峰园新村浴池内，将被害人刘某某换衣柜内的1100元盗走。三人得手后，又到登封市少室路北段御泉洗浴中心，以同样的分工方式将被害人田某某衣柜内的钱包及钱包内的2000元现金、身份证、银行卡等物盗走。 针对上述事实，公诉机关向法庭提供有被告人魏建民、李某的供述；被害人刘某某、田某某的陈述等证据。公诉机关认为，被告人魏建民、李某以非法占有为目的，结伙秘密窃取他人财物，数额较大，犯罪事实清楚，证据确实充分，应以盗窃罪追究其刑事责任。提请本院依法判处。 被告人魏建民及其辩护人的辩解、辩护意见归纳如下：1、侦查机关办案人员对被告人魏建民实施刑讯逼供，申请对被告人魏建民在侦查阶段的三次供述以及第二次作案现场的指认笔录作为非法证据予以排除；2、被告人魏建民对公诉机关指控其参与第一次盗窃的犯罪事实及罪名均无异议，但辩称第二次盗窃时魏建民并未参与，对该次犯罪不应承担刑事责任；3、被告人魏建民在共同犯罪中起到帮助作用，且认罪、悔罪，请求认定为从犯，并依法从轻处罚。 经审理查明，2012年12月27日13时许，被告人魏建民、李某伙同杨某某（另案处理）预谋后，由魏建民驾驶车辆，杨某某负责开锁，李某负责望风，到登封市南关街峰园新村浴池内，将被害人刘某某换衣柜内的1100元盗走。三人得手后，又到登封市少室路北段御泉洗浴中心，以同样的分工方式将被害人田某某衣柜内的钱包及钱包内的2000元现金、身份证、银行卡等物盗走。 上述事实，有以下证据予以证实： 1、被告人魏建民2013年9月4日在登封市看守所羁押时所作的案发当天其伙同杨某某、李某经预谋后，从洛阳开车前往登封，出发前杨某某给其200元加油钱，到达登封后，杨某某和李某先后进到两家浴池实施盗窃行为，回到洛阳后杨某某又分给其800元钱的供述； 2、被告人李某关于案发当天魏建民给其打电话称带上洗浴用品到浴池偷点钱花，魏建民开车接住他后，在车上见到一名魏建民称为“二胖”的男子（即杨某某）提议到登封市区浴池实施盗窃。三人到达登封后，李某先到一浴池内踩点，后魏建民在车上等待，李某与杨某某到浴池内窃得一千多块钱；在往回走的途中，魏建民开车带领李某、杨某某在登封市区又找到一个浴池，魏建民仍在车上等待，李某与杨某某进到浴池偷到二千元左右，事后杨某某分给李某800元钱的供述； 3、被害人刘某某、田某某分别关于其在案发当天在登封市区南关街丰源新村浴池和少室路北段御泉洗浴中心内洗澡时丢失1100元、2000元钱的陈述； 4、被告人魏建民辨认笔录、照片及现场勘验检查笔录及照片分别证实案发现场的情况； 5、登封市公安局扣押、发还物品清单及照片证实办案人员在被告人魏建民驾驶的轿车后座下发现被害人田某某的钱包、身份证及银行卡，并将物品发还给被害人的情况； 6、洛阳市人民政府劳动教养决定书、郑州市劳动教养管理委员会劳动教养决定书、河南省洛阳市涧西区人民法院刑事判决书、河南省巩义市人民法院刑事判决书及刑满释放证明证实被告人魏建民原被劳动教养及判处刑罚的情况； 7、洛阳市公安局长安派出所出具的被告人李某的无前科证明； 8、被告人魏建民、李某的户籍证明分别证明其身份情况。 上述证据，由公诉机关提供，形式来源合法、内容客观真实、与本案存在关联性，并经当庭示证、质证能够相互印证，足以认定。 ","cpfxgc":"本院认为，被告人魏建民、李某以非法占有为目的，结伙秘密窃取他人财物，数额较大，其行为均已构成盗窃罪。登封市人民检察院指控被告人魏建民、李某犯盗窃罪的罪名及理由成立，本院予以支持。 关于被告人魏建民及其辩护人的辩解、辩护意见。经查，首先，被告人魏建民及其辩护人在开庭前提出申请非法证据排除，合议庭依法组织召开了庭前会议，公诉人提供了被告人魏建民出入看守所的检查记录、看守所同监室人员出具的证明、看守所管教人员所作出的询问笔录和被告人魏建民的辩护人提供的被告人魏建民身体情况照片、魏建民家属所作的魏建民2013年8月13日前身体情况良好的证明等证据。魏建民入所体检记录显示被告人魏建民在进入看守所时有明显外伤，公安机关亦未作出合理解释，对被告人魏建民在看守所之外所作的供述不能排除未遭到刑讯逼供的嫌疑，故本院对此供述不予采信；其次，被告人魏建民在案发当天伙同杨某某、李某来到登封，魏建民负责开车，李某与杨某某进到浴池实施盗窃行为，李某望风，杨某某开锁，第一次在浴池得手后，三人又来到另一个浴池，用同样的分工方式，再次窃取他人财物。事后，魏建民、李某均分得赃款。被告人李某的供述、搜查笔录及照片均能够印证魏建民参与到第二家浴池实施盗窃行为的事实，故被告人魏建民未参与第二次盗窃的辩解、辩护意见不能成立，本院不予采信；再次，被告人魏建民在共同犯罪中作用相辅相成，仅是分工不同，不符合从犯的法律规定，但考虑到其在共同犯罪中作用相对较小，可酌情从轻处罚。 犯盗窃罪，数额较大的，处三年以下有期徒刑、拘役或者管制，并处或者单处罚金。对被告人魏建民、李某均应在此幅度内予以量刑。被告人魏建民原因故意犯罪被判处刑罚，刑罚执行完毕以后五年内再犯应当判处有期徒刑以上刑罚，系累犯，应当从重处罚。被告人李某归案后如实供述所犯罪行，可以从轻处罚；其自愿认罪，积极退还被害人经济损失，亦得到谅解，又主动接受财产刑处罚，确有悔罪表现，可酌情从轻处罚并依法对其适用缓刑。 依照《中华人民共和国刑法》第二百六十四条、第二十五条第一款、第六十五条第一款、第六十七条第三款、第七十二条第一款和第三款、第七十三条第一款和第三款、第五十二条、第五十三条之规定，判决如下：","pjjg":" 一、被告人魏建民犯盗窃罪，判处有期徒刑八个月，并处罚金人民币6000元。（刑期自判决执行之日起计算。判决执行前先行羁押的，羁押一日折抵刑期一日。即自2013年8月14日起至2014年4月13日止。罚金自判决生效之日起十日内缴纳。） 二、被告人李某犯盗窃罪，判处拘役四个月，缓刑六个月，并处罚金人民币4000元。（缓刑考验期自判决确定之日起计算。罚金已缴纳。） 如不服本判决，可在接到判决书的第二日起十日内，通过本院或直接向河南省郑州市中级人民法院提出上诉。书面上诉的，应当提交上诉状正本一份，副本十五份。","qw":"河南省登封市人民法院 刑事判决书 （2013）登刑初字第571号 公诉机关河南省登封市人民检察院。 被告人魏建民，男。曾因犯盗窃罪于1996年12月12日被洛阳市涧西区人民法院判处有期徒刑七年零六个月；曾因犯盗窃罪于2012年7月5日被巩义市人民法院判处有期徒刑七个月，并处罚金人民币1500元，2012年12月8日刑满释放。因涉嫌犯盗窃罪于2013年8月14日被登封市公安局刑事拘留，同年9月4日被逮捕。羁押于登封市看守所。 辩护人牛佩伟，河南开物律师事务所律师。 辩护人孙书强，河南鼎大律师事务所律师。 被告人李某，男。因涉嫌犯盗窃罪于2013年8月15日被登封市公安局刑事拘留，同年9月5日被取保候审。 登封市人民检察院以登检刑诉（2013）533号起诉书指控被告人魏建民、李某犯盗窃罪，于2013年11月6日向本院提起公诉。本院依法组成合议庭，适用普通程序，公开开庭审理了本案。登封市人民检察院检察员王朝锋、赵修远出庭支持公诉。被告人魏建民及其辩护人、被告人李某均到庭参加了诉讼。现已审理终结。 公诉机关指控，2012年12月27日13时许，被告人魏建民、李某伙同杨某某（另案处理）预谋后，由魏建民驾驶车辆，杨某某负责开锁，李某负责望风，到登封市南关街峰园新村浴池内，将被害人刘某某换衣柜内的1100元盗走。三人得手后，又到登封市少室路北段御泉洗浴中心，以同样的分工方式将被害人田某某衣柜内的钱包及钱包内的2000元现金、身份证、银行卡等物盗走。 针对上述事实，公诉机关向法庭提供有被告人魏建民、李某的供述；被害人刘某某、田某某的陈述等证据。公诉机关认为，被告人魏建民、李某以非法占有为目的，结伙秘密窃取他人财物，数额较大，犯罪事实清楚，证据确实充分，应以盗窃罪追究其刑事责任。提请本院依法判处。 被告人魏建民及其辩护人的辩解、辩护意见归纳如下：1、侦查机关办案人员对被告人魏建民实施刑讯逼供，申请对被告人魏建民在侦查阶段的三次供述以及第二次作案现场的指认笔录作为非法证据予以排除；2、被告人魏建民对公诉机关指控其参与第一次盗窃的犯罪事实及罪名均无异议，但辩称第二次盗窃时魏建民并未参与，对该次犯罪不应承担刑事责任；3、被告人魏建民在共同犯罪中起到帮助作用，且认罪、悔罪，请求认定为从犯，并依法从轻处罚。 经审理查明，2012年12月27日13时许，被告人魏建民、李某伙同杨某某（另案处理）预谋后，由魏建民驾驶车辆，杨某某负责开锁，李某负责望风，到登封市南关街峰园新村浴池内，将被害人刘某某换衣柜内的1100元盗走。三人得手后，又到登封市少室路北段御泉洗浴中心，以同样的分工方式将被害人田某某衣柜内的钱包及钱包内的2000元现金、身份证、银行卡等物盗走。 上述事实，有以下证据予以证实： 1、被告人魏建民2013年9月4日在登封市看守所羁押时所作的案发当天其伙同杨某某、李某经预谋后，从洛阳开车前往登封，出发前杨某某给其200元加油钱，到达登封后，杨某某和李某先后进到两家浴池实施盗窃行为，回到洛阳后杨某某又分给其800元钱的供述； 2、被告人李某关于案发当天魏建民给其打电话称带上洗浴用品到浴池偷点钱花，魏建民开车接住他后，在车上见到一名魏建民称为“二胖”的男子（即杨某某）提议到登封市区浴池实施盗窃。三人到达登封后，李某先到一浴池内踩点，后魏建民在车上等待，李某与杨某某到浴池内窃得一千多块钱；在往回走的途中，魏建民开车带领李某、杨某某在登封市区又找到一个浴池，魏建民仍在车上等待，李某与杨某某进到浴池偷到二千元左右，事后杨某某分给李某800元钱的供述； 3、被害人刘某某、田某某分别关于其在案发当天在登封市区南关街丰源新村浴池和少室路北段御泉洗浴中心内洗澡时丢失1100元、2000元钱的陈述； 4、被告人魏建民辨认笔录、照片及现场勘验检查笔录及照片分别证实案发现场的情况； 5、登封市公安局扣押、发还物品清单及照片证实办案人员在被告人魏建民驾驶的轿车后座下发现被害人田某某的钱包、身份证及银行卡，并将物品发还给被害人的情况； 6、洛阳市人民政府劳动教养决定书、郑州市劳动教养管理委员会劳动教养决定书、河南省洛阳市涧西区人民法院刑事判决书、河南省巩义市人民法院刑事判决书及刑满释放证明证实被告人魏建民原被劳动教养及判处刑罚的情况； 7、洛阳市公安局长安派出所出具的被告人李某的无前科证明； 8、被告人魏建民、李某的户籍证明分别证明其身份情况。 上述证据，由公诉机关提供，形式来源合法、内容客观真实、与本案存在关联性，并经当庭示证、质证能够相互印证，足以认定。 本院认为，被告人魏建民、李某以非法占有为目的，结伙秘密窃取他人财物，数额较大，其行为均已构成盗窃罪。登封市人民检察院指控被告人魏建民、李某犯盗窃罪的罪名及理由成立，本院予以支持。 关于被告人魏建民及其辩护人的辩解、辩护意见。经查，首先，被告人魏建民及其辩护人在开庭前提出申请非法证据排除，合议庭依法组织召开了庭前会议，公诉人提供了被告人魏建民出入看守所的检查记录、看守所同监室人员出具的证明、看守所管教人员所作出的询问笔录和被告人魏建民的辩护人提供的被告人魏建民身体情况照片、魏建民家属所作的魏建民2013年8月13日前身体情况良好的证明等证据。魏建民入所体检记录显示被告人魏建民在进入看守所时有明显外伤，公安机关亦未作出合理解释，对被告人魏建民在看守所之外所作的供述不能排除未遭到刑讯逼供的嫌疑，故本院对此供述不予采信；其次，被告人魏建民在案发当天伙同杨某某、李某来到登封，魏建民负责开车，李某与杨某某进到浴池实施盗窃行为，李某望风，杨某某开锁，第一次在浴池得手后，三人又来到另一个浴池，用同样的分工方式，再次窃取他人财物。事后，魏建民、李某均分得赃款。被告人李某的供述、搜查笔录及照片均能够印证魏建民参与到第二家浴池实施盗窃行为的事实，故被告人魏建民未参与第二次盗窃的辩解、辩护意见不能成立，本院不予采信；再次，被告人魏建民在共同犯罪中作用相辅相成，仅是分工不同，不符合从犯的法律规定，但考虑到其在共同犯罪中作用相对较小，可酌情从轻处罚。 犯盗窃罪，数额较大的，处三年以下有期徒刑、拘役或者管制，并处或者单处罚金。对被告人魏建民、李某均应在此幅度内予以量刑。被告人魏建民原因故意犯罪被判处刑罚，刑罚执行完毕以后五年内再犯应当判处有期徒刑以上刑罚，系累犯，应当从重处罚。被告人李某归案后如实供述所犯罪行，可以从轻处罚；其自愿认罪，积极退还被害人经济损失，亦得到谅解，又主动接受财产刑处罚，确有悔罪表现，可酌情从轻处罚并依法对其适用缓刑。 依照《中华人民共和国刑法》第二百六十四条、第二十五条第一款、第六十五条第一款、第六十七条第三款、第七十二条第一款和第三款、第七十三条第一款和第三款、第五十二条、第五十三条之规定，判决如下： 一、被告人魏建民犯盗窃罪，判处有期徒刑八个月，并处罚金人民币6000元。（刑期自判决执行之日起计算。判决执行前先行羁押的，羁押一日折抵刑期一日。即自2013年8月14日起至2014年4月13日止。罚金自判决生效之日起十日内缴纳。） 二、被告人李某犯盗窃罪，判处拘役四个月，缓刑六个月，并处罚金人民币4000元。（缓刑考验期自判决确定之日起计算。罚金已缴纳。） 如不服本判决，可在接到判决书的第二日起十日内，通过本院或直接向河南省郑州市中级人民法院提出上诉。书面上诉的，应当提交上诉状正本一份，副本十五份。 审判长吕少阳 代理审判员杨海洋 人民陪审员罗志宏 二〇一三年十二月十九日 书记员张宇","writId":"05475adab0878228612c014d226252e7f8f","writName":"魏建民、李某盗窃一审刑事判决书"}
