{"ajId":"2a5a79aa-550e-4c66-a823-2b21a1b61c18","ajName":"乔XX犯赌博罪一案","ajjbqk":" 秦安县人民检察院起诉书指控：自2013年12月份以来，家住秦安县西川镇神明川村283号的乔XX以营利为目的，多次组织他人在其家中聚众赌博，从中抽头渔利，并为参赌人员提供赌资，获利三万余元。 控方为证明被告人乔XX的犯罪事实成立，当庭宣读了被告人的供述，证人证言，出示了接受刑事案件登记表、户籍证明、现场勘查笔录及照片等证据材料。指控认为，被告人乔XX的行为触犯了《中华人民共和国刑法》第三百零三条之规定，己构成赌博罪，请依法判处。 被告人乔XX对起诉书指控的犯罪事实供认属实，当庭未作辩解。 经审理查明，被告人乔XX系秦安县西川镇神明川村村民，见赌博获利，心生组织赌博之念，于是以其家为赌博场所，2014年1月28日至2月18日，多次组织胡AA、王BB、蔡CC等10余人在其家中赌博，累计参赌人数达100余人，被告人乔XX收取场地费，从中抽头渔利，并以放贷的形式为参赌人员提供赌资，非法获利三万余元。 上述事实有下列证据予以证实： （一）被告人的供述 被告人乔XX当庭及在卷供述，内容为，我家里的赌博是从2013年腊月二十八开始的，大概有十几天一直在赌博，参赌人员有蔡CC、王BB、高FF、胡AA、高II、高转成、陈HH、安DD、安小龙、程J等人，还有些我不知姓名。他们以麻将“支锅”的形式进行赌博，我从拉锅的人跟前抽些钱，给他们每人一盒黑兰州香烟。我还给蔡CC、王BB、陈HH三人放过款，每1万元抽400元的利息，共获利3万余元。当庭供述，因赌博获利，为了添些生活费，组织赌博，为赌博提供场地，并收取场地费。 （二）证人证言 1．证人万胡AA、王BB、蔡CC、安DD、高EE、高FF、安G、陈HH、高II、程J、高KK等人的证言共同证明：他们都是参赌人员，2013年腊月28至2014年2月18日期间，他们多次在乔XX家以麻将“架锅”的方式进行赌博，乔XX从中抽头渔利，并以放贷的形式为部分参赌人员提供赌资。秦安县公安局于2014年2月18日将部分参赌人员抓获。 2．证人陈LL的证言，内容为，我是乔XX妻子，我丈夫从2013年腊月二十几开始在家中为他人提供赌场，并从中抽头渔利，大概进行了十几次。我丈夫给参赌人员借过钱，1万元的利息是400元。 （三）书证 1．接受刑事案件登记表载明案件来源。 2．户籍证明载明被告人乔XX的身份情况。 （四）现场勘验笔录及照片 现场勘验检查笔录及照片载明现场概貌，经被告人乔XX当庭辨认，其家确系赌博现场。 以上证据均经当庭举证、质证，本院予以确认。 ","cpfxgc":"本院认为，被告人乔XX以营利为目的，多次组织他人聚众赌博，抽头渔利3万余元，其行为已构成赌博罪。秦安县人民检察院起诉书指控的犯罪事实清楚、罪名成立，应予认定。鉴于被告人乔XX当庭自愿认罪，确有悔罪表现，可对其酌情从轻处罚。据此，依照《中华人民共和国刑法》第三百零三条第一款、第五十二条、第五十三条及《最高人民法院、最高人民检察院关于办理赌博刑事案件具体应用法律若干问题的解释》第一条（一）、（三）项之规定，判决如下：","pjjg":" 被告人乔XX犯赌博罪，判处有期徒刑一年，并处罚金60000元。 （刑期自判决执行之日起计算，判决执行前先行羁押的，羁押一日折抵刑期一日，即自2014年2月25日起至2015年2月24日止。罚金自判决生效后一月内缴纳。） 如不服本判决，可在接到判决书的第二日起十日内，通过本院或直接向甘肃省天水市中级人民法院提出上诉。书面上诉的，应当提交上诉状正本一份，副本二份。","qw":"甘肃省秦安县人民法院 刑事判决书 （2014）秦刑初字第33号 公诉机关秦安县人民检察院 被告人乔XX，男，1962年3月20日出生，汉族，甘肃省秦安县人，初中文化程度，农民。因涉嫌犯赌博罪于2014年2月25日被秦安县公安局刑事拘留，同年3月18日被逮捕，现羁押秦安县看守所。 秦安县人民检察院以秦检刑诉（2014）23号起诉书指控被告人乔XX犯赌博罪，于2014年4月15日向本院提起公诉。本院受理后，依法组成合议庭，适用普通程序，公开开庭审理了本案。秦安县人民检察院指派检察员杨平出庭支持公诉，被告人乔XX到庭参加诉讼。现已审理终结。 秦安县人民检察院起诉书指控：自2013年12月份以来，家住秦安县西川镇神明川村283号的乔XX以营利为目的，多次组织他人在其家中聚众赌博，从中抽头渔利，并为参赌人员提供赌资，获利三万余元。 控方为证明被告人乔XX的犯罪事实成立，当庭宣读了被告人的供述，证人证言，出示了接受刑事案件登记表、户籍证明、现场勘查笔录及照片等证据材料。指控认为，被告人乔XX的行为触犯了《中华人民共和国刑法》第三百零三条之规定，己构成赌博罪，请依法判处。 被告人乔XX对起诉书指控的犯罪事实供认属实，当庭未作辩解。 经审理查明，被告人乔XX系秦安县西川镇神明川村村民，见赌博获利，心生组织赌博之念，于是以其家为赌博场所，2014年1月28日至2月18日，多次组织胡AA、王BB、蔡CC等10余人在其家中赌博，累计参赌人数达100余人，被告人乔XX收取场地费，从中抽头渔利，并以放贷的形式为参赌人员提供赌资，非法获利三万余元。 上述事实有下列证据予以证实： （一）被告人的供述 被告人乔XX当庭及在卷供述，内容为，我家里的赌博是从2013年腊月二十八开始的，大概有十几天一直在赌博，参赌人员有蔡CC、王BB、高FF、胡AA、高II、高转成、陈HH、安DD、安小龙、程J等人，还有些我不知姓名。他们以麻将“支锅”的形式进行赌博，我从拉锅的人跟前抽些钱，给他们每人一盒黑兰州香烟。我还给蔡CC、王BB、陈HH三人放过款，每1万元抽400元的利息，共获利3万余元。当庭供述，因赌博获利，为了添些生活费，组织赌博，为赌博提供场地，并收取场地费。 （二）证人证言 1．证人万胡AA、王BB、蔡CC、安DD、高EE、高FF、安G、陈HH、高II、程J、高KK等人的证言共同证明：他们都是参赌人员，2013年腊月28至2014年2月18日期间，他们多次在乔XX家以麻将“架锅”的方式进行赌博，乔XX从中抽头渔利，并以放贷的形式为部分参赌人员提供赌资。秦安县公安局于2014年2月18日将部分参赌人员抓获。 2．证人陈LL的证言，内容为，我是乔XX妻子，我丈夫从2013年腊月二十几开始在家中为他人提供赌场，并从中抽头渔利，大概进行了十几次。我丈夫给参赌人员借过钱，1万元的利息是400元。 （三）书证 1．接受刑事案件登记表载明案件来源。 2．户籍证明载明被告人乔XX的身份情况。 （四）现场勘验笔录及照片 现场勘验检查笔录及照片载明现场概貌，经被告人乔XX当庭辨认，其家确系赌博现场。 以上证据均经当庭举证、质证，本院予以确认。 本院认为，被告人乔XX以营利为目的，多次组织他人聚众赌博，抽头渔利3万余元，其行为已构成赌博罪。秦安县人民检察院起诉书指控的犯罪事实清楚、罪名成立，应予认定。鉴于被告人乔XX当庭自愿认罪，确有悔罪表现，可对其酌情从轻处罚。据此，依照《中华人民共和国刑法》第三百零三条第一款、第五十二条、第五十三条及《最高人民法院、最高人民检察院关于办理赌博刑事案件具体应用法律若干问题的解释》第一条（一）、（三）项之规定，判决如下： 被告人乔XX犯赌博罪，判处有期徒刑一年，并处罚金60000元。 （刑期自判决执行之日起计算，判决执行前先行羁押的，羁押一日折抵刑期一日，即自2014年2月25日起至2015年2月24日止。罚金自判决生效后一月内缴纳。） 如不服本判决，可在接到判决书的第二日起十日内，通过本院或直接向甘肃省天水市中级人民法院提出上诉。书面上诉的，应当提交上诉状正本一份，副本二份。 审判长安高增 审判员李建国 代理审判员黄永花 二〇一四年五月二十九日 书记员赵晨言","writId":"067aea3e815b3331197e95d91aabb99d6ce","writName":"乔XX犯赌博罪一案一审刑事判决书"}
