{"ajId":"c074b2f8-ce4a-4323-89e4-9c3e52b41638","ajName":"戴宏光等诈骗罪一案","ajjbqk":" 公诉机关指控： 一、2018年5月12日15时许，被告人张秀英、王黎鸣、温东升、王秀芬在本市朝阳区松榆北路附近，以其中一人谎称家中急需用钱、使用普通物品冒充古董、其余人在一旁当托儿的方式，骗取被害人刘某人民币15000元。 二、2018年8月28日8时，被告人张秀英、温东升、徐淑梅人在本市朝阳区大黄庄南里自由市场东门，以同样方式骗取被害人崔某人民币3920元人民币。 三、2018年11月23日10时许，被告人戴宏光、张秀英、董福先、王黎鸣、温东升、王秀芬、高明伟、徐淑梅在本市海淀区西三旗建材城西一里北门附近，以同样方式骗取被害人张某人民币8000元。 被告人戴宏光、张秀英、董福先、王黎鸣、温东升、王秀芬、高明伟、徐淑梅于2018年11月30日被公安机关抓获归案。在本院审理过程中，被告人戴宏光、张秀英、董福先、王黎鸣、温东升、王秀芬、高明伟、徐淑梅的家属将涉案赃款退赔，现扣押在案。 上述事实，被告人戴宏光、张秀英、董福先、王黎鸣、温东升、王秀芬、高明伟、徐淑梅及各辩护人在开庭审理过程中亦无异议，并有被告人戴宏光、张秀英、董福先、王黎鸣、温东升、王秀芬、高明伟、徐淑梅的供述，被害人张某、崔某、刘某的陈述，证人郭某的证言，工作说明，监控录像，银行取款记录，工作说明，刑事判决书，释放证明，受案登记表，到案经过，身份证明等证据证实，足以认定。 ","cpfxgc":"本院认为，被告人戴宏光、张秀英、董福先、王黎鸣、温东升、王秀芬、高明伟、徐淑梅以非法占有为目的，虚构事实，骗取他人财物，数额较大，其行为已构成诈骗罪，应予惩处。北京市海淀区人民检察院指控被告人戴宏光、张秀英、董福先、王黎鸣、温东升、王秀芬、高明伟、徐淑梅犯诈骗罪的事实清楚，证据确凿，指控罪名成立。被告人戴宏光、董福先曾因故意犯罪被判处有期徒刑，在刑罚执行完毕后五年内再犯应当判处有期徒刑以上刑罚之罪，系累犯，应依法从重处罚。鉴于被告人戴宏光、张秀英、董福先、王黎鸣、温东升、王秀芬、高明伟、徐淑梅能够当庭认罪，且在家属的帮助下退赔被害人经济损失，本院对其八人均酌予从轻处罚。辩护人相关辩护意见，本院酌予采纳。依照《中华人民共和国刑法》第二百六十六条、第二十五条第一款、第六十五条第一款、第五十三条第一款、第六十四条之规定，判决如下：","pjjg":" 一、被告人戴宏光犯诈骗罪，判处有期徒刑六个月，罚金人民币一万元。 （刑期从判决执行之日起计算；判决执行以前先行羁押的，羁押一日折抵刑期一日，即自2018年11月30日起至2019年5月29日止。罚金限自本判决生效之次日起十日内缴纳。） 二、被告人董福先犯诈骗罪，判处有期徒刑六个月，罚金人民币一万元。 （刑期从判决执行之日起计算；判决执行以前先行羁押的，羁押一日折抵刑期一日，即自2018年11月30日起至2019年5月29日止。罚金限自本判决生效之次日起十日内缴纳。） 三、被告人张秀英犯诈骗罪，判处有期徒刑六个月，罚金人民币一万元。 （刑期从判决执行之日起计算；判决执行以前先行羁押的，羁押一日折抵刑期一日，即自2018年11月30日起至2019年5月29日止。罚金限自本判决生效之次日起十日内缴纳。） 四、被告人王黎鸣犯诈骗罪，判处有期徒刑六个月，罚金人民币七千元。 （刑期从判决执行之日起计算；判决执行以前先行羁押的，羁押一日折抵刑期一日，即自2018年11月30日起至2019年5月29日止。罚金限自本判决生效之次日起十日内缴纳。） 五、被告人温东升犯诈骗罪，判处有期徒刑六个月，罚金人民币八千元。 （刑期从判决执行之日起计算；判决执行以前先行羁押的，羁押一日折抵刑期一日，即自2018年11月30日起至2019年5月29日止。罚金限自本判决生效之次日起十日内缴纳。） 六、被告人王秀芬犯诈骗罪，判处有期徒刑六个月，罚金人民币七千元。 （刑期从判决执行之日起计算；判决执行以前先行羁押的，羁押一日折抵刑期一日，即自2018年11月30日起至2019年5月29日止。罚金限自本判决生效之次日起十日内缴纳。） 七、被告人高明伟犯诈骗罪，判处有期徒刑六个月，罚金人民币五千元。 （刑期从判决执行之日起计算；判决执行以前先行羁押的，羁押一日折抵刑期一日，即自2018年11月30日起至2019年5月29日止。罚金限自本判决生效之次日起十日内缴纳。） 八、被告人徐淑梅犯诈骗罪，判处有期徒刑六个月，罚金人民币六千元。 （刑期从判决执行之日起计算；判决执行以前先行羁押的，羁押一日折抵刑期一日，即自2018年11月30日起至2019年5月29日止。罚金限自本判决生效之次日起十日内缴纳。） 九、在案扣押的人民币二万六千九百二十元，发还被害人刘某人民币一万五千元、发还被害人崔某人民币三千九百二十元、发还被害人张某人民币八千元。 十、扣押于北京市公安局海淀分局的作案工具，依法予以没收。 如不服本判决，可在接到本判决书的第二日起十日内，通过本院或者直接向北京市第一中级人民法院提出上诉。书面上诉的，应提交上诉状正本一份，副本八份。","qw":"北京市海淀区人民法院 刑事判决书 （2019）京0108刑初781号 公诉机关北京市海淀区人民检察院。 被告人戴宏光，男，1954年11月30日出生于山东省金乡县，公民身份号码×××，汉族，文盲，无业，户籍所在地为辽宁省鞍山市立山区。曾因犯诈骗罪，于2006年2月17日被判处有期徒刑三年，罚金人民币五千元；因犯诈骗罪，于2010年2月1日被判处有期徒刑六个月，罚金人民币三千元；因犯诈骗罪，于2016年6月21日被判处有期徒刑一年一个月，罚金人民币二万五千元。现因涉嫌犯诈骗罪，于2018年11月30日被羁押，2019年1月5日被逮捕。现羁押在北京市海淀区看守所。 指定辩护人张九思，北京市百瑞律师事务所律师。 被告人张秀英，女，1964年9月23日出生于辽宁省鞍山市，公民身份号码×××，汉族，初中文化，无业，户籍所在地为辽宁省鞍山市立山区。因涉嫌犯诈骗罪，于2018年11月30日被羁押，2019年1月5日被逮捕。现羁押在北京市海淀区看守所。 指定辩护人赵蕊，北京冠楠律师事务所律师。 被告人董福先，男，1963年11月23日出生于辽宁省鞍山市，公民身份号码×××，汉族，文盲，无业，户籍所在地为辽宁省鞍山市立山区。曾因犯诈骗罪，于2010年6月被判处有期徒刑一年二个月，罚金人民币一千元；因犯诈骗罪，于2014年11月20日被判处有期徒刑二年，罚金人民币二千元，2015年10月16日刑满释放。现因涉嫌犯诈骗罪，于2018年11月30日被羁押，2019年1月5日被逮捕。现羁押在北京市海淀区看守所。 指定辩护人焦岭，北京晋熙律师事务所律师。 被告人王黎鸣，男，1968年8月11日出生于辽宁省鞍山市，公民身份号码×××，汉族，初中文化，无业，户籍所在地为辽宁省鞍山市立山区。因涉嫌犯诈骗罪，于2018年11月30日被羁押，2019年1月5日被逮捕。现羁押在北京市海淀区看守所。 指定辩护人陈娟，北京市一法律师事务所律师。 被告人温东升，男，1964年2月20日出生于黑龙江省哈尔滨市，公民身份号码×××，汉族，高中文化，无业，户籍所在地为黑龙江省哈尔滨市道里区。因涉嫌犯诈骗罪，于2018年11月30日被羁押，2019年1月5日被逮捕。现羁押在北京市海淀区看守所。 指定辩护人胡晓，北京青葵律师事务所律师。 被告人王秀芬，女，1959年11月17日出生于辽宁省鞍山市，公民身份号码×××，汉族，初中文化，无业，户籍所在地为辽宁省鞍山市铁西区。因涉嫌犯诈骗罪，于2018年11月30日被羁押，2019年1月5日被逮捕。现羁押在北京市海淀区看守所。 指定辩护人李金璐，北京龙佑律师事务所律师。 被告人高明伟，男，1968年6月2日出生于辽宁省鞍山市，公民身份号码×××，汉族，初中文化，无业，户籍所在地为辽宁省鞍山市立山区。因涉嫌犯诈骗罪，于2018年11月30日被羁押，2019年1月5日被逮捕。现羁押在北京市海淀区看守所。 指定辩护人贾佳，北京市善邦律师事务所律师。 被告人徐淑梅，女，1962年4月4日出生于黑龙省哈尔滨市，公民身份号码×××，汉族，高中文化，无业，户籍所在地为黑龙江省哈尔滨市平房区。因涉嫌犯诈骗罪，于2018年11月30日被羁押，2019年1月5日被逮捕。现羁押在北京市海淀区看守所。 指定辩护人王占军，北京乐通律师事务所律师。 北京市海淀区人民检察院以京海检一部刑诉（2019）186号起诉书指控被告人戴宏光、张秀英、董福先、王黎鸣、温东升、王秀芬、高明伟、徐淑梅犯诈骗罪，于2019年4月19日向本院提起公诉。本院依法适用简易程序，实行独任审判，公开开庭审理了本案。北京市海淀区人民检察院指派检察员李刚出庭支持公诉，被告人戴宏光、张秀英、董福先、王黎鸣、温东升、王秀芬、高明伟、徐淑梅及各辩护人到庭参加诉讼。现已审理终结。 公诉机关指控： 一、2018年5月12日15时许，被告人张秀英、王黎鸣、温东升、王秀芬在本市朝阳区松榆北路附近，以其中一人谎称家中急需用钱、使用普通物品冒充古董、其余人在一旁当托儿的方式，骗取被害人刘某人民币15000元。 二、2018年8月28日8时，被告人张秀英、温东升、徐淑梅人在本市朝阳区大黄庄南里自由市场东门，以同样方式骗取被害人崔某人民币3920元人民币。 三、2018年11月23日10时许，被告人戴宏光、张秀英、董福先、王黎鸣、温东升、王秀芬、高明伟、徐淑梅在本市海淀区西三旗建材城西一里北门附近，以同样方式骗取被害人张某人民币8000元。 被告人戴宏光、张秀英、董福先、王黎鸣、温东升、王秀芬、高明伟、徐淑梅于2018年11月30日被公安机关抓获归案。在本院审理过程中，被告人戴宏光、张秀英、董福先、王黎鸣、温东升、王秀芬、高明伟、徐淑梅的家属将涉案赃款退赔，现扣押在案。 上述事实，被告人戴宏光、张秀英、董福先、王黎鸣、温东升、王秀芬、高明伟、徐淑梅及各辩护人在开庭审理过程中亦无异议，并有被告人戴宏光、张秀英、董福先、王黎鸣、温东升、王秀芬、高明伟、徐淑梅的供述，被害人张某、崔某、刘某的陈述，证人郭某的证言，工作说明，监控录像，银行取款记录，工作说明，刑事判决书，释放证明，受案登记表，到案经过，身份证明等证据证实，足以认定。 本院认为，被告人戴宏光、张秀英、董福先、王黎鸣、温东升、王秀芬、高明伟、徐淑梅以非法占有为目的，虚构事实，骗取他人财物，数额较大，其行为已构成诈骗罪，应予惩处。北京市海淀区人民检察院指控被告人戴宏光、张秀英、董福先、王黎鸣、温东升、王秀芬、高明伟、徐淑梅犯诈骗罪的事实清楚，证据确凿，指控罪名成立。被告人戴宏光、董福先曾因故意犯罪被判处有期徒刑，在刑罚执行完毕后五年内再犯应当判处有期徒刑以上刑罚之罪，系累犯，应依法从重处罚。鉴于被告人戴宏光、张秀英、董福先、王黎鸣、温东升、王秀芬、高明伟、徐淑梅能够当庭认罪，且在家属的帮助下退赔被害人经济损失，本院对其八人均酌予从轻处罚。辩护人相关辩护意见，本院酌予采纳。依照《中华人民共和国刑法》第二百六十六条、第二十五条第一款、第六十五条第一款、第五十三条第一款、第六十四条之规定，判决如下： 一、被告人戴宏光犯诈骗罪，判处有期徒刑六个月，罚金人民币一万元。 （刑期从判决执行之日起计算；判决执行以前先行羁押的，羁押一日折抵刑期一日，即自2018年11月30日起至2019年5月29日止。罚金限自本判决生效之次日起十日内缴纳。） 二、被告人董福先犯诈骗罪，判处有期徒刑六个月，罚金人民币一万元。 （刑期从判决执行之日起计算；判决执行以前先行羁押的，羁押一日折抵刑期一日，即自2018年11月30日起至2019年5月29日止。罚金限自本判决生效之次日起十日内缴纳。） 三、被告人张秀英犯诈骗罪，判处有期徒刑六个月，罚金人民币一万元。 （刑期从判决执行之日起计算；判决执行以前先行羁押的，羁押一日折抵刑期一日，即自2018年11月30日起至2019年5月29日止。罚金限自本判决生效之次日起十日内缴纳。） 四、被告人王黎鸣犯诈骗罪，判处有期徒刑六个月，罚金人民币七千元。 （刑期从判决执行之日起计算；判决执行以前先行羁押的，羁押一日折抵刑期一日，即自2018年11月30日起至2019年5月29日止。罚金限自本判决生效之次日起十日内缴纳。） 五、被告人温东升犯诈骗罪，判处有期徒刑六个月，罚金人民币八千元。 （刑期从判决执行之日起计算；判决执行以前先行羁押的，羁押一日折抵刑期一日，即自2018年11月30日起至2019年5月29日止。罚金限自本判决生效之次日起十日内缴纳。） 六、被告人王秀芬犯诈骗罪，判处有期徒刑六个月，罚金人民币七千元。 （刑期从判决执行之日起计算；判决执行以前先行羁押的，羁押一日折抵刑期一日，即自2018年11月30日起至2019年5月29日止。罚金限自本判决生效之次日起十日内缴纳。） 七、被告人高明伟犯诈骗罪，判处有期徒刑六个月，罚金人民币五千元。 （刑期从判决执行之日起计算；判决执行以前先行羁押的，羁押一日折抵刑期一日，即自2018年11月30日起至2019年5月29日止。罚金限自本判决生效之次日起十日内缴纳。） 八、被告人徐淑梅犯诈骗罪，判处有期徒刑六个月，罚金人民币六千元。 （刑期从判决执行之日起计算；判决执行以前先行羁押的，羁押一日折抵刑期一日，即自2018年11月30日起至2019年5月29日止。罚金限自本判决生效之次日起十日内缴纳。） 九、在案扣押的人民币二万六千九百二十元，发还被害人刘某人民币一万五千元、发还被害人崔某人民币三千九百二十元、发还被害人张某人民币八千元。 十、扣押于北京市公安局海淀分局的作案工具，依法予以没收。 如不服本判决，可在接到本判决书的第二日起十日内，通过本院或者直接向北京市第一中级人民法院提出上诉。书面上诉的，应提交上诉状正本一份，副本八份。 审判员张小平 二〇一九年五月七日 书记员方一鸣","writId":"0651ada68b6d286b41d4510792167414400","writName":"戴宏光等诈骗罪一审刑事判决书"}
