{"ajId":"749d304a-67dc-41bc-8e7a-caea1bd3a133","ajName":"戴荣根引诱、容留、介绍卖淫罪一案","ajjbqk":" 无锡市锡山区人民检察院指控： 2017年2月15日晚，被告人戴荣根在其负责管理的无锡市锡山区东亭街道华夏中路18号-3的无名足浴店内容留张某1分别向郭某3、朱某2、雷某、王某、朱某3，游某向姜某，郭某2向姬某卖淫。 当晚，被告人戴荣根及卖淫女张某1、游某、郭某2及嫖客郭某3、朱某2、雷某、王某、朱某3、姜某、姬某被公安机关查获，当场还缴获避孕套等物。 上述事实，有公诉机关提交，并经法庭质证、认证的无锡市公安局锡山分局东亭派出所出具的《刑事案件侦破经过》，公安机关制作的《现场笔录》、对涉案人员手机内微信转账记录的《提取笔录》，查获避孕套的提取笔录及扣押清单，刑事摄影照片，证人张某1、游某、郭某3、郭某2、朱某2、雷某、王某、朱某3、姜某、姬某、徐某、胡某的证言及辨认笔录，证人丁某、张某2的证言及租房协议，被告人戴荣根的供述等证据证实，足以认定。 ","cpfxgc":"本院认为：被告人戴荣根容留他人卖淫，其行为已构成容留卖淫罪。无锡市锡山区人民检察院起诉指控被告人戴荣根犯容留卖淫罪，事实清楚，证据确实、充分，指控的罪名成立，本院予以支持。被告人戴荣根曾因故意犯罪被判处有期徒刑，在刑罚执行完毕后五年内再犯应当判处有期徒刑以上刑罚之罪，系累犯，依法应当从重处罚。被告人戴荣根归案后虽未能及时供述犯罪事实，但之后能够作出如实供述且庭审中能自愿认罪，具备一定的悔罪表现，可以酌情从轻处罚。辩护人提出的戴荣根法律意识淡薄、当庭自愿认罪等主要辩护意见，符合事实和法律，本院予以采纳。 据此，依照《中华人民共和国刑法》第三百五十九条第一款、第六十五条第一款、第六十四条之规定，判决如下：","pjjg":" 一、被告人戴荣根犯容留卖淫罪，判处有期徒刑二年六个月（刑期自判决执行之日起计算，判决执行以前先行羁押的，羁押一日折抵刑期一日，即自2017年2月15日起至2019年8月14日止），并处罚金人民币五千元（罚金于本判决生效次日起十日内缴纳）。 二、公安机关扣押的避孕套等物品予以没收。 如不服本判决，可在接到判决书的第二日起十日内，通过本院或者直接向江苏省无锡市中级人民法院提出上诉。书面上诉的，应交上诉状正本一份，副本两份。","qw":"戴荣根引诱、容留、介绍卖淫罪一审刑事判决书 江苏省无锡市锡山区人民法院 刑事判决书 （2017）苏0205刑初337号 公诉机关无锡市锡山区人民检察院。 被告人戴荣根，男，1985年6月24日生，江苏省盱眙县人，汉族，文盲，无业，户籍地江苏省盱眙县，住无锡市梁溪区。因为赌博提供条件于2012年11月被无锡市公安局锡山分局决定行政拘留十日，并处罚款人民币五百元。因故意伤害于2013年1月被无锡市公安局锡山分局决定行政拘留十日，并处罚款人民币二百元。因犯非法拘禁罪于2013年12月被本院判处有期徒刑六个月，2014年1月24日刑满释放。因涉嫌犯容留卖淫罪于2017年2月15日被羁押，次日被无锡市公安局锡山分局刑事拘留，同年3月24日被逮捕。现羁押于无锡市第二看守所。 辩护人杨蓉，甘肃昶泰律师事务所律师。 辩护人赵思源，江苏吴韵律师事务所律师。 无锡市锡山区人民检察院以锡山检诉刑诉［2017］344号起诉书指控被告人戴荣根犯容留卖淫罪，于2017年6月6日向本院提起公诉。本院于同日立案，依法组成合议庭，适用简易程序，因涉及个人隐私，于2017年7月5日不公开开庭审理了本案。无锡市锡山区人民检察院指派检察员姜中芳出庭支持公诉，被告人戴荣根及其辩护人赵思源到庭参加诉讼。现已审理终结。 无锡市锡山区人民检察院指控： 2017年2月15日晚，被告人戴荣根在其负责管理的无锡市锡山区东亭街道华夏中路18号-3的无名足浴店内容留张某1分别向郭某3、朱某2、雷某、王某、朱某3，游某向姜某，郭某2向姬某卖淫。 当晚，被告人戴荣根及卖淫女张某1、游某、郭某2及嫖客郭某3、朱某2、雷某、王某、朱某3、姜某、姬某被公安机关查获，当场还缴获避孕套等物。 上述事实，有公诉机关提交，并经法庭质证、认证的无锡市公安局锡山分局东亭派出所出具的《刑事案件侦破经过》，公安机关制作的《现场笔录》、对涉案人员手机内微信转账记录的《提取笔录》，查获避孕套的提取笔录及扣押清单，刑事摄影照片，证人张某1、游某、郭某3、郭某2、朱某2、雷某、王某、朱某3、姜某、姬某、徐某、胡某的证言及辨认笔录，证人丁某、张某2的证言及租房协议，被告人戴荣根的供述等证据证实，足以认定。 本院认为：被告人戴荣根容留他人卖淫，其行为已构成容留卖淫罪。无锡市锡山区人民检察院起诉指控被告人戴荣根犯容留卖淫罪，事实清楚，证据确实、充分，指控的罪名成立，本院予以支持。被告人戴荣根曾因故意犯罪被判处有期徒刑，在刑罚执行完毕后五年内再犯应当判处有期徒刑以上刑罚之罪，系累犯，依法应当从重处罚。被告人戴荣根归案后虽未能及时供述犯罪事实，但之后能够作出如实供述且庭审中能自愿认罪，具备一定的悔罪表现，可以酌情从轻处罚。辩护人提出的戴荣根法律意识淡薄、当庭自愿认罪等主要辩护意见，符合事实和法律，本院予以采纳。 据此，依照《中华人民共和国刑法》第三百五十九条第一款、第六十五条第一款、第六十四条之规定，判决如下： 一、被告人戴荣根犯容留卖淫罪，判处有期徒刑二年六个月（刑期自判决执行之日起计算，判决执行以前先行羁押的，羁押一日折抵刑期一日，即自2017年2月15日起至2019年8月14日止），并处罚金人民币五千元（罚金于本判决生效次日起十日内缴纳）。 二、公安机关扣押的避孕套等物品予以没收。 如不服本判决，可在接到判决书的第二日起十日内，通过本院或者直接向江苏省无锡市中级人民法院提出上诉。书面上诉的，应交上诉状正本一份，副本两份。 审判长唐洁 代理审判员顾瑜 代理审判员吴益明 二〇一七年七月十九日 书记员戴静英 本案援引法律条款 《中华人民共和国刑法》： 第三百五十九条第一款引诱、容留、介绍他人卖淫的，处五年以下有期徒刑、拘役或者管制，并处罚金；情节严重的，处五年以上有期徒刑，并处罚金。 第六十五条第一款被判处有期徒刑以上刑罚的犯罪分子，刑罚执行完毕或者赦免以后，在五年以内再犯应当判处有期徒刑以上刑罚之罪的，是累犯，应当从重处罚。但是过失犯罪和不满十八周岁的人犯罪的除外。 第六十四条犯罪分子违法所得的一切财物，应当予以追缴或者责令退赔；对被害人的合法财产，应当及时返还；违禁品和供犯罪所用的本人财物，应当予以没收。没收的财物和押金，一律上缴国库，不得挪用和自行处理。","writId":"036269169b6e47a90805c2ed6593ea6b6fb","writName":"戴荣根引诱、容留、介绍卖淫罪一审刑事判决书"}
