{"ajId":"221f041c-bc06-42ec-9215-9cba52e063fc","ajName":"覃孔义滥伐林木罪一案","ajjbqk":" 原判认定，2018年1月初，被告人覃孔义以7000元的价格与覃致贤购买得位于河池市宜州区屏南乡新兴村塘洞屯“下乾岭”（地名，即屏南乡新兴村1林班11小班）的马尾松林木。同月下旬，覃孔义在未办理林木采伐许可手续的情况下雇请他人使用油锯、柴刀将购买得的林木砍伐，期间还将覃某1位于该处的部分林木一并砍伐。后某孔义将砍伐所得的马尾松原木、松柴进行销售，共获款15415.6元。经鉴定，此次被滥伐的林木为马尾松，面积为0.49公顷，林木蓄积量为26.5953立方米，出材量为15.0784立方米。 原判认定上述事实的证据有受案登记表，到案经过，河池市宜州区林业局出具的证明，宜州凯立木业有限公司地磅单，被告人覃孔义的户籍证明，证人覃致贤、覃某1、覃某2、覃某3、覃某4、韦某、覃某5的证言，现场勘查笔录、现场示意图及照片，辨认笔录及照片，河池市大洋林业技术服务有限公司大洋鉴［2018］10号鉴定意见书及鉴定意见通知书，被告人覃孔义在侦查期间的供述等。 原判认为，被告人覃孔义违反森林法的规定，未办理林木采伐手续而擅自砍伐林木，滥伐林木的蓄积量达26.5953立方米，数量较大，其行为已构成滥伐林木罪。覃孔义归案后如实供述自己的罪行，可以从轻处罚。根据覃孔义犯罪的事实、性质、情节和对于社会的危害程度，依照《中华人民共和国刑法》第三百四十五条第二款、第六十七条第三款、第四十五条、第四十七条、第五十二条、第五十三条、第六十一条、第六十四条和《最高人民法院关于审理破坏森林资源刑事案件具体应用法律若干问题的解释》第六条的规定，判决：被告人覃孔义犯滥伐林木罪，判处有期徒刑一年三个月，并处罚金人民币一万五千元；被告人覃孔义违法所得人民币15415.6元，依法予以追缴。 上诉人覃孔义的上诉理由是，其归案后如实供述自己的犯罪事实，当庭认罪，具有自首情节，系初犯、偶犯，且已经缴纳全部罚金，具有悔罪表现，原判量刑过重，请求二审法院从轻处罚并适用缓刑。 辩护人韦思华的辩护意见与上诉人覃孔义的上诉理由一致。 二审审理查明的事实与原审判决认定的事实一致，认定该事实的证据均在一审开庭时当庭出示并经质证，上诉人覃孔义及其辩护人韦思华在本院审理期间未提出新的证据。经依法全面审查，本院对原审判决认定的事实及所列证据予以确认。 另查明，上诉人覃孔义家属已经主动代其缴纳罚金一万五千元到河池市宜州区人民法院，并代其上缴违法所得人民币15415.6元。案发之后，上诉人覃孔义接到公安机关的电话通知后，自行到公安机关接受调查，并如实供述自己的犯罪行为。 ","cpfxgc":"本院认为，上诉人覃孔义违反森林法的规定，未经林业主管部门批准并核发采伐许可证，任意采伐林木，滥伐林木的立木蓄积量为26.5953立方米，其行为已触犯刑法，构成滥伐林木罪，依法应当在三年以下有期徒刑量刑。覃孔义在接到公安机关电话通知后自行到公安机关接受调查，并如实供述自己的罪行，系自首，可从轻处罚。原审法院未认定为自首，予以纠正，但已认定覃孔义具有坦白情节，且给其从轻处罚的幅度已较大。覃孔义家属主动代其缴纳全部罚金，并退出所有违法所得，可视为覃孔义缴纳和退出，有悔罪表现。根据覃孔义以上犯罪的事实、情节和悔罪表现，适用缓刑确实不致再危害社会，对其所居住的社区没有重大不良影响，可以对其适用宣告缓刑。综上，原判认定事实清楚，证据确实、充分，定罪准确，量刑适当，审判程序合法，但根据本案的具体情形，本院决定对覃孔义的刑罚执行方法予以调整。覃孔义及其辩护人提出原判量刑过重的意见，本院不予采纳，对覃孔义适用缓刑的意见，本院予以采纳。 依照《中华人民共和国刑法》第三百四十五条第二款、第六十七条第一款、第四十五条、第四十七条、第五十二条、第六十一条、第六十四条、第七十二条第一款、第七十三条第二款、第三款，《最高人民法院关于审理破坏森林资源刑事案件具体应用法律若干问题的解释》第六条，《中华人民共和国刑事诉讼法》第二百二十五条第一款第（二）项之规定，判决如下：","pjjg":" 一、维持广西壮族自治区河池市宜州区人民法院（2018）桂1281刑初146号刑事判决第二项，即被告人覃孔义违法所得人民币15415.6元，依法予以追缴； 二、撤销广西壮族自治区河池市宜州区人民法院（2018）桂1281刑初146号刑事判决第一项，即被告人覃孔义犯滥伐林木罪，判处有期徒刑一年三个月，并处罚金人民币一万五千元； 三、上诉人覃孔义犯滥伐林木罪，判处有期徒刑一年三个月，缓刑二年，并处罚金人民币一万五千元（罚金已缴纳）。 （缓刑考验期限，从判决确定之日起计算。） 本判决为终审判决。","qw":"广西壮族自治区河池市中级人民法院 刑事判决书 （2018）桂12刑终207号 原公诉机关广西壮族自治区河池市宜州区人民检察院。 上诉人（原审被告人）覃孔义，男，1972年6月5日出生于广西壮族自治区河池市宜州区，壮族，文盲，农民，住河池市宜州区，因涉嫌犯滥伐林木罪，于2018年6月19日被取保候审，同年7月20日被逮捕。现羁押于河池市宜州区看守所。 辩护人韦思华，广西平道律师事务所律师。 广西壮族自治区河池市宜州区人民法院审理河池市宜州区人民检察院指控被告人覃孔义犯滥伐林木罪一案，于2018年7月20日作出（2018）桂1281刑初146号刑事判决。原审被告人覃孔义不服，提出上诉。本院受理后，依法组成合议庭，经阅卷，讯问上诉人覃孔义，听取辩护人韦思华的辩护意见，认为事实清楚，决定不开庭审理。现已审理终结。 原判认定，2018年1月初，被告人覃孔义以7000元的价格与覃致贤购买得位于河池市宜州区屏南乡新兴村塘洞屯“下乾岭”（地名，即屏南乡新兴村1林班11小班）的马尾松林木。同月下旬，覃孔义在未办理林木采伐许可手续的情况下雇请他人使用油锯、柴刀将购买得的林木砍伐，期间还将覃某1位于该处的部分林木一并砍伐。后某孔义将砍伐所得的马尾松原木、松柴进行销售，共获款15415.6元。经鉴定，此次被滥伐的林木为马尾松，面积为0.49公顷，林木蓄积量为26.5953立方米，出材量为15.0784立方米。 原判认定上述事实的证据有受案登记表，到案经过，河池市宜州区林业局出具的证明，宜州凯立木业有限公司地磅单，被告人覃孔义的户籍证明，证人覃致贤、覃某1、覃某2、覃某3、覃某4、韦某、覃某5的证言，现场勘查笔录、现场示意图及照片，辨认笔录及照片，河池市大洋林业技术服务有限公司大洋鉴［2018］10号鉴定意见书及鉴定意见通知书，被告人覃孔义在侦查期间的供述等。 原判认为，被告人覃孔义违反森林法的规定，未办理林木采伐手续而擅自砍伐林木，滥伐林木的蓄积量达26.5953立方米，数量较大，其行为已构成滥伐林木罪。覃孔义归案后如实供述自己的罪行，可以从轻处罚。根据覃孔义犯罪的事实、性质、情节和对于社会的危害程度，依照《中华人民共和国刑法》第三百四十五条第二款、第六十七条第三款、第四十五条、第四十七条、第五十二条、第五十三条、第六十一条、第六十四条和《最高人民法院关于审理破坏森林资源刑事案件具体应用法律若干问题的解释》第六条的规定，判决：被告人覃孔义犯滥伐林木罪，判处有期徒刑一年三个月，并处罚金人民币一万五千元；被告人覃孔义违法所得人民币15415.6元，依法予以追缴。 上诉人覃孔义的上诉理由是，其归案后如实供述自己的犯罪事实，当庭认罪，具有自首情节，系初犯、偶犯，且已经缴纳全部罚金，具有悔罪表现，原判量刑过重，请求二审法院从轻处罚并适用缓刑。 辩护人韦思华的辩护意见与上诉人覃孔义的上诉理由一致。 二审审理查明的事实与原审判决认定的事实一致，认定该事实的证据均在一审开庭时当庭出示并经质证，上诉人覃孔义及其辩护人韦思华在本院审理期间未提出新的证据。经依法全面审查，本院对原审判决认定的事实及所列证据予以确认。 另查明，上诉人覃孔义家属已经主动代其缴纳罚金一万五千元到河池市宜州区人民法院，并代其上缴违法所得人民币15415.6元。案发之后，上诉人覃孔义接到公安机关的电话通知后，自行到公安机关接受调查，并如实供述自己的犯罪行为。 本院认为，上诉人覃孔义违反森林法的规定，未经林业主管部门批准并核发采伐许可证，任意采伐林木，滥伐林木的立木蓄积量为26.5953立方米，其行为已触犯刑法，构成滥伐林木罪，依法应当在三年以下有期徒刑量刑。覃孔义在接到公安机关电话通知后自行到公安机关接受调查，并如实供述自己的罪行，系自首，可从轻处罚。原审法院未认定为自首，予以纠正，但已认定覃孔义具有坦白情节，且给其从轻处罚的幅度已较大。覃孔义家属主动代其缴纳全部罚金，并退出所有违法所得，可视为覃孔义缴纳和退出，有悔罪表现。根据覃孔义以上犯罪的事实、情节和悔罪表现，适用缓刑确实不致再危害社会，对其所居住的社区没有重大不良影响，可以对其适用宣告缓刑。综上，原判认定事实清楚，证据确实、充分，定罪准确，量刑适当，审判程序合法，但根据本案的具体情形，本院决定对覃孔义的刑罚执行方法予以调整。覃孔义及其辩护人提出原判量刑过重的意见，本院不予采纳，对覃孔义适用缓刑的意见，本院予以采纳。 依照《中华人民共和国刑法》第三百四十五条第二款、第六十七条第一款、第四十五条、第四十七条、第五十二条、第六十一条、第六十四条、第七十二条第一款、第七十三条第二款、第三款，《最高人民法院关于审理破坏森林资源刑事案件具体应用法律若干问题的解释》第六条，《中华人民共和国刑事诉讼法》第二百二十五条第一款第（二）项之规定，判决如下： 一、维持广西壮族自治区河池市宜州区人民法院（2018）桂1281刑初146号刑事判决第二项，即被告人覃孔义违法所得人民币15415.6元，依法予以追缴； 二、撤销广西壮族自治区河池市宜州区人民法院（2018）桂1281刑初146号刑事判决第一项，即被告人覃孔义犯滥伐林木罪，判处有期徒刑一年三个月，并处罚金人民币一万五千元； 三、上诉人覃孔义犯滥伐林木罪，判处有期徒刑一年三个月，缓刑二年，并处罚金人民币一万五千元（罚金已缴纳）。 （缓刑考验期限，从判决确定之日起计算。） 本判决为终审判决。 审判长韦绍航 审判员秦冬英 审判员黄志凡 二〇一八年九月十一日 法官助理秦晨 书记员周春林 附相关法律条文 《中华人民共和国刑法》 第三百四十五条盗伐森林或者其他林木，数量较大的，处三年以下有期徒刑、拘役或者管制，并处或者单处罚金；数量巨大的，处三年以上七年以下有期徒刑，并处罚金；数量特别巨大的，处七年以上有期徒刑，并处罚金。 违反森林法的规定，滥伐森林或者其他林木，数量较大的，处三年以下有期徒刑、拘役或者管制，并处或者单处罚金；数量巨大的，处三年以上七年以下有期徒刑，并处罚金。 非法收购、运输明知是盗伐、滥伐的林木，情节严重的，处三年以下有期徒刑、拘役或者管制，并处或者单处罚金；情节特别严重的，处三年以上七年以下有期徒刑，并处罚金。 盗伐、滥伐国家级自然保护区内的森林或者其他林木的，从重处罚。 第六十七条犯罪以后自动投案，如实供述自己的罪行的，是自首。对于自首的犯罪分子，可以从轻或者减轻处罚。其中，犯罪较轻的，可以免除处罚。 被采取强制措施的犯罪嫌疑人、被告人和正在服刑的罪犯，如实供述司法机关还未掌握的本人其他罪行的，以自首论。 犯罪嫌疑人虽不具有前两款规定的自首情节，但是如实供述自己罪行的，可以从轻处罚；因其如实供述自己罪行，避免特别严重后果发生的，可以减轻处罚。 第四十五条有期徒刑的期限，除本法第五十条、第六十九条规定外，为六个月以上十五年以下。 第四十七条有期徒刑的刑期，从判决执行之日起计算；判决执行以前先行羁押的，羁押一日折抵刑期一日。 第五十二条判处罚金，应当根据犯罪情节决定罚金数额。 第六十一条对于犯罪分子决定刑罚的时候，应当根据犯罪的事实、犯罪的性质、情节和对于社会的危害程度，依照本法的有关规定判处。 第六十四条犯罪分子违法所得的一切财物，应当予以追缴或者责令退赔；对于被害人的合法财产，应当及时返还；违禁品和供犯罪所用的本人财物，应当予以没收。没收的财物和罚金，一律上缴国库，不得挪用和自行处理。 第七十二条对于被判处拘役、三年以下有期徒刑的犯罪分子，同时符合下列条件的，可以宣告缓刑，对其中不满十八周岁的人、怀孕的妇女和已满七十五周岁的人，应当宣告缓刑： （一）犯罪情节较轻； （二）有悔罪表现； （三）没有再犯罪的危险； （四）宣告缓刑对所居住社区没有重大不良影响。 宣告缓刑，可以根据犯罪情况，同时禁止犯罪分子在缓刑考验期限内从事特定活动，进入特定区域、场所，接触特定的人。 被宣告缓刑的犯罪分子，如果被判处附加刑，附加刑仍须执行。 第七十三条拘役的缓刑考验期限为原判刑期以上一年以下，但是不能少于二个月。 有期徒刑的缓刑考验期限为原判刑期以上五年以下，但是不能少于一年。 缓刑考验期限，从判决确定之日起计算。 《最高人民法院关于审理破坏森林资源刑事案件具体应用法律若干问题的解释》 第六条滥伐林木“数量较大”，以十至二十立方米或者幼树五百至一千株为起点；滥伐林木“数量巨大”，以五十至一百立方米或者幼树二千五百至五千株为起点。 《中华人民共和国刑事诉讼法》 第二百二十五条第二审人民法院对不服第一审判决的上诉、抗诉案件，经过审理后，应当按照下列情形分别处理： （一）原判决认定事实和适用法律正确、量刑适当的，应当裁定驳回上诉或者抗诉，维持原判； （二）原判决认定事实没有错误，但适用法律有错误，或者量刑不当的，应当改判； （三）原判决事实不清楚或者证据不足的，可以在查清事实后改判；也可以裁定撤销原判，发回原审人民法院重新审判。 原审人民法院对于依照前款第三项规定发回重新审判的案件作出判决后，被告人提出上诉或者人民检察院提出抗诉的，第二审人民法院应当依法作出判决或者裁定，不得再发回原审人民法院重新审判。","writId":"02207f273518d667b529eab73e24834d4b7","writName":"覃孔义滥伐林木罪二审刑事判决书"}
