{"ajId":"00262dcc-4ec8-4219-8bac-628327f9a3e4","ajName":"方某、李某甲等非法持有、私藏枪支、弹药罪，倪某、钟某等故意伤害罪一案","ajjbqk":" 被告人方某、倪某、李某甲、钟某、王某甲、汪某、徐某对起诉书指控的犯罪事实及罪名均无异议，并当庭表示自愿认罪。 被告人方某的辩护人对起诉书指控的犯罪事实及罪名均无异议，但认为被告人方某具有坦白情节，且系初犯、偶犯，犯罪情节较轻、社会危害不大，请求法庭予以从轻处罚并对其适用缓刑。 被告人钟某的辩护人对起诉书指控的犯罪事实和罪名均无异议，但认为被告人钟某参与赌博时间短、后果轻；故意伤害罪部分被害人有过错，具有偶然性，且被告人钟某具有坦白情节。请求法庭从轻处罚。 被告人王某甲的辩护人对起诉书指控的犯罪事实和罪名均无异议，并提出如下辩护意见：1、被告人王某甲非法持有枪支时间较短，从未使用，且该自制枪支射伤力低，故王某甲情节较轻、危害不大。2、故意伤害罪部分，被害人具有过错，王某甲在故意伤害中起次要作用，属从犯，且被告人王某甲积极赔偿，取得被害人谅解。3、被告人王某甲具有坦白情节。请求法庭予以从轻处罚。 经审理查明： 一、起诉书指控的非法持有枪支罪部分 2011年7、8月份至10月中旬，被告人方某从安徽老家携带自制双管猎枪一支、子弹二枚到本市织里镇，并将该枪放于本市三济桥租房内。 2012年3、4月间，被告人方某又将该枪从安徽老家带至本市织里镇非法持有。后被告人方某将该猎枪一支及子弹二枚交给被告人倪某非法持有。 2012年5、6月间，被告人王某甲从被告人倪某处获得该猎枪一支及子弹二枚并非法持有。后被告人王某甲将该枪交还被告人倪某。 2012年9月份，被告人倪某又将该猎枪一支及子弹二枚交给被告人李某甲并由李某甲非法持有。 2012年9月28日，公安机关在本市吴兴区织里镇富民中路419号301室李某甲租房内当场查获该猎枪一支及子弹二枚。经湖州市公安局物证鉴定所鉴定，该疑似枪支为自制霰弹枪，子弹为自制霰弹。经浙江省公安司法鉴定中心鉴定，该疑似枪支为枪支。案发后，该自制霰弹枪一支及自制霰弹二枚已被公安机关扣押。 上述事实有经当庭举证、质证，经本院确认的如下证据予以证实：证人陈某甲、曹某的证言；辨认笔录及照片，搜查笔录及扣押物品、文件清单及照片；浙江省公安司法鉴定中心鉴定文书及被告人方某、倪某、王某甲、李某甲的供述和辩解。 二、起诉书指控的赌博罪部分 2012年8月至9月期间，被告人钟某单独或伙同汪某、徐某等人在湖州市织里镇富康农庄、南浔区旧馆镇、吴兴区环渚乡等地多次组织他人聚众赌博，并抽头渔利。其中被告人钟某组织聚众赌博11次，抽头获利共计人民币95000元，被告人汪某组织聚众赌博5次，抽头获利共计人民币44000元，被告人徐某两次帮助被告人钟某看场子，共计获利人民币400余元。具体分述如下： 1、2012年8月上旬的一天晚上，被告人钟某在本市织里镇富康农庄组织人员聚众赌博，抽头获利人民币5000余元。 2、2012年8月上旬的一天晚上，被告人钟某在本市织里镇富康农庄组织人员聚众赌博，抽头获利人民币8000余元。 3、2012年8月中旬的一天晚上，被告人钟某在本市织里镇富康农庄组织人员聚众赌博，抽头获利人民币10000余元。 4、2012年8月中旬的一天晚上，被告人钟某伙同徐某在本市南浔区旧馆镇载旺村太保桥14号聚众赌博，抽头获利人民币8000余元，被告人徐某负责看场子，获利人民币200余元。 5、2012年8月中旬的一天晚上，被告人钟某在本市环渚乡金桥村20号聚众赌博，抽头获利人民币10000余元。 6、2012年8月下旬的一天晚上，被告人钟某伙同徐某在本市双丰村11号聚众赌博，抽头获利人民币10000余元；被告人徐某负责看场子，获利人民币200余元。 7、2012年8月下旬的一天晚上，被告人钟某伙同汪某在本市织里镇富康农庄组织人员聚众赌博，抽头获利人民币8000余元； 8、2012年8月下旬的一天晚上，被告人钟某伙同汪某在本市环渚乡茶花兜6号组织人员聚众赌博，抽头获利人民币6000余元。 9、2012年9月上旬的一天晚上，被告人钟某伙同汪某在本市环渚乡双丰村11号组织人员聚众赌博，抽头获利人民币11000余元。 10、2012年9月上旬的一天晚上，被告人钟某伙同汪某在本市环渚乡双丰村83号组织人员聚众赌博，抽头获利人民币9000余元。 11、2012年9月上旬的一天晚上，被告人钟某伙同汪某在本市环渚乡双丰村83号组织人员聚众赌博，抽头获利人民币10000余元。 案发后，被告人汪某向湖州市公安局织里分局退缴赃款人民币2万元整。 上述事实有经当庭举证、质证，经本院确认的如下证据予以证实：证人汤某甲、陈某乙、李某乙、王某乙、刘某甲、王某丙、潘某甲、李某丙、唐某、夏某、朱某、潘某乙、金某的证言；辨认笔录及照片，扣押物品、文件清单；被告人钟某、汪某、徐某的供述与辩解。 三、起诉书指控的故意伤害罪部分 2012年7月21日晚，因被害人刘某乙向被告人钟某索要债务一事，被告人钟某与被害人刘某乙发生争执。被告人钟某遂与被告人王某甲进行联系，被告人王某甲即指使被告人倪某及“阿浩”（另案处理）等人参与。2012年7月22日凌晨，在本市织里镇利济寺边烧烤摊，被告人钟某、倪某及范陈（另案处理）等人采用刀砍、柜子打、持枪威胁等手段对被害人刘某乙进行殴打，并将刘某乙砍伤。经鉴定，被害人刘某乙的伤势已构成轻伤。 另查明，案发后，被告人王某甲的亲属代为赔偿被害人刘某乙损失共计人民币2万元整，被害人刘某乙对被告人王某甲表示谅解。 上述事实有经当庭举证、质证，经本院确认的如下证据予以证实：被害人刘某乙的陈述；证人汤某乙、张某、任某、王某丁的证言；病历资料，收条，谅解书；辨认笔录及照片；吴公物鉴（法）字（2012）169号法医学人体损伤程度鉴定书；被告人钟某、王某甲、倪某的供述和辩解。 证明本案事实的证据还有人口信息、户籍证明，（2005）湖吴刑初字第130号、（2010）湖吴刑一初字第58号、（2011）湖吴刑一初字第306号刑事判决书，释放证明书，湖浔公决字（2009）第365号、湖吴公决字（2008）第1705号、湖吴公决字（2008）第1124号、湖吴公决字（2011）第580号、湖吴公决字（2010）第1743号、湖吴公决字（2011）第2144号、长公决字（2005）第4442号、湖织公决字（2012）第206号公安行政处罚决定书，公安机关出具的抓获经过、情况说明。 ","cpfxgc":"本院认为，被告人方某、倪某、李某甲、王某甲违反枪支管理规定，非法持有枪支，其行为均已构成非法持有枪支罪。被告人钟某、汪某、徐某以营利为目的，聚众赌博，从中抽头渔利，其行为均已构成赌博罪。被告人钟某、王某甲、倪某故意伤害他人身体，其行为均已构成故意伤害罪。公诉机关对各被告人指控的罪名均成立，依法应予分别惩处。其中被告人倪某、钟某、王某甲依法应数罪并罚。在故意伤害中，被告人王某甲在得知被告人钟某与被害人刘某乙起争执后，积极主动联系并指使被告人倪某等人参与，在共同犯罪中起主要作用，辩护人关于被告人王某甲系从犯的辩护意见不予采纳。被告人钟某、汪某在赌博犯罪中起主要作用，属主犯，按照其所参与或组织的全部犯罪处罚；被告人徐某在赌博犯罪中负责看场子，在共同犯罪中起次要作用，属从犯，依法应当从轻、减轻或者免除处罚。被告人钟某、王某甲曾因故意犯罪被判处有期徒刑以上刑罚，刑罚执行完毕以后，在五年内再犯应当判处有期徒刑以上刑罚之罪，系累犯，依法从重处罚。被告人钟某因故意伤害被公安机关传唤到案后，主动交代了公安机关尚未掌握的其赌博罪的犯罪事实，赌博罪属自首，依法可以从轻处罚。被告人钟某到案后如实供述自己故意伤害罪的犯罪事实，依法可以从轻处罚。被告人方某、倪某、李某甲、王某甲、汪某、徐某到案后能如实供述自己的犯罪事实并当庭自愿认罪，依法可以从轻处罚。被告人方某、倪某、李某甲、钟某、王某甲、汪某、徐某均具有违法劣迹，酌情从重处罚。被告人汪某能主动退缴赃款，酌情从轻处罚。被告人王某甲能主动赔偿被害人损失，并取得被害人谅解，酌情从轻处罚。综上，依照《中华人民共和国刑法》第一百二十八条第一款，第三百零三条第一款，第二百三十四条第一款，第二十五条第一款，第二十六条第一款、第四款，第二十七条，第六十五条第一款，第六十七条第二款、第三款，第六十九条，第七十二条第一款、第三款，第七十三条，第五十二条，第五十三条，第六十四条之规定，判决如下：","pjjg":" 一、被告人方某犯非法持有枪支罪，判处有期徒刑一年（刑期从判决执行之日起计算。判决执行以前先行羁押的，羁押一日折抵刑期一日。即刑期自2012年9月28日起至2013年9月27日止）。 二、被告人倪某犯非法持有枪支罪，判处有期徒刑一年；犯故意伤害罪，判处有期徒刑一年六个月，决定执行有期徒刑二年三个月（刑期从判决执行之日起计算。判决执行以前先行羁押的，羁押一日折抵刑期一日。即刑期自2012年9月28日起至2014年12月27日止）。 三、被告人李某甲犯非法持有枪支罪，判处有期徒刑十一个月（刑期从判决执行之日起计算。判决执行以前先行羁押的，羁押一日折抵刑期一日。即刑期自2012年9月28日起至2013年8月27日止）。 四、被告人钟某犯赌博罪，判处有期徒刑一年，并处罚金人民币十万元；犯故意伤害罪，判处有期徒刑二年。决定执行有期徒刑二年九个月，并处罚金人民币十万元（刑期从判决执行之日起计算。判决执行以前先行羁押的，羁押一日折抵刑期一日。即刑期自2012年10月24日起至2015年7月23日止。罚金限于本判决生效之日起十五日内缴纳）。 五、被告人王某甲犯非法持有枪支罪，判处有期徒刑十个月；犯故意伤害罪，判处有期徒刑一年。决定执行有期徒刑一年七个月（刑期从判决执行之日起计算。判决执行以前先行羁押的，羁押一日折抵刑期一日。即刑期自2012年11月1日起至2014年5月31日止）。 六、被告人汪某犯赌博罪，判处有期徒刑九个月，缓刑一年，并处罚金人民币五万元（缓刑考验期限从判决确定之日起计算。罚金限于本判决生效之日起十五日内缴纳）。 七、被告人徐某犯赌博罪，判处拘役三个月，缓刑六个月，并处罚金人民币八千元（缓刑考验期限从判决确定之日起计算。罚金限于本判决生效之日起十五日内缴纳）。 八、退缴在公安机关的赃款人民币二万元，予以没收，上缴国库，由扣押机关处理。 九、扣押于公安机关的自制霰弹枪一支及自制霰弹二枚，予以没收，由公安机关处理。 如不服本判决，可在接到判决书的第二日起十日内，通过本院或者直接向浙江省湖州市中级人民法院提出上诉。书面上诉的，应提交上诉状正本一份，副本二份。","qw":"湖州市吴兴区人民法院 刑事判决书 （2013）湖吴刑二初字第143号 公诉机关湖州市吴兴区人民检察院。 被告人方某，小名“刚子”，男，1978年12月15日出生，汉族，小学文化，出生地安徽省淮南市，城镇居民。2011年4月2日因吸毒被湖州市公安局吴兴区分局行政拘留十五日。因本案于2012年9月28日被湖州市公安局织里分局刑事拘留，同年11月2日被依法逮捕。现羁押于湖州市看守所。 辩护人韩小平，浙江金鼎律师事务所律师。 被告人倪某，男，1988年5月25日出生，汉族，初中文化，出生地安徽省芜湖市，城镇居民。2011年10月21日因冒用他人身份证被湖州市公安局吴兴区分局行政拘留十日。因本案于2012年9月28日被湖州市公安局织里分局刑事拘留，同年11月2日被依法逮捕。现羁押于湖州市看守所。 被告人李某甲，曾用名“李峰”，男，1983年5月7日出生，汉族，初中文化，出生地辽宁省海城市，农村居民。2005年3月10日因犯敲诈勒索罪被湖州市吴兴区人民法院判处有期徒刑九个月，缓刑一年；又因吸毒于2010年7月6日被湖州市公安局吴兴区分局行政拘留十五日。因本案于2012年9月28日被湖州市公安局织里分局刑事拘留，同年11月2日被依法逮捕。现羁押于湖州市看守所。 被告人钟某，小名“阿钟”，男，1975年11月4日出生，汉族，初中文化，出生地安徽省蚌埠市，农村居民。因赌博于2009年3月29日被湖州市公安局南浔区分局罚款人民币五百元，因犯赌博罪于2011年9月15日被湖州市吴兴区人民法院判处有期徒刑一年三个月，并处罚金人民币十万元，2012年1月21日刑满释放。因本案于2012年10月24日被湖州市公安局织里分局刑事拘留，同年11月30日被依法逮捕。现羁押于湖州市看守所。 辩护人陈杰，浙江南太湖律师事务所律师。 被告人王某甲，绰号“三国”，男，1977年8月9日出生，汉族，小学文化，出生地安徽省肥东县，农村居民。因故意伤害罪于1998年11月被安徽省肥东县人民法院判处有期徒刑三年，缓刑四年。因嫖娼于2005年10月1日被浙江省长兴县公安局警告并罚款人民币四千元。因吸毒、赌博于2008年6月被湖州市公安局吴兴区分局行政拘留十五日并罚款人民币五百元。因犯寻衅滋事罪于2010年3月23日被湖州市吴兴区人民法院判处有期徒刑十个月，2010年11月24日刑满释放。因本案于2012年11月1日被湖州市公安局织里分局刑事拘留，同年11月30日被依法逮捕。现羁押于湖州市看守所。 辩护人朱平儿，浙江金鼎律师事务所律师。 被告人汪某，绰号“大崽”，男，1975年11月9日出生，汉族，初中文化，出生地安徽省郎溪县，农村居民。因非法限制人身自由于2008年8月18日被湖州市公安局吴兴区分局行政拘留十五日。因本案于2012年10月25日被湖州市公安局织里分局刑事拘留，同年11月16日被取保候审。现在居住地候审。 被告人徐某，绰号“大龙”，男，1980年9月28日出生，汉族，初中文化，出生地安徽省广德县，农村居民。因寻衅滋事于2012年10月11日被湖州市公安局织里分局行政拘留十五日。因本案于2012年10月26日被湖州市公安局织里分局刑事拘留，同年11月23日被取保候审。现在居住地候审。 湖州市吴兴区人民检察院以湖吴检刑诉（2013）10号起诉书指控被告人方某、李某甲犯非法持有枪支罪，被告人倪某犯非法持有枪支罪、故意伤害罪，被告人钟某犯赌博罪、故意伤害罪，被告人王某甲犯非法持有枪支罪、故意伤害罪，被告人汪某、徐某犯赌博罪，于2013年6月13日向本院提起公诉。本院受理后，适用简易程序，依法组成合议庭，公开开庭审理了本案。湖州市吴兴区人民检察院指派检察员谈根源出庭支持公诉，被告人方某及其辩护人韩小平，被告人倪某、李某甲，被告人钟某及其辩护人陈杰，被告人王某甲及其辩护人朱平儿，被告人汪某、徐某到庭参加诉讼。本案现已审理终结。 被告人方某、倪某、李某甲、钟某、王某甲、汪某、徐某对起诉书指控的犯罪事实及罪名均无异议，并当庭表示自愿认罪。 被告人方某的辩护人对起诉书指控的犯罪事实及罪名均无异议，但认为被告人方某具有坦白情节，且系初犯、偶犯，犯罪情节较轻、社会危害不大，请求法庭予以从轻处罚并对其适用缓刑。 被告人钟某的辩护人对起诉书指控的犯罪事实和罪名均无异议，但认为被告人钟某参与赌博时间短、后果轻；故意伤害罪部分被害人有过错，具有偶然性，且被告人钟某具有坦白情节。请求法庭从轻处罚。 被告人王某甲的辩护人对起诉书指控的犯罪事实和罪名均无异议，并提出如下辩护意见：1、被告人王某甲非法持有枪支时间较短，从未使用，且该自制枪支射伤力低，故王某甲情节较轻、危害不大。2、故意伤害罪部分，被害人具有过错，王某甲在故意伤害中起次要作用，属从犯，且被告人王某甲积极赔偿，取得被害人谅解。3、被告人王某甲具有坦白情节。请求法庭予以从轻处罚。 经审理查明： 一、起诉书指控的非法持有枪支罪部分 2011年7、8月份至10月中旬，被告人方某从安徽老家携带自制双管猎枪一支、子弹二枚到本市织里镇，并将该枪放于本市三济桥租房内。 2012年3、4月间，被告人方某又将该枪从安徽老家带至本市织里镇非法持有。后被告人方某将该猎枪一支及子弹二枚交给被告人倪某非法持有。 2012年5、6月间，被告人王某甲从被告人倪某处获得该猎枪一支及子弹二枚并非法持有。后被告人王某甲将该枪交还被告人倪某。 2012年9月份，被告人倪某又将该猎枪一支及子弹二枚交给被告人李某甲并由李某甲非法持有。 2012年9月28日，公安机关在本市吴兴区织里镇富民中路419号301室李某甲租房内当场查获该猎枪一支及子弹二枚。经湖州市公安局物证鉴定所鉴定，该疑似枪支为自制霰弹枪，子弹为自制霰弹。经浙江省公安司法鉴定中心鉴定，该疑似枪支为枪支。案发后，该自制霰弹枪一支及自制霰弹二枚已被公安机关扣押。 上述事实有经当庭举证、质证，经本院确认的如下证据予以证实：证人陈某甲、曹某的证言；辨认笔录及照片，搜查笔录及扣押物品、文件清单及照片；浙江省公安司法鉴定中心鉴定文书及被告人方某、倪某、王某甲、李某甲的供述和辩解。 二、起诉书指控的赌博罪部分 2012年8月至9月期间，被告人钟某单独或伙同汪某、徐某等人在湖州市织里镇富康农庄、南浔区旧馆镇、吴兴区环渚乡等地多次组织他人聚众赌博，并抽头渔利。其中被告人钟某组织聚众赌博11次，抽头获利共计人民币95000元，被告人汪某组织聚众赌博5次，抽头获利共计人民币44000元，被告人徐某两次帮助被告人钟某看场子，共计获利人民币400余元。具体分述如下： 1、2012年8月上旬的一天晚上，被告人钟某在本市织里镇富康农庄组织人员聚众赌博，抽头获利人民币5000余元。 2、2012年8月上旬的一天晚上，被告人钟某在本市织里镇富康农庄组织人员聚众赌博，抽头获利人民币8000余元。 3、2012年8月中旬的一天晚上，被告人钟某在本市织里镇富康农庄组织人员聚众赌博，抽头获利人民币10000余元。 4、2012年8月中旬的一天晚上，被告人钟某伙同徐某在本市南浔区旧馆镇载旺村太保桥14号聚众赌博，抽头获利人民币8000余元，被告人徐某负责看场子，获利人民币200余元。 5、2012年8月中旬的一天晚上，被告人钟某在本市环渚乡金桥村20号聚众赌博，抽头获利人民币10000余元。 6、2012年8月下旬的一天晚上，被告人钟某伙同徐某在本市双丰村11号聚众赌博，抽头获利人民币10000余元；被告人徐某负责看场子，获利人民币200余元。 7、2012年8月下旬的一天晚上，被告人钟某伙同汪某在本市织里镇富康农庄组织人员聚众赌博，抽头获利人民币8000余元； 8、2012年8月下旬的一天晚上，被告人钟某伙同汪某在本市环渚乡茶花兜6号组织人员聚众赌博，抽头获利人民币6000余元。 9、2012年9月上旬的一天晚上，被告人钟某伙同汪某在本市环渚乡双丰村11号组织人员聚众赌博，抽头获利人民币11000余元。 10、2012年9月上旬的一天晚上，被告人钟某伙同汪某在本市环渚乡双丰村83号组织人员聚众赌博，抽头获利人民币9000余元。 11、2012年9月上旬的一天晚上，被告人钟某伙同汪某在本市环渚乡双丰村83号组织人员聚众赌博，抽头获利人民币10000余元。 案发后，被告人汪某向湖州市公安局织里分局退缴赃款人民币2万元整。 上述事实有经当庭举证、质证，经本院确认的如下证据予以证实：证人汤某甲、陈某乙、李某乙、王某乙、刘某甲、王某丙、潘某甲、李某丙、唐某、夏某、朱某、潘某乙、金某的证言；辨认笔录及照片，扣押物品、文件清单；被告人钟某、汪某、徐某的供述与辩解。 三、起诉书指控的故意伤害罪部分 2012年7月21日晚，因被害人刘某乙向被告人钟某索要债务一事，被告人钟某与被害人刘某乙发生争执。被告人钟某遂与被告人王某甲进行联系，被告人王某甲即指使被告人倪某及“阿浩”（另案处理）等人参与。2012年7月22日凌晨，在本市织里镇利济寺边烧烤摊，被告人钟某、倪某及范陈（另案处理）等人采用刀砍、柜子打、持枪威胁等手段对被害人刘某乙进行殴打，并将刘某乙砍伤。经鉴定，被害人刘某乙的伤势已构成轻伤。 另查明，案发后，被告人王某甲的亲属代为赔偿被害人刘某乙损失共计人民币2万元整，被害人刘某乙对被告人王某甲表示谅解。 上述事实有经当庭举证、质证，经本院确认的如下证据予以证实：被害人刘某乙的陈述；证人汤某乙、张某、任某、王某丁的证言；病历资料，收条，谅解书；辨认笔录及照片；吴公物鉴（法）字（2012）169号法医学人体损伤程度鉴定书；被告人钟某、王某甲、倪某的供述和辩解。 证明本案事实的证据还有人口信息、户籍证明，（2005）湖吴刑初字第130号、（2010）湖吴刑一初字第58号、（2011）湖吴刑一初字第306号刑事判决书，释放证明书，湖浔公决字（2009）第365号、湖吴公决字（2008）第1705号、湖吴公决字（2008）第1124号、湖吴公决字（2011）第580号、湖吴公决字（2010）第1743号、湖吴公决字（2011）第2144号、长公决字（2005）第4442号、湖织公决字（2012）第206号公安行政处罚决定书，公安机关出具的抓获经过、情况说明。 本院认为，被告人方某、倪某、李某甲、王某甲违反枪支管理规定，非法持有枪支，其行为均已构成非法持有枪支罪。被告人钟某、汪某、徐某以营利为目的，聚众赌博，从中抽头渔利，其行为均已构成赌博罪。被告人钟某、王某甲、倪某故意伤害他人身体，其行为均已构成故意伤害罪。公诉机关对各被告人指控的罪名均成立，依法应予分别惩处。其中被告人倪某、钟某、王某甲依法应数罪并罚。在故意伤害中，被告人王某甲在得知被告人钟某与被害人刘某乙起争执后，积极主动联系并指使被告人倪某等人参与，在共同犯罪中起主要作用，辩护人关于被告人王某甲系从犯的辩护意见不予采纳。被告人钟某、汪某在赌博犯罪中起主要作用，属主犯，按照其所参与或组织的全部犯罪处罚；被告人徐某在赌博犯罪中负责看场子，在共同犯罪中起次要作用，属从犯，依法应当从轻、减轻或者免除处罚。被告人钟某、王某甲曾因故意犯罪被判处有期徒刑以上刑罚，刑罚执行完毕以后，在五年内再犯应当判处有期徒刑以上刑罚之罪，系累犯，依法从重处罚。被告人钟某因故意伤害被公安机关传唤到案后，主动交代了公安机关尚未掌握的其赌博罪的犯罪事实，赌博罪属自首，依法可以从轻处罚。被告人钟某到案后如实供述自己故意伤害罪的犯罪事实，依法可以从轻处罚。被告人方某、倪某、李某甲、王某甲、汪某、徐某到案后能如实供述自己的犯罪事实并当庭自愿认罪，依法可以从轻处罚。被告人方某、倪某、李某甲、钟某、王某甲、汪某、徐某均具有违法劣迹，酌情从重处罚。被告人汪某能主动退缴赃款，酌情从轻处罚。被告人王某甲能主动赔偿被害人损失，并取得被害人谅解，酌情从轻处罚。综上，依照《中华人民共和国刑法》第一百二十八条第一款，第三百零三条第一款，第二百三十四条第一款，第二十五条第一款，第二十六条第一款、第四款，第二十七条，第六十五条第一款，第六十七条第二款、第三款，第六十九条，第七十二条第一款、第三款，第七十三条，第五十二条，第五十三条，第六十四条之规定，判决如下： 一、被告人方某犯非法持有枪支罪，判处有期徒刑一年（刑期从判决执行之日起计算。判决执行以前先行羁押的，羁押一日折抵刑期一日。即刑期自2012年9月28日起至2013年9月27日止）。 二、被告人倪某犯非法持有枪支罪，判处有期徒刑一年；犯故意伤害罪，判处有期徒刑一年六个月，决定执行有期徒刑二年三个月（刑期从判决执行之日起计算。判决执行以前先行羁押的，羁押一日折抵刑期一日。即刑期自2012年9月28日起至2014年12月27日止）。 三、被告人李某甲犯非法持有枪支罪，判处有期徒刑十一个月（刑期从判决执行之日起计算。判决执行以前先行羁押的，羁押一日折抵刑期一日。即刑期自2012年9月28日起至2013年8月27日止）。 四、被告人钟某犯赌博罪，判处有期徒刑一年，并处罚金人民币十万元；犯故意伤害罪，判处有期徒刑二年。决定执行有期徒刑二年九个月，并处罚金人民币十万元（刑期从判决执行之日起计算。判决执行以前先行羁押的，羁押一日折抵刑期一日。即刑期自2012年10月24日起至2015年7月23日止。罚金限于本判决生效之日起十五日内缴纳）。 五、被告人王某甲犯非法持有枪支罪，判处有期徒刑十个月；犯故意伤害罪，判处有期徒刑一年。决定执行有期徒刑一年七个月（刑期从判决执行之日起计算。判决执行以前先行羁押的，羁押一日折抵刑期一日。即刑期自2012年11月1日起至2014年5月31日止）。 六、被告人汪某犯赌博罪，判处有期徒刑九个月，缓刑一年，并处罚金人民币五万元（缓刑考验期限从判决确定之日起计算。罚金限于本判决生效之日起十五日内缴纳）。 七、被告人徐某犯赌博罪，判处拘役三个月，缓刑六个月，并处罚金人民币八千元（缓刑考验期限从判决确定之日起计算。罚金限于本判决生效之日起十五日内缴纳）。 八、退缴在公安机关的赃款人民币二万元，予以没收，上缴国库，由扣押机关处理。 九、扣押于公安机关的自制霰弹枪一支及自制霰弹二枚，予以没收，由公安机关处理。 如不服本判决，可在接到判决书的第二日起十日内，通过本院或者直接向浙江省湖州市中级人民法院提出上诉。书面上诉的，应提交上诉状正本一份，副本二份。 审判长王进炎 人民陪审员姚心田 人民陪审员陆雪英 二〇一三年七月二十三日 书记员鲍俊","writId":"011729085344a6d48a2453b0713cca85236","writName":"方某、李某甲等非法持有、私藏枪支、弹药罪，倪某、钟某等故意伤害罪等一审刑事判决书"}
