{"ajId":"dbf03f94-4c31-48ac-b032-b7caeeb2d277","ajName":"刘峰故意伤害罪一案","ajjbqk":" 萧县人民检察院指控：2019年2月5日晚，在萧县酒店乡派出所内，被告人刘峰因被害人祁某手机密码解锁问题，对被害人祁某踢打致伤，经鉴定，被害人祁某左眼部损伤程度为轻微伤；鼻部部损伤程度为轻伤二级；胸部损伤程度为轻伤一级。 针对上述指控，公诉机关当庭宣读并出示了被告人供述和辩解、被害人陈述、证人证言及相关书证等，认为被告人刘峰的行为触犯刑律，构成故意伤害罪，提请本院依据《中华人民共和国刑法》第二百三十四条第一款之规定，予以惩处。 被告人刘峰对指控的事实及罪名不持异议。 经审理查明：2019年2月5日晚21时许，萧县马井镇道口村村民祁某酒后进入萧县酒店乡酒店村其前妻高英家中，后高英回家与其发生争吵，高英之兄高大昌、弟高大太闻讯赶到现场，双方发生厮打。在厮打中，被害人祁某倒地。萧县公安局酒店派出所接警后，由民警侯孝付带领辅警刘峰、王光亮等人到达现场，将祁某口头传唤至酒店派出所进行调查。在酒店派出所南楼一楼办公室内，被告人刘峰因祁某手机密码解锁问题，对被害人祁某踢打，致其受伤。经法医鉴定，被害人祁某左眼部损伤程度为轻微伤；鼻部损伤程度为轻伤二级；胸部损伤程度为轻伤一级（该处致伤原因不能确定）。 另查明：就损害赔偿，双方当事人自愿协商达成一致协议：被告人刘峰一次性赔偿被害人祁某经济损失24万元，被害人祁某对被告人刘峰的行为表示谅解。2019年2月12日被告人刘峰主动到案，归案时没有如实供述基本犯罪事实。后在侦查阶段，如实供述了基本犯罪事实。 上述事实，有下列经庭审举证、质证的证据证实，本院予以确认： （一）书证 1、户籍信息，证明被告人刘峰的出生日期等自然情况。 2、发破案及到案经过，证明2019年2月5日，被害人祁某因婚姻纠纷被殴打，后被酒店派出所出警人员带至派出所，被害人祁某向督察部门反映其在酒店派出所被殴打致伤。2019年2月12日被告人刘峰到萧县公安局说明情况，归案后没有如实供述基本犯罪事实。 3、前科查询证明，证明被告人刘峰无违法犯罪前科。 4、调解协议书、谅解书及收条，证明双方当事人自愿达成一致协议：被告人刘峰一次性赔偿被害人祁某经济损失计24万元，被害人祁某对被告人刘峰的行为表示谅解。 （二）现场勘查笔录、现场图及现场照片，证明案发现场在酒店派出所南楼一楼办公室内。 （三）鉴定意见《萧县公安司法鉴定中心（萧）公（司）鉴（损伤）字［2019］120号法医学人体损伤程度鉴定书》，证明被害人祁某左眼部损伤程度为轻微伤；鼻部损伤程度为轻伤二级；胸部损伤程度为轻伤一级。 （四）证人证言 1、侯孝付证明，2019年2月5日晚21时许，他在酒店派出所接到110指挥中心报警电话，即带领辅警刘峰、王光亮、孙武广出警，由刘峰驾驶皖L×××××号警车赶赴现场，在酒店街东头，发现七八人正在争吵。经了解，起因是祁某没有经过其前妻高英允许进入其家，高英之兄打电话报警，现场人说祁某与其前妻的兄弟厮打在一起，孙武标拉架亦被打倒几次。他们将醉酒的祁某带至酒店派出所，祁某拿出手机要给民警发红包被制止。在萧县酒店派出所一楼办公室内，他上网核查祁某身份信息时，刘峰用脚踢打了祁某屁股和头部，致其倒地受伤，他随即安排刘峰带其到酒店卫生院包扎。 2、王光亮证明，2019年2月5日晚21时许，他在酒店派出所上班时，随侯孝付警官与辅警刘峰、孙武广等一起出警，由刘峰驾驶皖L×××××号警车到达现场，报警人称其妹妹的前夫酒后进入妹妹家不走，因此报警，他们将那醉酒男子带到派出所，该男子在车上用手机录像，还要给民警发红包。在萧县酒店派出所一楼办公室内，侯孝付上网核查该男子身份信息时，刘峰要那男子的手机密码，但几次解码都没有成功，就用脚踢了该男子两脚，致其倒地受伤流血，他们随即带其到酒店卫生院包扎。 3、孙武广证明，2019年2月5日晚21时许，他在酒店派出所上班，随侯孝付与刘峰、王光亮一起出警，刘峰驾驶皖L×××××号警车到达现场，报警的原因是祁某酒后进入其前妻家中，他们将祁某带到派出所。之后，他因为身体不舒服到二楼服药，后下楼看到祁某脸上流血，他和刘峰等人随即带其到酒店卫生院包扎。 4、孙武标证明，2019年2月5日晚21时许，高英打电话说祁某进入其家，他随即赶到高英家，见高英和其女儿孙贝贝与祁某正在争吵，他劝醉酒的祁某先回去，后高英的哥哥和弟弟赶来，要求祁某不要再骚扰高英孤儿寡母的生活，祁某仍不愿意离开。在这种情况下，高英的兄弟俩上前打祁某，祁某与他俩对打，双方拳打脚踢，相互厮打在一起，他上前拉架，厮打有十几分钟。因为高英家正在建房，地上到处是砖头、钢筋等物，在拉架的过程中，他倒地两次，祁某也被打倒，后来有人报警，祁某被警车带离。他随后到派出所，看见祁某头部受伤流血，出警人正准备带其到医院包扎。 5、高英证明，2019年2月5日晚21时许，她与女儿孙贝贝回到家发现前夫祁某在家里，她说这么晚了酒后来她家干什么，赶其走，祁某不愿意走，孙贝贝要报警，祁某就骂孙贝贝，她于是给尚凤玲打电话让其来劝走祁某，后来尚凤玲的丈夫孙武标赶来劝祁某回家，祁某仍然不愿意走，她哥哥和弟弟来到后与祁某厮打起来，孙武标在拉架过程中被地上的建筑材料绊倒，厮打有十几分钟，警车赶来，才把祁某带离。 6、孟雪华证明，2019年2月5日晚饭后，她看到高英的兄弟俩与祁某撕扯，孙武标跟着拉架。撕扯中，看到祁某被钢筋绊倒，后来警车赶来，把祁某带走。 7、高大太证明，他姐姐高英与祁某已离婚两年。2019年2月5日晚饭后，他得知祁某进入高英家并发生争吵，与哥哥高大昌一起赶到姐姐家，与祁某发生撕扯，孙武标拉架，他报警后警车赶来，把祁某带走。 8、孙贝贝证明，她母亲高英与继父祁某已经离婚两年多。2019年2月5日晚21时许，她与母亲回家发现祁某在家里，她和母亲赶祁某走，祁某一副醉酒的样子，不愿意走，她说再不走就要报警了，她母亲给尚凤玲打电话让其来劝走祁某，后来孙武标赶来劝祁某回家，祁某还是不愿意走，她舅舅高大昌、高大太来到后与祁某推搡、厮扯起来，高大太报警后警车赶来。 9、孟祥远证明，2019年2月5日晚23时左右，他在酒店卫生院上班，接诊了酒店派出所送来的一名外伤病人祁某，该患者左眉骨上方有外伤流血、鼻梁正中有处伤口，当晚予以清创缝合，后输液治疗。 10、王西泽证明，2019年2月7日12时许，他接诊了患者祁某，该患者第7-9根肋骨骨折，鼻骨亦有伤，入院时自称系被人打伤。 （五）被害人祁某的陈述，2019年2月5日晚上，他酒后到酒店村，自己拉开前妻高英家门进入房内，家中无人，后来高英和其女儿孙贝贝回家看到他就生气，双方发生争吵，高英之兄高大昌、弟高大太赶来要打他，被人拉住，酒店派出所警车也赶到，让他上警车，他就打开手机视频录像，并对出警人说“大过年的，我给你们发个红包吧”，出警人收走他的手机，他没有发成红包。到酒店乡派出所一楼大办公室内，有年轻的警员踢打他，他左眼受伤流血了，第二天发现腰部骨折。他当时醉酒中，不记得胸部的伤怎么造成的，只记得在派出所内被人踢打受伤。调解协议是他真实意思表示，赔偿款24万元已经给付，他不再追究刘峰的法律责任。高英家当时正在建房，院里到处都是砖头等建筑材料。 （六）被告人刘峰的供述，2019年2月5日晚21时许，接警后，将祁某口头传唤至酒店派出所进行调查。期间，祁某用手机录像，在萧县酒店乡派出所办公室内，他要看看祁某手机里录像的内容，就问祁某要其手机密码，祁某告诉他的手机密码几次解锁未成，他生气地踢了祁某屁股一脚，祁某因此骂他，他又踢其肩部，结果踢到其面部，祁某倒地，脸部受伤流血，即送其到酒店卫生院缝合救治。 ","cpfxgc":"本院认为：被告人刘峰故意伤害他人身体，致人轻伤二级，其行为已触犯刑律，构成故意伤害罪。萧县人民检察院指控被告人刘峰犯故意伤害罪的事实清楚，证据确实、充分，予以支持。被告人刘峰投案时没有如实供述基本犯罪事实，后在侦查阶段，如实供述了基本犯罪事实，成立坦白；已自愿赔偿被害人全部经济损失，并取得谅解，故予以从轻处罚。根据被告人的犯罪事实、性质、情节和对于社会的危害程度，依照《中华人民共和国刑法》第二百三十四条第一款、第六十七条第三款、第六十一条之规定，判决如下：","pjjg":" 被告人刘峰犯故意伤害罪，判处有期徒刑六个月。 （刑期从判决执行之日起计算；判决执行以前先行羁押的，羁押一日折抵刑期一日。即自2019年2月12日起至2019年8月11日止。） 如不服本判决，可在接到判决书的第二日起十日内，通过本院或者直接向宿州市中级人民法院提出上诉。书面上诉的，应当提交上诉状正本一份，副本二份。","qw":"安徽省萧县人民法院 刑事判决书 （2019）皖1322刑初247号 公诉机关安徽省萧县人民检察院。 被告人刘峰，男，1982年9月2日出生于安徽省萧县，汉族，高中文化，原萧县公安局酒店派出所辅警，住萧县。因涉嫌犯故意伤害罪，于2019年2月12日到萧县公安局投案，次日被刑事拘留，同年3月19日经萧县人民检察院批准、次日由萧县公安局执行逮捕，现羁押于萧县看守所。 萧县人民检察院以萧检检一刑诉［2019］105号起诉书指控被告人刘峰犯故意伤害罪，于2019年7月15日向本院提起公诉。本院依法组成合议庭，于2019年7月25日公开开庭进行了审理。萧县人民检察院指派检察员许某出庭支持公诉，被告人刘峰到庭参加诉讼，本案现已审理终结。 萧县人民检察院指控：2019年2月5日晚，在萧县酒店乡派出所内，被告人刘峰因被害人祁某手机密码解锁问题，对被害人祁某踢打致伤，经鉴定，被害人祁某左眼部损伤程度为轻微伤；鼻部部损伤程度为轻伤二级；胸部损伤程度为轻伤一级。 针对上述指控，公诉机关当庭宣读并出示了被告人供述和辩解、被害人陈述、证人证言及相关书证等，认为被告人刘峰的行为触犯刑律，构成故意伤害罪，提请本院依据《中华人民共和国刑法》第二百三十四条第一款之规定，予以惩处。 被告人刘峰对指控的事实及罪名不持异议。 经审理查明：2019年2月5日晚21时许，萧县马井镇道口村村民祁某酒后进入萧县酒店乡酒店村其前妻高英家中，后高英回家与其发生争吵，高英之兄高大昌、弟高大太闻讯赶到现场，双方发生厮打。在厮打中，被害人祁某倒地。萧县公安局酒店派出所接警后，由民警侯孝付带领辅警刘峰、王光亮等人到达现场，将祁某口头传唤至酒店派出所进行调查。在酒店派出所南楼一楼办公室内，被告人刘峰因祁某手机密码解锁问题，对被害人祁某踢打，致其受伤。经法医鉴定，被害人祁某左眼部损伤程度为轻微伤；鼻部损伤程度为轻伤二级；胸部损伤程度为轻伤一级（该处致伤原因不能确定）。 另查明：就损害赔偿，双方当事人自愿协商达成一致协议：被告人刘峰一次性赔偿被害人祁某经济损失24万元，被害人祁某对被告人刘峰的行为表示谅解。2019年2月12日被告人刘峰主动到案，归案时没有如实供述基本犯罪事实。后在侦查阶段，如实供述了基本犯罪事实。 上述事实，有下列经庭审举证、质证的证据证实，本院予以确认： （一）书证 1、户籍信息，证明被告人刘峰的出生日期等自然情况。 2、发破案及到案经过，证明2019年2月5日，被害人祁某因婚姻纠纷被殴打，后被酒店派出所出警人员带至派出所，被害人祁某向督察部门反映其在酒店派出所被殴打致伤。2019年2月12日被告人刘峰到萧县公安局说明情况，归案后没有如实供述基本犯罪事实。 3、前科查询证明，证明被告人刘峰无违法犯罪前科。 4、调解协议书、谅解书及收条，证明双方当事人自愿达成一致协议：被告人刘峰一次性赔偿被害人祁某经济损失计24万元，被害人祁某对被告人刘峰的行为表示谅解。 （二）现场勘查笔录、现场图及现场照片，证明案发现场在酒店派出所南楼一楼办公室内。 （三）鉴定意见《萧县公安司法鉴定中心（萧）公（司）鉴（损伤）字［2019］120号法医学人体损伤程度鉴定书》，证明被害人祁某左眼部损伤程度为轻微伤；鼻部损伤程度为轻伤二级；胸部损伤程度为轻伤一级。 （四）证人证言 1、侯孝付证明，2019年2月5日晚21时许，他在酒店派出所接到110指挥中心报警电话，即带领辅警刘峰、王光亮、孙武广出警，由刘峰驾驶皖L×××××号警车赶赴现场，在酒店街东头，发现七八人正在争吵。经了解，起因是祁某没有经过其前妻高英允许进入其家，高英之兄打电话报警，现场人说祁某与其前妻的兄弟厮打在一起，孙武标拉架亦被打倒几次。他们将醉酒的祁某带至酒店派出所，祁某拿出手机要给民警发红包被制止。在萧县酒店派出所一楼办公室内，他上网核查祁某身份信息时，刘峰用脚踢打了祁某屁股和头部，致其倒地受伤，他随即安排刘峰带其到酒店卫生院包扎。 2、王光亮证明，2019年2月5日晚21时许，他在酒店派出所上班时，随侯孝付警官与辅警刘峰、孙武广等一起出警，由刘峰驾驶皖L×××××号警车到达现场，报警人称其妹妹的前夫酒后进入妹妹家不走，因此报警，他们将那醉酒男子带到派出所，该男子在车上用手机录像，还要给民警发红包。在萧县酒店派出所一楼办公室内，侯孝付上网核查该男子身份信息时，刘峰要那男子的手机密码，但几次解码都没有成功，就用脚踢了该男子两脚，致其倒地受伤流血，他们随即带其到酒店卫生院包扎。 3、孙武广证明，2019年2月5日晚21时许，他在酒店派出所上班，随侯孝付与刘峰、王光亮一起出警，刘峰驾驶皖L×××××号警车到达现场，报警的原因是祁某酒后进入其前妻家中，他们将祁某带到派出所。之后，他因为身体不舒服到二楼服药，后下楼看到祁某脸上流血，他和刘峰等人随即带其到酒店卫生院包扎。 4、孙武标证明，2019年2月5日晚21时许，高英打电话说祁某进入其家，他随即赶到高英家，见高英和其女儿孙贝贝与祁某正在争吵，他劝醉酒的祁某先回去，后高英的哥哥和弟弟赶来，要求祁某不要再骚扰高英孤儿寡母的生活，祁某仍不愿意离开。在这种情况下，高英的兄弟俩上前打祁某，祁某与他俩对打，双方拳打脚踢，相互厮打在一起，他上前拉架，厮打有十几分钟。因为高英家正在建房，地上到处是砖头、钢筋等物，在拉架的过程中，他倒地两次，祁某也被打倒，后来有人报警，祁某被警车带离。他随后到派出所，看见祁某头部受伤流血，出警人正准备带其到医院包扎。 5、高英证明，2019年2月5日晚21时许，她与女儿孙贝贝回到家发现前夫祁某在家里，她说这么晚了酒后来她家干什么，赶其走，祁某不愿意走，孙贝贝要报警，祁某就骂孙贝贝，她于是给尚凤玲打电话让其来劝走祁某，后来尚凤玲的丈夫孙武标赶来劝祁某回家，祁某仍然不愿意走，她哥哥和弟弟来到后与祁某厮打起来，孙武标在拉架过程中被地上的建筑材料绊倒，厮打有十几分钟，警车赶来，才把祁某带离。 6、孟雪华证明，2019年2月5日晚饭后，她看到高英的兄弟俩与祁某撕扯，孙武标跟着拉架。撕扯中，看到祁某被钢筋绊倒，后来警车赶来，把祁某带走。 7、高大太证明，他姐姐高英与祁某已离婚两年。2019年2月5日晚饭后，他得知祁某进入高英家并发生争吵，与哥哥高大昌一起赶到姐姐家，与祁某发生撕扯，孙武标拉架，他报警后警车赶来，把祁某带走。 8、孙贝贝证明，她母亲高英与继父祁某已经离婚两年多。2019年2月5日晚21时许，她与母亲回家发现祁某在家里，她和母亲赶祁某走，祁某一副醉酒的样子，不愿意走，她说再不走就要报警了，她母亲给尚凤玲打电话让其来劝走祁某，后来孙武标赶来劝祁某回家，祁某还是不愿意走，她舅舅高大昌、高大太来到后与祁某推搡、厮扯起来，高大太报警后警车赶来。 9、孟祥远证明，2019年2月5日晚23时左右，他在酒店卫生院上班，接诊了酒店派出所送来的一名外伤病人祁某，该患者左眉骨上方有外伤流血、鼻梁正中有处伤口，当晚予以清创缝合，后输液治疗。 10、王西泽证明，2019年2月7日12时许，他接诊了患者祁某，该患者第7-9根肋骨骨折，鼻骨亦有伤，入院时自称系被人打伤。 （五）被害人祁某的陈述，2019年2月5日晚上，他酒后到酒店村，自己拉开前妻高英家门进入房内，家中无人，后来高英和其女儿孙贝贝回家看到他就生气，双方发生争吵，高英之兄高大昌、弟高大太赶来要打他，被人拉住，酒店派出所警车也赶到，让他上警车，他就打开手机视频录像，并对出警人说“大过年的，我给你们发个红包吧”，出警人收走他的手机，他没有发成红包。到酒店乡派出所一楼大办公室内，有年轻的警员踢打他，他左眼受伤流血了，第二天发现腰部骨折。他当时醉酒中，不记得胸部的伤怎么造成的，只记得在派出所内被人踢打受伤。调解协议是他真实意思表示，赔偿款24万元已经给付，他不再追究刘峰的法律责任。高英家当时正在建房，院里到处都是砖头等建筑材料。 （六）被告人刘峰的供述，2019年2月5日晚21时许，接警后，将祁某口头传唤至酒店派出所进行调查。期间，祁某用手机录像，在萧县酒店乡派出所办公室内，他要看看祁某手机里录像的内容，就问祁某要其手机密码，祁某告诉他的手机密码几次解锁未成，他生气地踢了祁某屁股一脚，祁某因此骂他，他又踢其肩部，结果踢到其面部，祁某倒地，脸部受伤流血，即送其到酒店卫生院缝合救治。 本院认为：被告人刘峰故意伤害他人身体，致人轻伤二级，其行为已触犯刑律，构成故意伤害罪。萧县人民检察院指控被告人刘峰犯故意伤害罪的事实清楚，证据确实、充分，予以支持。被告人刘峰投案时没有如实供述基本犯罪事实，后在侦查阶段，如实供述了基本犯罪事实，成立坦白；已自愿赔偿被害人全部经济损失，并取得谅解，故予以从轻处罚。根据被告人的犯罪事实、性质、情节和对于社会的危害程度，依照《中华人民共和国刑法》第二百三十四条第一款、第六十七条第三款、第六十一条之规定，判决如下： 被告人刘峰犯故意伤害罪，判处有期徒刑六个月。 （刑期从判决执行之日起计算；判决执行以前先行羁押的，羁押一日折抵刑期一日。即自2019年2月12日起至2019年8月11日止。） 如不服本判决，可在接到判决书的第二日起十日内，通过本院或者直接向宿州市中级人民法院提出上诉。书面上诉的，应当提交上诉状正本一份，副本二份。 审判长纵梅 人民陪审员李文化 人民陪审员张学光 二〇一九年七月二十五日 书记员张畅 附有关法律规定： 《中华人民共和国刑法》 第二百三十四条第一款故意伤害他人身体的，处三年以下有期徒刑、拘役或者管制。 第六十七条犯罪以后自动投案，如实供述自己的罪行的，是自首。对于自首的犯罪分子，可以从轻或者减轻处罚。其中，犯罪较轻的，可以免除处罚。 被采取强制措施的犯罪嫌疑人、被告人和正在服刑的罪犯，如实供述司法机关还未掌握的本人其他罪行的，以自首论。 犯罪嫌疑人虽不具有前两款规定的自首情节，但是如实供述自己罪行的，可以从轻处罚；因其如实供述自己罪行，避免特别严重后果发生的，可以减轻处罚。 第六十一条对于犯罪分子决定刑罚的时候，应当根据犯罪的事实、犯罪的性质、情节和对于社会的危害程度，依照本法的有关规定判处。","writId":"032f979286ce4f380a9302f77a1a7ddd240","writName":"刘峰故意伤害罪一审刑事判决书"}
