{"ajId":"8f3eb30f-48f7-4d69-929a-3dae2377a54b","ajName":"尹志忠抢劫一案","ajjbqk":" 贵州省独山县人民检察院指控，2013年10月23日11时许，被告人尹志忠为实施扒窃，乘坐独山县城关镇至上司镇墨寨的中巴客车，当车行至黑石关路段时，其用随身携带的刀片将车内乘客王某某的上衣口袋划破，扒窃得现金200元，被王某某当场发现。在被害人及车上群众实施抓捕过程中，尹志忠为抗拒抓捕，当即从身上掏出弹簧刀威胁司机开门并恐吓群众，后被群众制服。 贵州省独山县人民检察院认为，被告人尹志忠在公共交通工具上实施扒窃，被发现后为抗拒抓捕，当场持刀以暴力相威胁，其行为触犯了《中华人民共和国刑法》第二百六十九条、第二百六十三条之规定，应当以抢劫罪追究其刑事责任。建议对被告人尹志忠在十年至十二年有期徒刑的量刑幅度内予以量刑，并处罚金。 被告人尹志忠对公诉机关指控的犯罪事实、罪名有异议，辩解自己行为不是抗拒抓捕，仅构成盗窃罪，不构成抢劫罪。 辩护人汤仕君提出的辩护意见是：被告人尹志忠不是在交通工具上实施抢劫行为，而是盗窃行为，其系初犯，是在盗窃行为被发现后，抗拒抓捕持刀威胁，不应在十年以上有期徒刑的量刑幅度内予以量刑。 经审理查明：2013年10月23日11时许，被告人尹志忠携带扒窃作案工具刀片乘坐从独山县城关镇开往上司镇墨寨的贵J25157号客运中巴车，在车辆行至黑石关路段时，被告人尹志忠趁被害人王某某不备之机，用刀片将王某某的上衣口袋划破，扒窃得现金人民币200元，王某某发现被盗后，当场夺回被盗的200元现金，并与车上乘客对被告人尹志忠实施抓捕，在抓捕过程中，被告人尹志忠从身上掏出随身携带的弹簧刀威胁客运中巴车驾驶员打开车门，后被群众制服。被告人尹志忠归案后，如实供述了在公共交通工具上扒窃被发现后持弹簧刀威胁客运中巴车驾驶员打开车门，后被群众制服的事实经过。 上述事实，被告人尹志忠在开庭审理过程中亦表示无异议，且有被害人王某某关于案发当天自己被盗窃后，当场夺回被盗现金以及窃贼被发现后持刀威胁驾驶员打开车门经过的陈述；证人曾某林、梁某某关于案发当天乘坐的中巴车上有人偷东西被发现后，窃贼持一把约12公分长的匕首威胁驾驶员罗荣高打开车门经过的证言；证人罗荣某关于被小偷持刀威胁打开车门经过的证言，指认照片，公安局扣押物品、文件清单，弹簧刀一把、刀片一张，受案登记表、立案决定书、抓获经过以及被告人尹志忠的户籍证明等已经庭审质证的证据加以证明，本院予以采信。 ","cpfxgc":"本院认为，被告人尹志忠在公共交通工具上实施扒窃，被发现后为抗拒抓捕，当场持弹簧刀相威胁，其行为侵害了公私财物的所有权和他人的身体健康和生命安全，已转化为抢劫罪。为此，公诉机关指控被告人尹志忠犯抢劫罪的罪名成立，本院予以确认。 被告人尹志忠在公共交通工具上实施扒窃被发现后，为抗拒抓捕而当场持刀相威胁，刑法规定应处十年以上有期徒刑、无期徒刑或者死刑，并处罚金或者没收财产。被告人尹志忠归案后，如实供述在公共交通工具上扒窃被发现后持弹簧刀威胁客运中巴车驾驶员打开车门，后被群众制服的事实经过，是坦白，依法可以从轻处罚。被告人尹志忠关于“自己行为不是抗拒抓捕，仅构成盗窃罪，不构成抢劫罪”的辩解意见属于对法律的错误认识，本院不予采纳。辩护人汤仕君关于“被告人尹志忠不是在交通工具上实施抢劫行为，而是盗窃行为，其系初犯，是在盗窃行为被发现后，抗拒抓捕持刀威胁，不应在十年以上有期徒刑的量刑幅度内予以量刑”的辩护意见，经查，被告人尹志忠扒窃被发现后，为抗拒抓捕，当场持弹簧刀威胁驾驶员打开车门，其行为符合刑法关于转化型抢劫犯罪规定，侵害了公私财物的所有权和他人的身体健康和生命安全，应认定为在公共交通工具上抢劫，应处十年以上有期徒刑、无期徒刑或者死刑，并处罚金或者没收财产，故其辩护意见不能成立，本院不予采纳。鉴于被告人尹志忠具有坦白的法定可以从轻处罚的量刑情节，故公诉机关对被告人尹志忠提出的量刑建议符合法律规定，本院予以采纳。依照《中华人民共和国刑法》第二百六十九条、第二百六十三条第（二）项、第六十七条第三款、第六十四条、第五十二条的规定，判决如下：","pjjg":" 一、被告人尹志忠犯抢劫罪，判处有期徒刑十年，并处罚金人民币二千元。 （刑期从判决执行之日起计算。判决执行以前先行羁押的，羁押一日折抵刑期一日，即自2013年10月23日起至2023年10月22日止）。 （罚金限判决生效后三十日内缴纳完毕，逾期不缴纳或者不能全部缴纳的，强制缴纳，上缴国库）。 二、被告人尹志忠作案工具弹簧刀一把、刀片一张，予以没收。 如不服本判决，可自接到判决书的第二日起十日内，通过本院或者直接向贵州省黔南布依族苗族自治州中级人民法院提出上诉。书面上诉的，应交上诉状正本一份，副本二份。","qw":"贵州省独山县人民法院 刑事判决书 （2014）独刑初字第31号 公诉机关贵州省独山县人民检察院。 被告人尹志忠，男，1970年10月3日出生于贵州省瓮安县，汉族，小学文化程度，农民。因涉嫌盗窃罪于2013年10月23日被刑事拘留，同年11月5日被逮捕。现羁押于独山县看守所。 辩护人汤仕君，男，退休干部，住贵州省都匀市剑江路63号。 贵州省独山县人民检察院以独检刑诉（2013）255号起诉书指控被告人尹志忠犯抢劫罪，于2013年12月17日向本院提起公诉。在诉讼过程中，贵州省独山县人民检察院建议对案件进行补充侦查，本院于2014年3月27日收到补充材料后，依法重新计算审理期限。本院依法组成合议庭，公开开庭进行了审理。贵州省独山县人民检察院指派检察员孙忠宝出庭支持公诉，被告人尹志忠及其辩护人汤仕君均到庭参加诉讼。现已审理终结。 贵州省独山县人民检察院指控，2013年10月23日11时许，被告人尹志忠为实施扒窃，乘坐独山县城关镇至上司镇墨寨的中巴客车，当车行至黑石关路段时，其用随身携带的刀片将车内乘客王某某的上衣口袋划破，扒窃得现金200元，被王某某当场发现。在被害人及车上群众实施抓捕过程中，尹志忠为抗拒抓捕，当即从身上掏出弹簧刀威胁司机开门并恐吓群众，后被群众制服。 贵州省独山县人民检察院认为，被告人尹志忠在公共交通工具上实施扒窃，被发现后为抗拒抓捕，当场持刀以暴力相威胁，其行为触犯了《中华人民共和国刑法》第二百六十九条、第二百六十三条之规定，应当以抢劫罪追究其刑事责任。建议对被告人尹志忠在十年至十二年有期徒刑的量刑幅度内予以量刑，并处罚金。 被告人尹志忠对公诉机关指控的犯罪事实、罪名有异议，辩解自己行为不是抗拒抓捕，仅构成盗窃罪，不构成抢劫罪。 辩护人汤仕君提出的辩护意见是：被告人尹志忠不是在交通工具上实施抢劫行为，而是盗窃行为，其系初犯，是在盗窃行为被发现后，抗拒抓捕持刀威胁，不应在十年以上有期徒刑的量刑幅度内予以量刑。 经审理查明：2013年10月23日11时许，被告人尹志忠携带扒窃作案工具刀片乘坐从独山县城关镇开往上司镇墨寨的贵J25157号客运中巴车，在车辆行至黑石关路段时，被告人尹志忠趁被害人王某某不备之机，用刀片将王某某的上衣口袋划破，扒窃得现金人民币200元，王某某发现被盗后，当场夺回被盗的200元现金，并与车上乘客对被告人尹志忠实施抓捕，在抓捕过程中，被告人尹志忠从身上掏出随身携带的弹簧刀威胁客运中巴车驾驶员打开车门，后被群众制服。被告人尹志忠归案后，如实供述了在公共交通工具上扒窃被发现后持弹簧刀威胁客运中巴车驾驶员打开车门，后被群众制服的事实经过。 上述事实，被告人尹志忠在开庭审理过程中亦表示无异议，且有被害人王某某关于案发当天自己被盗窃后，当场夺回被盗现金以及窃贼被发现后持刀威胁驾驶员打开车门经过的陈述；证人曾某林、梁某某关于案发当天乘坐的中巴车上有人偷东西被发现后，窃贼持一把约12公分长的匕首威胁驾驶员罗荣高打开车门经过的证言；证人罗荣某关于被小偷持刀威胁打开车门经过的证言，指认照片，公安局扣押物品、文件清单，弹簧刀一把、刀片一张，受案登记表、立案决定书、抓获经过以及被告人尹志忠的户籍证明等已经庭审质证的证据加以证明，本院予以采信。 本院认为，被告人尹志忠在公共交通工具上实施扒窃，被发现后为抗拒抓捕，当场持弹簧刀相威胁，其行为侵害了公私财物的所有权和他人的身体健康和生命安全，已转化为抢劫罪。为此，公诉机关指控被告人尹志忠犯抢劫罪的罪名成立，本院予以确认。 被告人尹志忠在公共交通工具上实施扒窃被发现后，为抗拒抓捕而当场持刀相威胁，刑法规定应处十年以上有期徒刑、无期徒刑或者死刑，并处罚金或者没收财产。被告人尹志忠归案后，如实供述在公共交通工具上扒窃被发现后持弹簧刀威胁客运中巴车驾驶员打开车门，后被群众制服的事实经过，是坦白，依法可以从轻处罚。被告人尹志忠关于“自己行为不是抗拒抓捕，仅构成盗窃罪，不构成抢劫罪”的辩解意见属于对法律的错误认识，本院不予采纳。辩护人汤仕君关于“被告人尹志忠不是在交通工具上实施抢劫行为，而是盗窃行为，其系初犯，是在盗窃行为被发现后，抗拒抓捕持刀威胁，不应在十年以上有期徒刑的量刑幅度内予以量刑”的辩护意见，经查，被告人尹志忠扒窃被发现后，为抗拒抓捕，当场持弹簧刀威胁驾驶员打开车门，其行为符合刑法关于转化型抢劫犯罪规定，侵害了公私财物的所有权和他人的身体健康和生命安全，应认定为在公共交通工具上抢劫，应处十年以上有期徒刑、无期徒刑或者死刑，并处罚金或者没收财产，故其辩护意见不能成立，本院不予采纳。鉴于被告人尹志忠具有坦白的法定可以从轻处罚的量刑情节，故公诉机关对被告人尹志忠提出的量刑建议符合法律规定，本院予以采纳。依照《中华人民共和国刑法》第二百六十九条、第二百六十三条第（二）项、第六十七条第三款、第六十四条、第五十二条的规定，判决如下： 一、被告人尹志忠犯抢劫罪，判处有期徒刑十年，并处罚金人民币二千元。 （刑期从判决执行之日起计算。判决执行以前先行羁押的，羁押一日折抵刑期一日，即自2013年10月23日起至2023年10月22日止）。 （罚金限判决生效后三十日内缴纳完毕，逾期不缴纳或者不能全部缴纳的，强制缴纳，上缴国库）。 二、被告人尹志忠作案工具弹簧刀一把、刀片一张，予以没收。 如不服本判决，可自接到判决书的第二日起十日内，通过本院或者直接向贵州省黔南布依族苗族自治州中级人民法院提出上诉。书面上诉的，应交上诉状正本一份，副本二份。 审判长彭琳 审判员石雯 人民陪审员龙必祥 二〇一四年四月九日 书记员罗钧 附：相关的法律条文 《中华人民共和国刑法》第二百六十九条：犯盗窃、诈骗、抢夺罪，为窝藏赃物、抗拒抓捕或者毁灭罪证而当场使用暴力或者以暴力相威胁的，依照本法第二百六十三条的规定定罪处罚。 《中华人民共和国刑法》第二百六十三条：以暴力、胁迫或者其他方法抢劫公私财物的，处三年以上十年以下有期徒刑，并处罚金；有下列情形之一的，处十年以上有期徒刑、无期徒刑或者死刑，并处罚金或者没收财产： 入户抢劫的； 在公共交通工具上抢劫的； 抢劫银行或者其他金融机构的； 多次抢劫或者抢劫数额巨大的； 抢劫致人重伤、死亡的； 冒充军警人员抢劫的； 持枪抢劫的； 抢劫军用物资或者抢险、救灾、救济物资的。 《中华人民共和国刑法》第六十七条第三款：犯罪嫌疑人虽不具有前两款规定的自首情节，但是如实供述自己罪行的，可以从轻处罚；因其如实供述自己罪行，避免特别严重后果发生的，可以减轻处罚。 《中华人民共和国刑法》第五十二条：判处罚金，应当根据犯罪情节决定罚金数额。 《中华人民共和国刑法》第六十四条：犯罪分子违法所得的一切财物，应当予以追缴或者责令退赔；对被害人的合法财产，应当及时返还；违禁品和供犯罪所用的本人财物，应当予以没收。没收的财产和罚金，一律上缴国库，不得挪用和自行处理。","writId":"0096a8de65666a2ea4d2d73e7f9694ecfb3","writName":"尹志忠抢劫案刑事判决书"}
