{"ajId":"1e71b63f-19b6-4e13-8a72-44e320b00986","ajName":"王伟运输毒品罪一案","ajjbqk":" 西双版纳傣族自治州人民检察院指控：2014年11月28日21时39分许，被告人王伟冒用三某身份在云南省勐海县某某宾馆xx号开房，多次进出房间后，将房间门卡插于门上离开。22时40分许，被告人王伟与王军（另案处理）一起前往xx号房间将门卡拿走，23时40分许，王伟到xx号房间门口，准备将装有的毒品的包送往勐海县鑫海花园时遇民警检查，王伟欲逃跑被民警当场抓获，并从其所持包内查获毒品可疑物12件，净重6704克。经刑事科学技术鉴定，被查获的毒品可疑物系毒品甲基苯丙胺。 针对指控事实，公诉机关当庭提交了相关证据证实。公诉机关认为，被告人王伟运输毒品甲基苯丙胺6704克，其行为已触犯《中华人民共和国刑法》第三百四十七条第二款（一）项之规定，构成运输毒品罪，且犯罪事实清楚，证据确实充分。提请本院依法判处。 被告人王伟及其辩护人对公诉机关指控的罪名及犯罪事实均无异议，辩护人提出王伟受他人指使参与本案，且本案存在他人参与，未查清其他参与人直接影响王伟在本案中作用、地位的认定，王伟运输毒品的行为应当认定为未遂，认罪态度好的辩护意见，建议本院对王伟从轻、减轻处罚。 经审理查明，2014年11月28日21时39分许，被告人王伟为接取毒品冒用“三某”身份在云南省勐海县某某宾馆入住xx号房间，后王伟将房间门卡插于门上离开。当日22时许，一名男子将装有毒品的包送至xx号房间内。23时40分许，王伟返回xx号房间门口，欲将装有的毒品的包送往勐海县鑫海花园时遇民警检查，王伟欲逃跑被民警当场抓获，并从其所持包内查获毒品甲基苯丙胺片剂12件，净重6704克。 上述事实，有下列经当庭举证、质证的证据证实： 1、接受刑事案件登记表、抓获经过及抓获现场视频资料，证实本案来源及公安执勤人员抓获被告人王伟，查获毒品可疑物的时间、地点、经过，其中，民警抓捕王伟过程中王伟有逃跑抗拒抓捕的情节。 2、现场照片、检查、提取笔录及扣押物品清单，证实在被告人王伟指认下，将其所持号码为185＊＊＊＊5908手机卡1张，手机1部，姓名为“岩某”、“三某”、“张某”身份证3张，收款收据1份（开房费），银行卡6张，及涉案毒品可疑物等物证进行扣押的事实。 3、毒品取样笔录、毒品检验鉴定报告、鉴定结论通知书，证实被查获的可疑物经取样送检，鉴定为毒品甲基苯丙胺片剂。对该鉴定结论被告人王伟无异议。 4、辨认指认、笔录、称量记录及现场照片，证实被查获的毒品在被告人王伟指认下，经称量，净重6704克。 5、手机提取笔录、照片，证实被告人王伟所持手机号码案发前通话情况，其中，王伟所持185＊＊＊＊5908号码与其供称让自己开房、送东西的“陈哥”所持135＊＊＊＊6367号码案发当日共有6次通话。 6、勐海县某某宾馆监控视频资料、监控说明，证实2014年11月28日21时29分许，被告人王伟在勐海县某某宾馆开房入住xx号房间后离开。当日21时59分许，一名男子提着一个包进入xx号房间，后空手离开该房间的事实。 7、住宿证明、收款收据，证实2014年11月28日20时14分，一名男子使用“岩某”的身份证在勐海县南门大酒店登记入住；21时41分，一名男子使用“三某”的身份证在勐海县某某宾馆登记入住xx号房间的事实。 8、活动轨迹信息，证实被告人王伟及其所持姓名为“岩某”、“三某”、“张某”三张身份证案发前活动轨迹登记情况，其中，王伟对其冒用三张身份证使用登记的轨迹进行了确认，案发前王伟频繁往返于云南省景洪市至勐海县。 9、银行存取款交易明细，证实被告人王伟所持银行卡于2014年11月1日至2014年11月27日之间曾有人民币130000元、200000元两笔大额资金流转。 10、证人证言。 （1）证人王军证称，2014年11月28日21时许，其在被告人王伟的邀约下陪同王伟在勐海县某某宾馆开了一间房间，后二人离开在勐海县县城闲逛。期间，王伟接了一个电话后，二人曾返回某某宾馆后二人再次离开去外面吃烧烤。23时许，王伟又接到了电话，遂借了其摩托车独自返回某某宾馆，后再未出现。 （2）证人游某某证称，其系勐海县某某宾馆前台接待员。2014年11月28日22时许，一名骑着摩托车的男子曾提着一个包来到某某宾馆，其上前询问该男子有何事，该男子答找人遂径直走进了宾馆，一会该男子离开了宾馆。后两名公安民警让其协助打开xx号房间检查，其上楼后发现该房间门上插着房卡（房间未锁），遂打开房门见之前骑摩托车男子提着的包放置在房间内。后其开了306号房间配合民警工作。 11、户口证明、违法犯罪前科说明，证实被告人王伟的身份情况，以及王伟在户籍所在地无犯罪前科的事实。 12、被告人供述与辩解。 王伟供称，2014年11月28日，一名叫“陈哥”的男子邀约其到云南省勐海县，其当天来到勐海县并使用“岩某”的身份证在南门大酒店开房入住，后“陈哥”称自己很忙遂未能见面，其就去找在勐海县工作的老乡王军玩。其与王军在外面时，“陈哥”打电话给其让其帮忙随便在宾馆开间房间，其遂在王军的陪同下在勐海县某某宾馆使用“三某”的身份证开了xx号房间，并按照“陈哥”的指示将该房间的房卡插在门上就离开了。后其与王军曾返回该房间拿房间钥匙。大概过了1个小时，“陈哥”打电话让其去该房间里将一个包和房卡一起拿到勐海县鑫海花园交给“陈哥”，并承诺给其人民币6000元报酬，其猜想可能是什么违禁品。其遂返回该房间刚一开门就见民警冲出，转身逃跑未遂被抓获。 13、情况说明，证实被告人王伟供称的让其开房、送东西的男子“陈哥”，因其无法提供该男子的身份信息，现无法查证。 上列证据来源合法，内容客观、真实，并能相互印证，本院予以确认。 ","cpfxgc":"本院认为，被告人王伟无视国家对毒品的管理制度，明知是毒品仍进行运输，其行为已构成运输毒品罪。公诉机关指控被告人王伟构成运输毒品罪，证据确实、充分，罪名成立，本院予以支持。本案存在他人参与犯罪的可能性，且无法查清该事实直接影响对被告人王伟的量刑，故对王伟量刑时予以考虑。 关于被告人王伟的辩护人所提王伟属运输毒品未遂，认罪态度好的辩护意见，与已查明事实不符，本院不予采纳。 综上所述，根据被告人王伟犯罪的事实、性质、情节以及对社会的危害程度，依照《中华人民共和国刑法》第三百四十七第二款（一）项、第四十八条第一款、第五十七条第一款、第六十四条之规定，判决如下：","pjjg":" 一、被告人王伟犯运输毒品罪，判处死刑，缓期二年执行，剥夺政治权利终身，并处没收个人全部财产。 二、查获的毒品甲基苯丙胺片剂6704克，作案工具手机1部，依法没收。 如不服本判决，可在接到判决书的第二日起十日内，通过本院或者直接向云南省高级人民法院提出上诉。书面上诉的，应当提交上诉状正本一份，副本二份。","qw":"云南省西双版纳傣族自治州中级人民法院 刑事判决书 （2015）西刑初字第168号 公诉机关云南省西双版纳傣族自治州人民检察院。 被告人王伟，男，1990年3月1日出生，云南省景东彝族自治县人，汉族，小学文化，农民。因本案于2014年11月29日被刑事拘留，2015年1月6日被逮捕。现羁押于勐海县看守所。 辩护人丁传红，云南泰华律师事务所律师。 西双版纳傣族自治州人民检察院以西检公诉刑诉（2015）第131号起诉书指控被告人王伟犯运输毒品罪，于2015年5月27日向本院提起公诉。本院依法组成合议庭于2015年7月7日公开开庭审理本案，西双版纳傣族自治州人民检察院指派代理检察员陈小莲出庭支持公诉，被告人王伟及其辩护人丁传红到庭参加诉讼。本案现已审理终结。 西双版纳傣族自治州人民检察院指控：2014年11月28日21时39分许，被告人王伟冒用三某身份在云南省勐海县某某宾馆xx号开房，多次进出房间后，将房间门卡插于门上离开。22时40分许，被告人王伟与王军（另案处理）一起前往xx号房间将门卡拿走，23时40分许，王伟到xx号房间门口，准备将装有的毒品的包送往勐海县鑫海花园时遇民警检查，王伟欲逃跑被民警当场抓获，并从其所持包内查获毒品可疑物12件，净重6704克。经刑事科学技术鉴定，被查获的毒品可疑物系毒品甲基苯丙胺。 针对指控事实，公诉机关当庭提交了相关证据证实。公诉机关认为，被告人王伟运输毒品甲基苯丙胺6704克，其行为已触犯《中华人民共和国刑法》第三百四十七条第二款（一）项之规定，构成运输毒品罪，且犯罪事实清楚，证据确实充分。提请本院依法判处。 被告人王伟及其辩护人对公诉机关指控的罪名及犯罪事实均无异议，辩护人提出王伟受他人指使参与本案，且本案存在他人参与，未查清其他参与人直接影响王伟在本案中作用、地位的认定，王伟运输毒品的行为应当认定为未遂，认罪态度好的辩护意见，建议本院对王伟从轻、减轻处罚。 经审理查明，2014年11月28日21时39分许，被告人王伟为接取毒品冒用“三某”身份在云南省勐海县某某宾馆入住xx号房间，后王伟将房间门卡插于门上离开。当日22时许，一名男子将装有毒品的包送至xx号房间内。23时40分许，王伟返回xx号房间门口，欲将装有的毒品的包送往勐海县鑫海花园时遇民警检查，王伟欲逃跑被民警当场抓获，并从其所持包内查获毒品甲基苯丙胺片剂12件，净重6704克。 上述事实，有下列经当庭举证、质证的证据证实： 1、接受刑事案件登记表、抓获经过及抓获现场视频资料，证实本案来源及公安执勤人员抓获被告人王伟，查获毒品可疑物的时间、地点、经过，其中，民警抓捕王伟过程中王伟有逃跑抗拒抓捕的情节。 2、现场照片、检查、提取笔录及扣押物品清单，证实在被告人王伟指认下，将其所持号码为185＊＊＊＊5908手机卡1张，手机1部，姓名为“岩某”、“三某”、“张某”身份证3张，收款收据1份（开房费），银行卡6张，及涉案毒品可疑物等物证进行扣押的事实。 3、毒品取样笔录、毒品检验鉴定报告、鉴定结论通知书，证实被查获的可疑物经取样送检，鉴定为毒品甲基苯丙胺片剂。对该鉴定结论被告人王伟无异议。 4、辨认指认、笔录、称量记录及现场照片，证实被查获的毒品在被告人王伟指认下，经称量，净重6704克。 5、手机提取笔录、照片，证实被告人王伟所持手机号码案发前通话情况，其中，王伟所持185＊＊＊＊5908号码与其供称让自己开房、送东西的“陈哥”所持135＊＊＊＊6367号码案发当日共有6次通话。 6、勐海县某某宾馆监控视频资料、监控说明，证实2014年11月28日21时29分许，被告人王伟在勐海县某某宾馆开房入住xx号房间后离开。当日21时59分许，一名男子提着一个包进入xx号房间，后空手离开该房间的事实。 7、住宿证明、收款收据，证实2014年11月28日20时14分，一名男子使用“岩某”的身份证在勐海县南门大酒店登记入住；21时41分，一名男子使用“三某”的身份证在勐海县某某宾馆登记入住xx号房间的事实。 8、活动轨迹信息，证实被告人王伟及其所持姓名为“岩某”、“三某”、“张某”三张身份证案发前活动轨迹登记情况，其中，王伟对其冒用三张身份证使用登记的轨迹进行了确认，案发前王伟频繁往返于云南省景洪市至勐海县。 9、银行存取款交易明细，证实被告人王伟所持银行卡于2014年11月1日至2014年11月27日之间曾有人民币130000元、200000元两笔大额资金流转。 10、证人证言。 （1）证人王军证称，2014年11月28日21时许，其在被告人王伟的邀约下陪同王伟在勐海县某某宾馆开了一间房间，后二人离开在勐海县县城闲逛。期间，王伟接了一个电话后，二人曾返回某某宾馆后二人再次离开去外面吃烧烤。23时许，王伟又接到了电话，遂借了其摩托车独自返回某某宾馆，后再未出现。 （2）证人游某某证称，其系勐海县某某宾馆前台接待员。2014年11月28日22时许，一名骑着摩托车的男子曾提着一个包来到某某宾馆，其上前询问该男子有何事，该男子答找人遂径直走进了宾馆，一会该男子离开了宾馆。后两名公安民警让其协助打开xx号房间检查，其上楼后发现该房间门上插着房卡（房间未锁），遂打开房门见之前骑摩托车男子提着的包放置在房间内。后其开了306号房间配合民警工作。 11、户口证明、违法犯罪前科说明，证实被告人王伟的身份情况，以及王伟在户籍所在地无犯罪前科的事实。 12、被告人供述与辩解。 王伟供称，2014年11月28日，一名叫“陈哥”的男子邀约其到云南省勐海县，其当天来到勐海县并使用“岩某”的身份证在南门大酒店开房入住，后“陈哥”称自己很忙遂未能见面，其就去找在勐海县工作的老乡王军玩。其与王军在外面时，“陈哥”打电话给其让其帮忙随便在宾馆开间房间，其遂在王军的陪同下在勐海县某某宾馆使用“三某”的身份证开了xx号房间，并按照“陈哥”的指示将该房间的房卡插在门上就离开了。后其与王军曾返回该房间拿房间钥匙。大概过了1个小时，“陈哥”打电话让其去该房间里将一个包和房卡一起拿到勐海县鑫海花园交给“陈哥”，并承诺给其人民币6000元报酬，其猜想可能是什么违禁品。其遂返回该房间刚一开门就见民警冲出，转身逃跑未遂被抓获。 13、情况说明，证实被告人王伟供称的让其开房、送东西的男子“陈哥”，因其无法提供该男子的身份信息，现无法查证。 上列证据来源合法，内容客观、真实，并能相互印证，本院予以确认。 本院认为，被告人王伟无视国家对毒品的管理制度，明知是毒品仍进行运输，其行为已构成运输毒品罪。公诉机关指控被告人王伟构成运输毒品罪，证据确实、充分，罪名成立，本院予以支持。本案存在他人参与犯罪的可能性，且无法查清该事实直接影响对被告人王伟的量刑，故对王伟量刑时予以考虑。 关于被告人王伟的辩护人所提王伟属运输毒品未遂，认罪态度好的辩护意见，与已查明事实不符，本院不予采纳。 综上所述，根据被告人王伟犯罪的事实、性质、情节以及对社会的危害程度，依照《中华人民共和国刑法》第三百四十七第二款（一）项、第四十八条第一款、第五十七条第一款、第六十四条之规定，判决如下： 一、被告人王伟犯运输毒品罪，判处死刑，缓期二年执行，剥夺政治权利终身，并处没收个人全部财产。 二、查获的毒品甲基苯丙胺片剂6704克，作案工具手机1部，依法没收。 如不服本判决，可在接到判决书的第二日起十日内，通过本院或者直接向云南省高级人民法院提出上诉。书面上诉的，应当提交上诉状正本一份，副本二份。 审判长岩对 代理审判员刀建林 代理审判员王超 二〇一五年九月十五日 书记员咪刀","writId":"0115e824201a48aba350032c40581fb0a16","writName":"王伟运输毒品罪一案一审刑事判决书"}
