{"ajId":"b5cb9d64-aa2c-43f1-80fd-f17b1f4b21f6","ajName":"朱月清走私、贩卖、运输、制造毒品罪一案","ajjbqk":" 苏州市吴江区人民检察院指控：2016年7月至同年8月期间，被告人朱月清分别在苏州市吴江区松陵镇某网吧、自己租房内，采用电话联系等手段，先后以共计人民币1200元的价格向杨某、马某、金某（均另行处理）贩卖毒品可待因7次共计1.86克（奥亭复方磷酸可待因口服溶液2670ml）。具体分述如下： 1．2016年7月30日上午，被告人朱月清在苏州市吴江区松陵镇某租房内，采用上述手段，以人民币100元的价格向杨某贩卖毒品可待因0.08克（奥亭复方磷酸可待因口服溶液120ml）。 2．2016年7月31日下午，被告人朱月清在上述地点，采用上述手段，以人民币100元的价格向杨某贩卖毒品可待因0.08克（奥亭复方磷酸可待因口服溶液120ml）。 3．2016年8月1日中午，被告人朱月清在上述地点，采用上述手段，以人民币200元向杨某贩卖毒品可待因0.17克（奥亭复方磷酸可待因口服溶液240ml）。 4．2016年8月1日晚上，被告人朱月清在苏州市吴江区松陵镇某网吧内，采用上述手段，以人民币100元的价格向杨某贩卖毒品可待因0.08克（奥亭复方磷酸可待因口服溶液120ml）。 5．2016年8月2日早晨，被告人朱月清在苏州市吴江区松陵镇某租房内，采用上述手段，以人民币200元的价格向杨某贩卖毒品可待因0.17克（奥亭复方磷酸可待因口服溶液240ml）。 6．2016年8月2日中午，被告人朱月清在上述地点，采用上述手段，以人民币200元的价格向马某、金某贩卖毒品可待因0.17克（奥亭复方磷酸可待因口服溶液240ml）。 7．2016年8月3日晚上，被告人朱月清在上述地点，采用上述手段，以人民币300元的价格向马某、金某贩卖毒品可待因0.25克（奥亭复方磷酸可待因口服溶液360ml）。 案发后，公安机关扣押了被告人朱月清非法持有的毒品可待因0.86克（奥亭复方磷酸可待因口服溶液1230ml）。 归案后，被告人朱月清如实供述了自己的犯罪事实。 为证实上述指控的犯罪事实，公诉机关提供了相应的证据，并据此认为：被告人朱月清违反国家毒品管理法规，多次贩卖精神药品可待因，情节严重，其行为应当以贩卖毒品罪追究其刑事责任。被告人朱月清如实供述自己的罪行。请依法判处。 辩护人提出的辩护意见是：1、对公诉机关指控被告人朱月清犯贩卖毒品罪无异议；2、被告人朱月清如实供述自己的罪行；3、被告人朱月清既往表现良好。建议对其从轻处罚。 上述事实，被告人朱月清在开庭审理过程中亦无异议，且有证人马某、金某、杨某、韩某的证言笔录、辨认笔录、发破案经过、物证鉴定书、物证检验报告、搜查证、搜查笔录、扣押决定书、扣押笔录、现场检查报告书、取样笔录、手机微信红包记录、支付宝转账记录、收缴毒品专用收据、社区戒毒决定书、强制戒毒决定书、行政处罚决定书、取保候审决定书、情况说明、人口信息等证据证实，足以认定。 ","cpfxgc":"本院认为，被告人朱月清违反国家毒品管理法规，多次贩卖精神药品可待因，情节严重，其行为已构成贩卖毒品罪，依法应予惩处。被告人朱月清如实供述自己的罪行，依法予以从轻处罚。辩护人提出的辩护意见，本院予以采纳。依照《中华人民共和国刑法》第三百四十七条第一款、第四款、第七款、第六十七条第三款、第六十四条的规定，判决如下：","pjjg":" 被告人朱月清犯贩卖毒品罪，判处有期徒刑三年（刑期从判决执行之日起计算。判决执行以前先行羁押的，羁押一日折抵刑期一日。即自2016年8月4日起至2019年8月3日止），并处罚金人民币三千元（于判决生效之日起五日内缴纳）。 如不服本判决，可在接到本判决书的第二日起十日内，通过本院或者直接向江苏省苏州市中级人民法院提出上诉。书面上诉的，应提交上诉状正本一份，副本二份。","qw":"苏州市吴江区人民法院 刑事判决书 （2017）苏0509刑初233号 公诉机关苏州市吴江区人民检察院。 被告人朱月清，男，1989年4月27日生，汉族，初中文化，无业，住江苏省苏州市吴江区。被告人朱月清因涉嫌犯贩卖毒品罪，于2016年8月5日被刑事拘留（4日被羁押），同年9月7日被逮捕，现羁押于苏州市吴江区看守所。 辩护人陈振豫、黄亚平，江苏万事法律师事务所律师。 苏州市吴江区人民检察院以吴江检诉刑诉（2017）247号起诉书指控被告人朱月清犯贩卖毒品罪，于2017年2月20日向本院提起公诉。本院于同日立案，并依法组成合议庭，适用简易程序，公开开庭审理了本案。苏州市吴江区人民检察院指派检察员游洪升出庭支持公诉，被告人朱月清及其辩护人陈振豫、黄亚平到庭参加诉讼。现已审理终结。 苏州市吴江区人民检察院指控：2016年7月至同年8月期间，被告人朱月清分别在苏州市吴江区松陵镇某网吧、自己租房内，采用电话联系等手段，先后以共计人民币1200元的价格向杨某、马某、金某（均另行处理）贩卖毒品可待因7次共计1.86克（奥亭复方磷酸可待因口服溶液2670ml）。具体分述如下： 1．2016年7月30日上午，被告人朱月清在苏州市吴江区松陵镇某租房内，采用上述手段，以人民币100元的价格向杨某贩卖毒品可待因0.08克（奥亭复方磷酸可待因口服溶液120ml）。 2．2016年7月31日下午，被告人朱月清在上述地点，采用上述手段，以人民币100元的价格向杨某贩卖毒品可待因0.08克（奥亭复方磷酸可待因口服溶液120ml）。 3．2016年8月1日中午，被告人朱月清在上述地点，采用上述手段，以人民币200元向杨某贩卖毒品可待因0.17克（奥亭复方磷酸可待因口服溶液240ml）。 4．2016年8月1日晚上，被告人朱月清在苏州市吴江区松陵镇某网吧内，采用上述手段，以人民币100元的价格向杨某贩卖毒品可待因0.08克（奥亭复方磷酸可待因口服溶液120ml）。 5．2016年8月2日早晨，被告人朱月清在苏州市吴江区松陵镇某租房内，采用上述手段，以人民币200元的价格向杨某贩卖毒品可待因0.17克（奥亭复方磷酸可待因口服溶液240ml）。 6．2016年8月2日中午，被告人朱月清在上述地点，采用上述手段，以人民币200元的价格向马某、金某贩卖毒品可待因0.17克（奥亭复方磷酸可待因口服溶液240ml）。 7．2016年8月3日晚上，被告人朱月清在上述地点，采用上述手段，以人民币300元的价格向马某、金某贩卖毒品可待因0.25克（奥亭复方磷酸可待因口服溶液360ml）。 案发后，公安机关扣押了被告人朱月清非法持有的毒品可待因0.86克（奥亭复方磷酸可待因口服溶液1230ml）。 归案后，被告人朱月清如实供述了自己的犯罪事实。 为证实上述指控的犯罪事实，公诉机关提供了相应的证据，并据此认为：被告人朱月清违反国家毒品管理法规，多次贩卖精神药品可待因，情节严重，其行为应当以贩卖毒品罪追究其刑事责任。被告人朱月清如实供述自己的罪行。请依法判处。 辩护人提出的辩护意见是：1、对公诉机关指控被告人朱月清犯贩卖毒品罪无异议；2、被告人朱月清如实供述自己的罪行；3、被告人朱月清既往表现良好。建议对其从轻处罚。 上述事实，被告人朱月清在开庭审理过程中亦无异议，且有证人马某、金某、杨某、韩某的证言笔录、辨认笔录、发破案经过、物证鉴定书、物证检验报告、搜查证、搜查笔录、扣押决定书、扣押笔录、现场检查报告书、取样笔录、手机微信红包记录、支付宝转账记录、收缴毒品专用收据、社区戒毒决定书、强制戒毒决定书、行政处罚决定书、取保候审决定书、情况说明、人口信息等证据证实，足以认定。 本院认为，被告人朱月清违反国家毒品管理法规，多次贩卖精神药品可待因，情节严重，其行为已构成贩卖毒品罪，依法应予惩处。被告人朱月清如实供述自己的罪行，依法予以从轻处罚。辩护人提出的辩护意见，本院予以采纳。依照《中华人民共和国刑法》第三百四十七条第一款、第四款、第七款、第六十七条第三款、第六十四条的规定，判决如下： 被告人朱月清犯贩卖毒品罪，判处有期徒刑三年（刑期从判决执行之日起计算。判决执行以前先行羁押的，羁押一日折抵刑期一日。即自2016年8月4日起至2019年8月3日止），并处罚金人民币三千元（于判决生效之日起五日内缴纳）。 如不服本判决，可在接到本判决书的第二日起十日内，通过本院或者直接向江苏省苏州市中级人民法院提出上诉。书面上诉的，应提交上诉状正本一份，副本二份。 审判长周炳红 人民陪审员顾家华 人民陪审员邬长庚 二〇一七年三月九日 书记员杨佳宇","writId":"027ea2f731cba66c64cca05ff05a44e4c7f","writName":"朱月清走私、贩卖、运输、制造毒品罪一审刑事判决书"}
