{"ajId":"869723c0-9e0f-4e36-8dd0-c3a5db686315","ajName":"高某某犯猥亵儿童罪一案","ajjbqk":" 延安市宝塔区人民检察院指控：（1）2012年7月份的一天上午11时许，在被告人高XX家中（清凉山半山平房），被告人高XX用手在被害人张XX阴部摸了几秒。 （2）2012年7月份的一天上午11时许，在被告人高XX家中（清凉山半山平房），被告人高XX从被害人张XX背后将手伸进裆部在被害人张嘉琪阴部摸了几秒钟。 （3）2012年7月份的一天，在被告人高XX家中（清凉山半山平房），被告人高XX从侧面将手伸进被害人张XX裤裆，用手在被害人张XX阴部摸了一会。 （4）2012年7月份的一天，在被告人高XX家中（清凉山半山平房），被告人高XX将被害人张XX裤子脱掉然后被告人高XX使用生殖器在被害人张XX阴部摩擦了一会。 （5）2012年7月份的一天，在被告人高XX家中（清凉山半山平房），被告人高XX将被害人张XX诱骗到床边，用嘴亲了一下被害人张XX额头同时将手伸进被害人张XX裆部，在被害人张XX阴部摸了一会。 （6）2012年8月份的一天，在被告人高XX家中（清凉山半山平房），被告人高XX从被害人张XX背后将手伸进裆部在被害人张XX阴部摸了一会。 （7）2013年3月份的一天，在被告人高XX家中（清凉山半山平房），被告人高XX诱骗被害人张XX看了一段黄色（指淫秽表演）短片，被告人高XX从被害人张XX背后将手伸进裆部在被害人张XX阴部摸了一会。 据此，检察机关认为被告人高XX猥亵儿童，其行为已触犯了《中华人民共和国刑法》第二百三十七条之规定，构成猥亵儿童罪，特请求本院依法惩处。并建议对被告人高XX判处有期徒刑二至三年。 庭审中，被告人高XX对起诉书指控的犯罪事实（1）、（2）、（3）、（5）、（6）不持异议，并表示不予辩解。对第（4）、（7）宗犯罪事实有异议。称其在第（4）宗犯罪过程中用生殖器在被害人张XX腿部摩擦了一会，并不是在阴部；第（7）宗不属实，看黄色短片属实，但未实施猥亵行为。公诉人对被告人高XX的当庭供述不持异议。 经审理查明：被告人高XX与被害人张XX家是邻居，被害人张XX常去高XX家玩耍、看电视等，被告人高XX以做游戏，给钱等诱骗被害人。 （1）2012年7月份的一天上午11时许，被害人张XX到被告人高XX家中（清凉山半山处平房）串门时，被告人高XX用手在被害人张XX阴部摸了几秒。 （2）2012年7月份的一天上午11时许，在被告人高XX家中，被告人高XX从被害人张XX背后将手伸进裤裆部，在被害人张嘉琪阴部摸了几秒钟。 （3）2012年7月份的一天，在被告人高XX家中，被告人高XX从侧面将手伸进被害人张XX裤裆，用手在被害人张XX阴部摸了一会。 （4）2012年7月份的一天，在被告人高XX家中，被告人高XX将被害人张XX裤子脱掉，被告人高XX用生殖器在被害人张XX腿部摩擦了一会。 （5）2012年7月份的一天，在被告人高XX家中（清凉山半山平房），被告人高XX将被害人张XX诱骗到床边，用嘴亲了一下被害人张XX额头同时将手伸进被害人张嘉琪裆部，在被害人张XX阴部摸了一会。 （6）2012年8月份的一天，在被告人高XX家中，被告人高XX从被害人张XX背后将手伸进裤裆部，在被害人张XX阴部摸了一会。 （7）2013年3月份的一天，在被告人高XX家中，被害人张XX和刘XX去高XX家玩电脑。被告人高XX诱骗被害人张XX看了一段黄色（指淫秽表演）短片，这时刘XX也过来了，高XX就把短片给关了。 以上事实，有下列经庭审举证、质证的证据证实，本院予以确认： （一）书证 1、受案登记表：证明宝塔刑警中队接报案人刘XX报称：其女儿张XX在东关街被一男子猥亵。 2、抓获经过：证明2013年8月15日上午9时许，宝塔刑警中队民警接到线报，涉嫌猥亵儿童的犯罪嫌疑人高XX在延安市宝塔区清凉山上家中休息，民警赶到清凉山上，将犯罪嫌疑人抓获。经讯问，被告人高XX对其犯罪事实供认不讳。 3、户籍证明：证明被害人张XX生于2002年8月6日，案发时11周岁。 4、张XX的病历：证明张XX母亲发现其阴部红肿，在延安大学附属医院就诊。 （二）证人证言 5、证人刘XX证言：证明2013年6月25日晚上17时许，她在给女儿张XX洗澡的时候发现她的阴部和尿道口上有一些小白色的痘痘，她问张XX是怎么回事，她说不知道。第二天上午9时许，她带着张XX到宝塔区医院皮肤科，医生说张XX得了一种“尖锐湿疣”，属于一种性病。她就带着张XX回到了家中，问张XX有没有和其他男孩接触过，她说和高爷爷（高XX）接触过，说高爷爷在她的阴部摸过几次。 6、证人张XX证言：证明高XX是其丈夫，她因要去延川照看孙子，经常不在家。 （三）被害人陈述 7、被害人张XX陈述：第一次，2012年7月份，具体时间她记不清楚了，她一个人到高爷爷家玩，她在高爷爷家玩的时候，他从她背后把手伸进她的裤裆，在她的阴部摸了几秒钟。 第二次，2012年7月份，具体时间她记不清楚了，她到高爷爷家找冯X玩，冯X不在。她就在高爷爷家看电视，高爷爷就从她侧面将手伸入她的裤裆，在她的阴部大约摸了几秒钟。 第三次，2012年7月份，具体时间她记不清楚了，她到高爷爷家玩，玩了一会后高爷爷把她的的裤子给脱了，他用他的生殖器在她的阴部摩擦了一会。 第四次，2012年7月份，具体时间她记不清楚了，她一个人到高爷爷家看了一会电视，高爷爷就把她带到他的床前，亲了她几秒钟，然后把手伸进她的裤裆里，在她的阴部摸了几秒。 第五次，2012年7月份，具体时间她记不清楚了，她一个人到高爷爷家里玩了一会，然后高爷爷从她背后把他的手放入她的裆部，在她的阴部摸了几秒钟。 第六次，2012年8月份，具体时间她记不清楚了，她一个人到高爷爷家里玩，然后高爷爷从她背后把手放入她的裆部，在她的阴部摸了几秒钟。 第七次，2013年3月份，具体时间她记不清楚了。她和刘XX在高爷爷家玩电脑，高爷爷把她带到他的床边，用一个笔记本形状的播放器给她播放了一段黄色短片。她和高爷爷看黄色短片的时候刘XX也过来了，高爷爷就把短片给关了。 高爷爷给过她三次钱，两次40元，一次20元，他不让她给别人说他摸她的事情。高爷爷摸她的时候她没有反抗，因为高爷爷说这是个游戏。 （四）被告人供述 8、被告人高XX供述：第一次是2012年7月份的一天，上午11时许，张XX到他家玩。他家当时就只有他和她。张XX玩他家电脑的时候，他用手在张XX阴部摸了几秒钟。 第二次是2012年7月份的一天，上午11时许，张XX到他家玩，当时家里只有他们两个人，他从背后将手伸进张XX裆部，在她的阴部摸了几秒钟。 第三次是2012年7月份的一天，具体时间他记不清楚了，张XX到他家玩，当时家里只有他们两个人，他从侧面将手伸进张XX裤裆，用手在她阴部摸了一会。 第四次是2012年7月份的一天，具体时间他记不清楚了，张XX到他家玩，当时家里只有他们两个人，他脱掉张XX裤子，用生殖器在被害人张XX腿部摩擦了一会。 第五次是2012年8月份的一天，具体时间他记不清楚了，张XX到他家玩，当时家里只有他们两个人，张XX看了一会电视，他就把张XX带到床边，他用嘴亲了一下她的额头，用手伸进她的裤裆，摸了一会她的阴部。 第六次是2012年8月份的一天，具体时间他记不清楚了，张XX到他家玩，当时家里只有他们两个人，他从张XX背后将手伸进她的裆部，在她的阴部摸了一会。 第七次是2013年3月份的一天，张XX和刘XX到他家来玩，刘XX玩着电脑，不知道张XX怎么从他的一个类似于笔记本电脑的播放器里打开了一个黄色短片，他就和她一起看了一会。刘XX也过来看的时候他就把短片关了。 他猥亵张XX是为了报复张XX的爷爷，因为张XX的爷爷带着他的女儿到处赌博，弄得家庭不和睦。他猥亵张XX的时候没有使用过暴力，他一共给了张XX一、二百元左右。 （五）辨认笔录及现场照片 9、2013年8月17日，被害人张XX对被告人照片进行辨认，并指认5号照片为被告人高XX。 10、2013年8月15日被告人高XX在宝塔刑警中队民警押解下，对作案地点清凉山上其家中进行了指认并拍了照片。 以上证据来源合法、内容真实、相互关联、相互印证，本案事实清楚，证据确实充分，足以定案。 ","cpfxgc":"本院认为，被告人高XX以刺激、满足性欲为目的，采用抠摸、亲吻等手段猥亵儿童，其行为已构成猥亵儿童罪。公诉机关指控被告人高XX所犯罪名成立。公诉机关量刑建议适当，本院予以采纳。依照《中华人民共和国刑法》第二百三十七条第三款、第四十五条、第四十七条规定，判决如下：","pjjg":" 被告人高XX犯猥亵儿童罪，判处有期徒刑三年（刑期从判决执行之日起计算。判决执行前先行羁押一日折抵刑期一日。即自2013年8月15日起至2016年8月14日止）。 如不服本判决，可在接到判决书的第二日起十日内通过本院或者直接向延安市中级人民法院提出上诉，书面上诉的，应递交上诉状正本一份、副本二份。","qw":"延安市宝塔区人民法院 刑事判决书 （2014）宝刑初字第00004号 公诉机关延安市宝塔区人民检察院。 被告人高XX，男，汉族，小学文化，陕西省延川县人，无业，2013年8月15日因涉嫌猥亵儿童罪被延安市公安局宝塔分局刑事拘留，2013年9月18日经延安市宝塔区人民检察院批准依法逮捕，现羁押于延安市宝塔区看守所。 延安市宝塔区人民检察院以延市区检刑诉（2013）第434号起诉书指控被告人高XX犯猥亵儿童罪，于2014年1月8日向本院提起公诉。本院受理后，依法组成合议庭，不公开开庭进行了审理。延安市宝塔区人民检察院指派检察员李延宏出庭支持公诉，被告人高XX到庭参加了诉讼。现已审理终结。 延安市宝塔区人民检察院指控：（1）2012年7月份的一天上午11时许，在被告人高XX家中（清凉山半山平房），被告人高XX用手在被害人张XX阴部摸了几秒。 （2）2012年7月份的一天上午11时许，在被告人高XX家中（清凉山半山平房），被告人高XX从被害人张XX背后将手伸进裆部在被害人张嘉琪阴部摸了几秒钟。 （3）2012年7月份的一天，在被告人高XX家中（清凉山半山平房），被告人高XX从侧面将手伸进被害人张XX裤裆，用手在被害人张XX阴部摸了一会。 （4）2012年7月份的一天，在被告人高XX家中（清凉山半山平房），被告人高XX将被害人张XX裤子脱掉然后被告人高XX使用生殖器在被害人张XX阴部摩擦了一会。 （5）2012年7月份的一天，在被告人高XX家中（清凉山半山平房），被告人高XX将被害人张XX诱骗到床边，用嘴亲了一下被害人张XX额头同时将手伸进被害人张XX裆部，在被害人张XX阴部摸了一会。 （6）2012年8月份的一天，在被告人高XX家中（清凉山半山平房），被告人高XX从被害人张XX背后将手伸进裆部在被害人张XX阴部摸了一会。 （7）2013年3月份的一天，在被告人高XX家中（清凉山半山平房），被告人高XX诱骗被害人张XX看了一段黄色（指淫秽表演）短片，被告人高XX从被害人张XX背后将手伸进裆部在被害人张XX阴部摸了一会。 据此，检察机关认为被告人高XX猥亵儿童，其行为已触犯了《中华人民共和国刑法》第二百三十七条之规定，构成猥亵儿童罪，特请求本院依法惩处。并建议对被告人高XX判处有期徒刑二至三年。 庭审中，被告人高XX对起诉书指控的犯罪事实（1）、（2）、（3）、（5）、（6）不持异议，并表示不予辩解。对第（4）、（7）宗犯罪事实有异议。称其在第（4）宗犯罪过程中用生殖器在被害人张XX腿部摩擦了一会，并不是在阴部；第（7）宗不属实，看黄色短片属实，但未实施猥亵行为。公诉人对被告人高XX的当庭供述不持异议。 经审理查明：被告人高XX与被害人张XX家是邻居，被害人张XX常去高XX家玩耍、看电视等，被告人高XX以做游戏，给钱等诱骗被害人。 （1）2012年7月份的一天上午11时许，被害人张XX到被告人高XX家中（清凉山半山处平房）串门时，被告人高XX用手在被害人张XX阴部摸了几秒。 （2）2012年7月份的一天上午11时许，在被告人高XX家中，被告人高XX从被害人张XX背后将手伸进裤裆部，在被害人张嘉琪阴部摸了几秒钟。 （3）2012年7月份的一天，在被告人高XX家中，被告人高XX从侧面将手伸进被害人张XX裤裆，用手在被害人张XX阴部摸了一会。 （4）2012年7月份的一天，在被告人高XX家中，被告人高XX将被害人张XX裤子脱掉，被告人高XX用生殖器在被害人张XX腿部摩擦了一会。 （5）2012年7月份的一天，在被告人高XX家中（清凉山半山平房），被告人高XX将被害人张XX诱骗到床边，用嘴亲了一下被害人张XX额头同时将手伸进被害人张嘉琪裆部，在被害人张XX阴部摸了一会。 （6）2012年8月份的一天，在被告人高XX家中，被告人高XX从被害人张XX背后将手伸进裤裆部，在被害人张XX阴部摸了一会。 （7）2013年3月份的一天，在被告人高XX家中，被害人张XX和刘XX去高XX家玩电脑。被告人高XX诱骗被害人张XX看了一段黄色（指淫秽表演）短片，这时刘XX也过来了，高XX就把短片给关了。 以上事实，有下列经庭审举证、质证的证据证实，本院予以确认： （一）书证 1、受案登记表：证明宝塔刑警中队接报案人刘XX报称：其女儿张XX在东关街被一男子猥亵。 2、抓获经过：证明2013年8月15日上午9时许，宝塔刑警中队民警接到线报，涉嫌猥亵儿童的犯罪嫌疑人高XX在延安市宝塔区清凉山上家中休息，民警赶到清凉山上，将犯罪嫌疑人抓获。经讯问，被告人高XX对其犯罪事实供认不讳。 3、户籍证明：证明被害人张XX生于2002年8月6日，案发时11周岁。 4、张XX的病历：证明张XX母亲发现其阴部红肿，在延安大学附属医院就诊。 （二）证人证言 5、证人刘XX证言：证明2013年6月25日晚上17时许，她在给女儿张XX洗澡的时候发现她的阴部和尿道口上有一些小白色的痘痘，她问张XX是怎么回事，她说不知道。第二天上午9时许，她带着张XX到宝塔区医院皮肤科，医生说张XX得了一种“尖锐湿疣”，属于一种性病。她就带着张XX回到了家中，问张XX有没有和其他男孩接触过，她说和高爷爷（高XX）接触过，说高爷爷在她的阴部摸过几次。 6、证人张XX证言：证明高XX是其丈夫，她因要去延川照看孙子，经常不在家。 （三）被害人陈述 7、被害人张XX陈述：第一次，2012年7月份，具体时间她记不清楚了，她一个人到高爷爷家玩，她在高爷爷家玩的时候，他从她背后把手伸进她的裤裆，在她的阴部摸了几秒钟。 第二次，2012年7月份，具体时间她记不清楚了，她到高爷爷家找冯X玩，冯X不在。她就在高爷爷家看电视，高爷爷就从她侧面将手伸入她的裤裆，在她的阴部大约摸了几秒钟。 第三次，2012年7月份，具体时间她记不清楚了，她到高爷爷家玩，玩了一会后高爷爷把她的的裤子给脱了，他用他的生殖器在她的阴部摩擦了一会。 第四次，2012年7月份，具体时间她记不清楚了，她一个人到高爷爷家看了一会电视，高爷爷就把她带到他的床前，亲了她几秒钟，然后把手伸进她的裤裆里，在她的阴部摸了几秒。 第五次，2012年7月份，具体时间她记不清楚了，她一个人到高爷爷家里玩了一会，然后高爷爷从她背后把他的手放入她的裆部，在她的阴部摸了几秒钟。 第六次，2012年8月份，具体时间她记不清楚了，她一个人到高爷爷家里玩，然后高爷爷从她背后把手放入她的裆部，在她的阴部摸了几秒钟。 第七次，2013年3月份，具体时间她记不清楚了。她和刘XX在高爷爷家玩电脑，高爷爷把她带到他的床边，用一个笔记本形状的播放器给她播放了一段黄色短片。她和高爷爷看黄色短片的时候刘XX也过来了，高爷爷就把短片给关了。 高爷爷给过她三次钱，两次40元，一次20元，他不让她给别人说他摸她的事情。高爷爷摸她的时候她没有反抗，因为高爷爷说这是个游戏。 （四）被告人供述 8、被告人高XX供述：第一次是2012年7月份的一天，上午11时许，张XX到他家玩。他家当时就只有他和她。张XX玩他家电脑的时候，他用手在张XX阴部摸了几秒钟。 第二次是2012年7月份的一天，上午11时许，张XX到他家玩，当时家里只有他们两个人，他从背后将手伸进张XX裆部，在她的阴部摸了几秒钟。 第三次是2012年7月份的一天，具体时间他记不清楚了，张XX到他家玩，当时家里只有他们两个人，他从侧面将手伸进张XX裤裆，用手在她阴部摸了一会。 第四次是2012年7月份的一天，具体时间他记不清楚了，张XX到他家玩，当时家里只有他们两个人，他脱掉张XX裤子，用生殖器在被害人张XX腿部摩擦了一会。 第五次是2012年8月份的一天，具体时间他记不清楚了，张XX到他家玩，当时家里只有他们两个人，张XX看了一会电视，他就把张XX带到床边，他用嘴亲了一下她的额头，用手伸进她的裤裆，摸了一会她的阴部。 第六次是2012年8月份的一天，具体时间他记不清楚了，张XX到他家玩，当时家里只有他们两个人，他从张XX背后将手伸进她的裆部，在她的阴部摸了一会。 第七次是2013年3月份的一天，张XX和刘XX到他家来玩，刘XX玩着电脑，不知道张XX怎么从他的一个类似于笔记本电脑的播放器里打开了一个黄色短片，他就和她一起看了一会。刘XX也过来看的时候他就把短片关了。 他猥亵张XX是为了报复张XX的爷爷，因为张XX的爷爷带着他的女儿到处赌博，弄得家庭不和睦。他猥亵张XX的时候没有使用过暴力，他一共给了张XX一、二百元左右。 （五）辨认笔录及现场照片 9、2013年8月17日，被害人张XX对被告人照片进行辨认，并指认5号照片为被告人高XX。 10、2013年8月15日被告人高XX在宝塔刑警中队民警押解下，对作案地点清凉山上其家中进行了指认并拍了照片。 以上证据来源合法、内容真实、相互关联、相互印证，本案事实清楚，证据确实充分，足以定案。 本院认为，被告人高XX以刺激、满足性欲为目的，采用抠摸、亲吻等手段猥亵儿童，其行为已构成猥亵儿童罪。公诉机关指控被告人高XX所犯罪名成立。公诉机关量刑建议适当，本院予以采纳。依照《中华人民共和国刑法》第二百三十七条第三款、第四十五条、第四十七条规定，判决如下： 被告人高XX犯猥亵儿童罪，判处有期徒刑三年（刑期从判决执行之日起计算。判决执行前先行羁押一日折抵刑期一日。即自2013年8月15日起至2016年8月14日止）。 如不服本判决，可在接到判决书的第二日起十日内通过本院或者直接向延安市中级人民法院提出上诉，书面上诉的，应递交上诉状正本一份、副本二份。 审判长闫繁荣 代理审判员黄延梅 人民陪审员刘桂梅 二0一四年二月十七日 书记员冯婷","writId":"0596ff21bfd823d92f82bb432b7d7cb13f1","writName":"高某某犯猥亵儿童罪一审刑事判决书"}
