{"ajId":"5b51180e-f7dd-4384-9a4a-007352784f52","ajName":"尹彦文故意伤害罪一案","ajjbqk":" 南宁市青秀区人民检察院指控，2016年12月10日1时许，在南宁市青秀区凤岭儿童公园“瑞吧”酒吧门口，丁某2（已判刑）因与被害人孙某发生口角，指使被告人尹彦文及许某1、王某（二人均已被判刑）殴打孙某，致其受伤达轻伤二级。 公诉机关当庭举证了相关证据以证明指控事实，认为被告人尹彦文故意伤害他人身体致轻伤二级，其行为已触犯《中华人民共和国刑法》第二百三十四条第一款，应当以故意伤害罪追究其刑事责任。提请本院依法判决。 被告人尹彦文对公诉机关指控的事实及罪名无异议，自愿认罪。 经审理查明，2016年12月10日1时许，丁某2（已判刑）在南宁市青秀区凤岭儿童公园“瑞吧”酒吧门口，因与被害人孙某发生口角，指使被告人尹彦文及许某1、王某（后二人均已被判刑）殴打孙某，致其受伤达轻伤二级。 另查明，被告人尹彦文于2018年9月29日到公安机关投案。 上述事实，被告人尹彦文在开庭审理过程中无异议，且有受案登记表、立案决定书、户籍信息、抓获经过、鉴定意见、证人甘某、喻某、朱某、丁某1、丁某2、王某、许某1证言、被害人孙某陈述、被告人尹彦文供述和辩解、辨认笔录等证据证实，足以认定。 ","cpfxgc":"本院认为，被告人尹彦文结伙共同故意伤害他人身体，致人轻伤，其行为已构成故意伤害罪。公诉机关指控罪名成立。在共同犯罪中，被告人积极实施伤害行为，起主要作用，系主犯，按其参与的全部犯罪处罚。被告人尹彦文于案发后到公安机关投案，归案后如实供述罪行，系自首，依法从轻处罚。根据被告人犯罪事实、性质、情节及对社会危害程度，依照《中华人民共和国刑法》第二百三十四条第一款、第二十五条第一款、第二十六条第一款、第四款、第六十七条第一款之规定，判决如下：","pjjg":" 被告人尹彦文犯故意伤害罪，判处有期徒刑十一个月。（刑期从判决执行之日起计算。判决执行以前先行羁押的，羁押一日折抵刑期一日，即自2018年9月29日起至2019年8月28日止。） 如不服本判决，可于接到判决书的第二日起十日内，通过本院或者直接向广西壮族自治区南宁市中级人民法院提出上诉。书面上诉的，应交上诉状正本一份，副本一份。","qw":"广西壮族自治区南宁市青秀区人民法院 刑事判决书 （2019）桂0103刑初263号 公诉机关广西壮族自治区南宁市青秀区人民检察院。 被告人尹彦文，男，1995年8月15日出生，汉族，初中文化，无固定职业，户籍地址：黑龙江省富锦市。因涉嫌犯故意伤害罪于2018年9月29日到公安机关投案，同日被刑事拘留，同年11月1日被逮捕。现羁押于南宁市第一看守所。 南宁市青秀区人民检察院以南市青检刑诉［2019］172号起诉书指控被告人尹彦文犯故意伤害罪，于2019年4月16日向本院提起公诉。本院受理后，依法适用普通程序组成合议庭，公开开庭审理了本案。南宁市青秀区人民检察院检察员陶翰晟出庭支持公诉，被告人尹彦文到庭参加诉讼。期间，经公诉机关建议，本案进行了延期审理，现已审理终结。 南宁市青秀区人民检察院指控，2016年12月10日1时许，在南宁市青秀区凤岭儿童公园“瑞吧”酒吧门口，丁某2（已判刑）因与被害人孙某发生口角，指使被告人尹彦文及许某1、王某（二人均已被判刑）殴打孙某，致其受伤达轻伤二级。 公诉机关当庭举证了相关证据以证明指控事实，认为被告人尹彦文故意伤害他人身体致轻伤二级，其行为已触犯《中华人民共和国刑法》第二百三十四条第一款，应当以故意伤害罪追究其刑事责任。提请本院依法判决。 被告人尹彦文对公诉机关指控的事实及罪名无异议，自愿认罪。 经审理查明，2016年12月10日1时许，丁某2（已判刑）在南宁市青秀区凤岭儿童公园“瑞吧”酒吧门口，因与被害人孙某发生口角，指使被告人尹彦文及许某1、王某（后二人均已被判刑）殴打孙某，致其受伤达轻伤二级。 另查明，被告人尹彦文于2018年9月29日到公安机关投案。 上述事实，被告人尹彦文在开庭审理过程中无异议，且有受案登记表、立案决定书、户籍信息、抓获经过、鉴定意见、证人甘某、喻某、朱某、丁某1、丁某2、王某、许某1证言、被害人孙某陈述、被告人尹彦文供述和辩解、辨认笔录等证据证实，足以认定。 本院认为，被告人尹彦文结伙共同故意伤害他人身体，致人轻伤，其行为已构成故意伤害罪。公诉机关指控罪名成立。在共同犯罪中，被告人积极实施伤害行为，起主要作用，系主犯，按其参与的全部犯罪处罚。被告人尹彦文于案发后到公安机关投案，归案后如实供述罪行，系自首，依法从轻处罚。根据被告人犯罪事实、性质、情节及对社会危害程度，依照《中华人民共和国刑法》第二百三十四条第一款、第二十五条第一款、第二十六条第一款、第四款、第六十七条第一款之规定，判决如下： 被告人尹彦文犯故意伤害罪，判处有期徒刑十一个月。（刑期从判决执行之日起计算。判决执行以前先行羁押的，羁押一日折抵刑期一日，即自2018年9月29日起至2019年8月28日止。） 如不服本判决，可于接到判决书的第二日起十日内，通过本院或者直接向广西壮族自治区南宁市中级人民法院提出上诉。书面上诉的，应交上诉状正本一份，副本一份。 审判长刘胜 人民陪审员吴丹萍 人民陪审员边境 二〇一九年八月十五日 书记员刘青丽 法律条文：《中华人民共和国刑法》 第二百三十四条故意伤害他人身体的，处三年以下有期徒刑、拘役或者管制。犯前款罪，致人重伤的，处三年以上十年以下有期徒刑；致人死亡或者以特别残忍手段致人重伤造成严重残疾的，处十年以上有期徒刑、无期徒刑或者死刑。本法另有规定的，依照规定。 第二十五条第一款共同犯罪是指二人以上共同故意犯罪。第二十六条第一款、第四款组织、领导犯罪集团进行犯罪活动的或者在共同犯罪中起主要作用的，是主犯。对于第三款规定以外的主犯，应当按照其所参与的或者组织、指挥的全部犯罪处罚。 第六十七条犯罪以后自动投案，如实供述自己的罪行的，是自首。对于自首的犯罪分子，可以从轻或者减轻处罚。其中，犯罪较轻的，可以免除处罚。被采取强制措施的犯罪嫌疑人、被告人和正在服刑的罪犯，如实供述司法机关还未掌握的本人其他罪行的，以自首论。犯罪嫌疑人虽不具有前两款规定的自首情节，但是如实供述自己罪行的，可以从轻处罚；因其如实供述自己罪行，避免特别严重后果发生的，可以减轻处罚。","writId":"02172721be7e7fc5b6369349ead95b929b2","writName":"尹彦文故意伤害罪一审刑事判决书"}
