{"ajId":"915238f4-2ff0-4f3a-8948-549a0a7967f3","ajName":"刘锐强奸罪一案","ajjbqk":" 公诉机关指控： 2018年7月11日15时30分许，被害人梁某某（女，被侵害时13周岁）因无处居住让其朋友刘某在“灵隐寺”QQ群中发布了“谁家能住，我宝贝单身，要住几天”的信息，被告人刘锐看见信息后同意梁某某到其家中居住。后梁某某独自前往梅河口市刘锐家中。 当日17时许，二人在家中吃过晚饭后，刘锐在应当知道梁某某系幼女的情况下，趁其在床上玩手机之机，通过暴力和胁迫的方式，强行将梁某某衣服脱光，对其实施了奸淫行为，并强迫梁某某为自己口交，期间又使用自己手机拍摄了梁某某的裸照。奸淫完毕后，刘锐威胁梁某某如果报警，就将其裸照发到互联网上，随后，刘锐允许梁某某离开。 当日18时许，梁某某离开刘锐家后，在铁北体育场附近遇到朋友胡某某等人，梁某某向朋友诉说了自己遭受强奸的经过，随后，梁某某朋友为帮梁某某出气，让梁某某将刘锐约至铁北体育场见面，刘锐到场后双方发生冲突，期间梁某某朋友向梅河口市公安局报警，随后，梅河口市公安局铁北派出所民警在铁北体育场将刘锐抓获归案。 公诉机关向法庭提供了书证、证人证言、被害人陈述、被告人的供述与辩解、鉴定意见、辨认笔录、勘验笔录等证据证明其指控的事实。并认为，被告人刘锐在应当知道对方系未成年幼女的情况下，仍以暴力为手段，违背妇女意志，强行对其实施奸淫行为，严重损害了未成年幼女的身心健康，其行为触犯了《中华人民共和国刑法》第二百三十六条第二款之规定，犯罪事实清楚，证据确实、充分，应当以强奸罪追究其刑事责任。并建议本院在有期徒刑五年六个月至有期徒刑六年六个月期间量刑。依照《中华人民共和国刑事诉讼法》第一百七十二条之规定，提请本院依法判处。 被告人刘锐对公诉机关指控其犯强奸罪的罪名、事实及证据无异议，当庭认罪。 本院经审理查明：被害人梁某某（女，被侵害时13周岁）于2018年7月11日15时30分许，通过其朋友刘某在“灵隐寺”QQ群中发布了“谁家能住，我宝贝单身，要住几天”的信息，被告人刘锐看见信息后同意梁某某到其家中居住，后梁某某独自前往梅河口市刘锐家中。当日17时许，二人吃过晚饭后，刘锐趁梁某某在床上玩手机之机，使用暴力手段，强行对梁某某实施奸淫行为，并强迫梁某某为其口交，期间拍摄了梁某某的裸照，并以将裸照散布到互联网上相威胁阻止梁某某报警，后梁某某离开。当日18时许，梁某某将其被刘锐强奸一事告知朋友胡某某，胡某某等人将刘锐约至铁北体育场附近，双方发生冲突，梁某某朋友报警，公安机关将刘锐抓获。刘锐归案后对其主要犯罪事实予以供认。 认定上述事实的证据有： 1．（2017）吉0581刑初163号刑事判决书，证明被告人刘锐有犯罪前科。 2．聊天记录截图，证明被告人刘锐明知梁某某系未成年幼女并强行与其发生性关系，且拍摄了梁某某的裸照并以将裸照散布在互联网威胁梁某某不准报警的事实。 3．梅河口市中心医院门诊病历，证明梁某某经检查外阴粘膜潮红，7点处有一处破裂，处女膜完整，余无异常。 4．被害人梁某某体检记录，证明梁某某左侧乳房部位呈青紫色改变、右颈部呈青紫色改变、左大腿中段前侧皮肤略发红。 5．辨认笔录，证明被害人梁某某、证人季某、宫某能够辨认出被告人刘锐。 6．现场勘验笔录及照片，证明案发现场情况。 7．吉林省公安厅安康医院司法鉴定意见书，证明刘锐涉案时属癔症，属完全刑事责任能力。 8．证人胡某某证言，证实其在铁北体育场溜达时与朋友梁某某相遇，梁某某哭着告诉其被刘锐强奸的事实。 9．证人祈某某证言，证实其陪朋友胡某某在铁北体育场溜达时，碰到胡某某的朋友梁某某，得知梁某某被人强奸并拍裸照，后被告人到现场与季某冲突的事实。 10．证人季某证言，证实其在铁北体育场溜达时碰到胡某某，胡某某告知其梁某某被强奸并被拍摄裸照，后被告人到达现场与其发生冲突的事实。 11．证人宫某证言，证实和季某一起溜达时碰到胡某某，得知胡某某朋友梁某某被强奸并被拍摄裸照，被告人到达现场与季某冲突的事实。 12．证人苗某证言，证实其和胡某某在铁北体育场溜达时，得知胡某某的朋友梁某某被强奸的事实。 13．证人张某某证言，证实被告人刘锐在微信上告知其强奸未成年人梁某某，害怕梁某某报警，拍摄了梁某某的裸照，以及梁某某大约14周岁的事实。 14．证人刘某证言，证实其朋友梁某某让其帮着找住的地方，其通过“灵隐寺”QQ群发布“谁家能住，我宝贝单身，要住几天”的信息，后被告人刘锐同意梁某某入住的事实。 15．证人孙某某证言，证实被告人刘锐在QQ上告知其将梁某某强奸并拍摄了梁某某的裸照的事实。 16．被害人梁某某陈述，证实通过朋友刘某在“灵隐寺”QQ群发布“谁家能住，我宝贝单身，要住几天”的信息后，与刘锐取得联系并到刘锐家，被刘锐强行奸淫，刘锐将龟头插入其口中，并拍摄裸照威胁其不准报警的事实。 17．被告人刘锐供述，证实梁某某通过“灵隐寺”QQ群联系要到其家中居住，晚饭后，强行扒下梁某某胸罩及内裤，将梁某某奸淫，又强行将生殖器放入梁某某口中让其口交，后拍摄裸照威胁其如果报警就将裸照在网络上散布，以及其告知朋友自己强奸了一个未成年幼女的事实。 以上证据经庭审质证、认证，各证据来源合法，客观真实，能够相互印证，形成完整证据链条，足资认定。 ","cpfxgc":"本院认为，被告人刘锐使用暴力手段，强行与幼女发生性关系，其行为已构成强奸罪，应予惩处。公诉机关指控罪名成立，本院予以支持。刘锐有犯罪前科，对其从重处罚；刘锐归案后如实供述主要犯罪事实，对其从轻处罚。综上，根据刘锐的犯罪事实、性质、情节、认罪态度、悔罪表现及对社会的危害程度，依照《中华人民共和国刑法》第二百三十六条第一款、第二款、第六十七条第三款之规定，判决如下：","pjjg":" 被告人刘锐犯强奸罪，判处有期徒刑六年。 （刑期从判决执行之日起计算，判决执行前先行羁押的，羁押一日折抵刑期一日，即自2018年7月12日起至2024年7月11日止。） 如不服本判决，可在接到判决书的第二日起十日内，通过本院或者直接向吉林省通化市中级人民法院提出上诉，书面上诉的，应提交上诉状正本一份，副本两份。","qw":"吉林省梅河口市人民法院 刑事判决书 （2018）吉0581刑初511号 公诉机关吉林省梅河口市人民检察院。 被告人刘锐，男，1997年3月3日出生，汉族，中专文化，无职业，户籍所在地吉林省梅河口市，住梅河口市；曾因犯故意伤害罪，于2017年7月6日被判处拘役四个月；因涉嫌犯强奸罪，于2018年7月12日被梅河口市公安局刑事拘留，同年8月27日被执行逮捕，现羁押于梅河口市看守所。 吉林省梅河口市人民检察院以梅检未检刑诉［2018］4号起诉书指控被告人刘锐犯强奸罪，于2018年10月8日向本院提起公诉。本院经审查于同日受理，并依法适用普通程序，组成合议庭，于2018年10月19日不公开开庭进行了审理。梅河口市人民检察院指派检察员许多、陈强出庭支持公诉，被告人刘锐到庭参加诉讼。本案现已审理终结。 公诉机关指控： 2018年7月11日15时30分许，被害人梁某某（女，被侵害时13周岁）因无处居住让其朋友刘某在“灵隐寺”QQ群中发布了“谁家能住，我宝贝单身，要住几天”的信息，被告人刘锐看见信息后同意梁某某到其家中居住。后梁某某独自前往梅河口市刘锐家中。 当日17时许，二人在家中吃过晚饭后，刘锐在应当知道梁某某系幼女的情况下，趁其在床上玩手机之机，通过暴力和胁迫的方式，强行将梁某某衣服脱光，对其实施了奸淫行为，并强迫梁某某为自己口交，期间又使用自己手机拍摄了梁某某的裸照。奸淫完毕后，刘锐威胁梁某某如果报警，就将其裸照发到互联网上，随后，刘锐允许梁某某离开。 当日18时许，梁某某离开刘锐家后，在铁北体育场附近遇到朋友胡某某等人，梁某某向朋友诉说了自己遭受强奸的经过，随后，梁某某朋友为帮梁某某出气，让梁某某将刘锐约至铁北体育场见面，刘锐到场后双方发生冲突，期间梁某某朋友向梅河口市公安局报警，随后，梅河口市公安局铁北派出所民警在铁北体育场将刘锐抓获归案。 公诉机关向法庭提供了书证、证人证言、被害人陈述、被告人的供述与辩解、鉴定意见、辨认笔录、勘验笔录等证据证明其指控的事实。并认为，被告人刘锐在应当知道对方系未成年幼女的情况下，仍以暴力为手段，违背妇女意志，强行对其实施奸淫行为，严重损害了未成年幼女的身心健康，其行为触犯了《中华人民共和国刑法》第二百三十六条第二款之规定，犯罪事实清楚，证据确实、充分，应当以强奸罪追究其刑事责任。并建议本院在有期徒刑五年六个月至有期徒刑六年六个月期间量刑。依照《中华人民共和国刑事诉讼法》第一百七十二条之规定，提请本院依法判处。 被告人刘锐对公诉机关指控其犯强奸罪的罪名、事实及证据无异议，当庭认罪。 本院经审理查明：被害人梁某某（女，被侵害时13周岁）于2018年7月11日15时30分许，通过其朋友刘某在“灵隐寺”QQ群中发布了“谁家能住，我宝贝单身，要住几天”的信息，被告人刘锐看见信息后同意梁某某到其家中居住，后梁某某独自前往梅河口市刘锐家中。当日17时许，二人吃过晚饭后，刘锐趁梁某某在床上玩手机之机，使用暴力手段，强行对梁某某实施奸淫行为，并强迫梁某某为其口交，期间拍摄了梁某某的裸照，并以将裸照散布到互联网上相威胁阻止梁某某报警，后梁某某离开。当日18时许，梁某某将其被刘锐强奸一事告知朋友胡某某，胡某某等人将刘锐约至铁北体育场附近，双方发生冲突，梁某某朋友报警，公安机关将刘锐抓获。刘锐归案后对其主要犯罪事实予以供认。 认定上述事实的证据有： 1．（2017）吉0581刑初163号刑事判决书，证明被告人刘锐有犯罪前科。 2．聊天记录截图，证明被告人刘锐明知梁某某系未成年幼女并强行与其发生性关系，且拍摄了梁某某的裸照并以将裸照散布在互联网威胁梁某某不准报警的事实。 3．梅河口市中心医院门诊病历，证明梁某某经检查外阴粘膜潮红，7点处有一处破裂，处女膜完整，余无异常。 4．被害人梁某某体检记录，证明梁某某左侧乳房部位呈青紫色改变、右颈部呈青紫色改变、左大腿中段前侧皮肤略发红。 5．辨认笔录，证明被害人梁某某、证人季某、宫某能够辨认出被告人刘锐。 6．现场勘验笔录及照片，证明案发现场情况。 7．吉林省公安厅安康医院司法鉴定意见书，证明刘锐涉案时属癔症，属完全刑事责任能力。 8．证人胡某某证言，证实其在铁北体育场溜达时与朋友梁某某相遇，梁某某哭着告诉其被刘锐强奸的事实。 9．证人祈某某证言，证实其陪朋友胡某某在铁北体育场溜达时，碰到胡某某的朋友梁某某，得知梁某某被人强奸并拍裸照，后被告人到现场与季某冲突的事实。 10．证人季某证言，证实其在铁北体育场溜达时碰到胡某某，胡某某告知其梁某某被强奸并被拍摄裸照，后被告人到达现场与其发生冲突的事实。 11．证人宫某证言，证实和季某一起溜达时碰到胡某某，得知胡某某朋友梁某某被强奸并被拍摄裸照，被告人到达现场与季某冲突的事实。 12．证人苗某证言，证实其和胡某某在铁北体育场溜达时，得知胡某某的朋友梁某某被强奸的事实。 13．证人张某某证言，证实被告人刘锐在微信上告知其强奸未成年人梁某某，害怕梁某某报警，拍摄了梁某某的裸照，以及梁某某大约14周岁的事实。 14．证人刘某证言，证实其朋友梁某某让其帮着找住的地方，其通过“灵隐寺”QQ群发布“谁家能住，我宝贝单身，要住几天”的信息，后被告人刘锐同意梁某某入住的事实。 15．证人孙某某证言，证实被告人刘锐在QQ上告知其将梁某某强奸并拍摄了梁某某的裸照的事实。 16．被害人梁某某陈述，证实通过朋友刘某在“灵隐寺”QQ群发布“谁家能住，我宝贝单身，要住几天”的信息后，与刘锐取得联系并到刘锐家，被刘锐强行奸淫，刘锐将龟头插入其口中，并拍摄裸照威胁其不准报警的事实。 17．被告人刘锐供述，证实梁某某通过“灵隐寺”QQ群联系要到其家中居住，晚饭后，强行扒下梁某某胸罩及内裤，将梁某某奸淫，又强行将生殖器放入梁某某口中让其口交，后拍摄裸照威胁其如果报警就将裸照在网络上散布，以及其告知朋友自己强奸了一个未成年幼女的事实。 以上证据经庭审质证、认证，各证据来源合法，客观真实，能够相互印证，形成完整证据链条，足资认定。 本院认为，被告人刘锐使用暴力手段，强行与幼女发生性关系，其行为已构成强奸罪，应予惩处。公诉机关指控罪名成立，本院予以支持。刘锐有犯罪前科，对其从重处罚；刘锐归案后如实供述主要犯罪事实，对其从轻处罚。综上，根据刘锐的犯罪事实、性质、情节、认罪态度、悔罪表现及对社会的危害程度，依照《中华人民共和国刑法》第二百三十六条第一款、第二款、第六十七条第三款之规定，判决如下： 被告人刘锐犯强奸罪，判处有期徒刑六年。 （刑期从判决执行之日起计算，判决执行前先行羁押的，羁押一日折抵刑期一日，即自2018年7月12日起至2024年7月11日止。） 如不服本判决，可在接到判决书的第二日起十日内，通过本院或者直接向吉林省通化市中级人民法院提出上诉，书面上诉的，应提交上诉状正本一份，副本两份。 审判长侯良 人民陪审员曲远霞 人民陪审员姚行海 二〇一八年十月二十六日 书记员郭金明","writId":"0016af8e8d29af7d1608472c415e717da35","writName":"刘锐强奸罪一审刑事判决书"}
