{"ajId":"7a0eaa25-e63e-47bc-aaa8-86bcebe31298","ajName":"邱熠妨害公务罪一案","ajjbqk":" 福建省龙岩市新罗区人民检察院指控：2019年2月14日凌晨，被告人邱熠与其朋友在龙岩市新罗区梵客酒吧内喝酒，期间邱熠与叶某发生口角并打架，致邱熠嘴唇破裂流血。随后邱熠与叶某被朋友和保安拉至酒吧门口再次争吵，保安报警，叶某等人被劝离，邱熠执意要返回酒吧内找叶某，被其朋友拦住。龙岩市公安局曹溪派出所民警林某接警到场了解情况后，多次劝阻被告人邱熠，但邱熠不听民警劝阻，仍要冲进酒吧内找叶某。在民警林某用手拉住邱熠阻止其再次进入酒吧和制服其过程中，被告人邱熠打了民警林某脸部一拳，踢了民警林某腹部一脚，并辱骂民警，暴力袭击执法的人民警察。经鉴定，民警林某的损伤程度不构成轻微伤。被告人邱熠随后被警察口头传唤到案。公诉机关提供被告人的户籍证明、到案经过、前科材料，公安机关接警、出警记录、情况说明、人民警察工作证等书证；证人曾某、刘某、夏某、黄某、李某、邱某的证言；被害人林某的陈述；被告人邱熠的供述与辩解；被害人林某的伤情鉴定意见；现场监控和执法记录仪等视听资料等证据予以证实。公诉机关认为，被告人邱熠暴力袭击正在依法执行职务的人民警察，其行为触犯了《中华人民共和国刑法》第二百七十七条第一款、第五款，应当以妨害公务罪追究其刑事责任。请依法判处。 被告人邱熠对起诉书指控的犯罪事实和定性均无异议，当庭自愿认罪。被告人的辩护人提出以下辩护意见：1、被告人邱熠当时是醉酒状态，其摆脱、反抗的行为不能认定为暴力袭击警察；2、被告人邱熠是醉酒后失控，主观恶性较小，到案后如实供述犯罪事实，建议对被告人邱熠从轻处罚，并适用缓刑。 经审理查明：2019年2月14日凌晨，被告人邱熠与其朋友在龙岩市新罗区梵客酒吧内喝酒，期间被告人邱熠与叶某发生冲突，被告人邱熠嘴唇破裂流血。后酒吧工作人员报警。龙岩市公安局曹溪派出所民警林某接警到场了解情况后，多次劝阻被告人邱熠，但被告人邱熠不听民警劝阻，仍要冲进酒吧内找叶某。在民警林某用手拉住被告人邱熠阻止其再次进入酒吧和制服其过程中，被告人邱熠暴力袭击民警。随后被告人邱熠被公安机关传唤接受调查。经鉴定，民警林某的损伤程度不构成轻微伤。 上述事实，有以下证据予以证实： 1、受案登记表、立案决定书，证实2019年2月14日凌晨3时50分许民警林某报案被殴打，公安机关于同日立案侦查。 2、到案经过，证实2019年2月14日3时30分许，曹溪派出所民警林某、辅警员曾某接警后出警到曹溪美食城梵克酒吧，了解情况及控制现场时被被告人邱熠拉扯、推搡、威胁并殴打，当日4时30分许，被告人邱熠被民警口头传唤到案。 3、户籍证明、违法犯罪前科查证经过，证实被告人邱熠的身份信息及前科情况。 4、接警、出警详单、警官证复印件，证实2019年2月14日因本案公安机关接警、派出警记录；林某系龙岩市公安局新罗分局民警。 5、接受证据材料清单及截图，证实案发现场情况。 6、公安机关出具的情况说明，证实执法记录仪在拍摄过程中因电量原因自动中断拍摄。 7、证人曾某的证言，证实2019年2月14日凌晨，曹溪派出所民警林某带领其到梵克酒吧，在门口发现了被打的这一方，其中有一个喝醉酒很激动的男子下嘴唇有伤口，林某就上前询问情况，邱某说他和他的朋友在酒吧内给认识的人敬酒的时候被对方打了。现场还有好几个工作人员在抱住并劝下嘴唇受伤的人不要激动，然后林某就告知受伤男子可以先去医院处理伤口，并询问了在场人员的身份信息。那名受伤男子看到警察来了就对警察骂骂咧咧、大喊大叫的，还想冲进酒吧内找打他的人算账。林某就用手拉住那名男子并劝他冷静、警察会处理的。但是那名男子不听劝马上转身就一拳打到民警林某的脸部，这时候邱某看到下嘴唇受伤的男子打了民警，他也就大喊“警察打人了”并冲上来用力推林某，抱住林某的脖子想把林某往地板上按，同时那名受伤男子一脚踢在林某的腹部，然后其和在场的工作人员就马上将邱某和受伤男子控制并分开来，等增援的警力到场后一起将在场人员带回了公安机关。 辨认被告人邱熠和邱某。 8、证人刘某的证言，证实2019年2月14日凌晨和邱熠、黄某、李某等人在梵克酒吧喝酒，期间邱熠和叶某一方人发生冲突，邱熠被叶某一方人打了嘴唇破裂流血，邱熠就一直想要打叶某他们，在酒吧门口被酒吧工作人员劝住，双方就在酒吧门口一直争吵不休，酒吧工作人员就报警了，警察来的时候叶某一方人就被李某劝到酒吧里面去了，邱熠因为喝多了，就和警察发生语言冲突，一直对警察指手画脚并辱骂警察，其在旁边一直拉邱熠都拉不住他，邱熠一直不听，和警察发生了拉扯，随后特警也到了现场，邱熠、邱某和其就都被警察控制住后被带到公安局。邱熠一直想冲进酒吧找叶某打架，警察有劝阻邱熠并拉住他，邱熠喝酒后发酒疯不听劝阻，一直辱骂警察并和警察发生拉扯，没有注意到他是否动手打警察。其打电话给邱某让他过来劝邱熠回去。邱某比警察先到现场。 9、证人夏某的证言，证实2019年2月14日凌晨3点30分左右，有客人在梵克酒吧起冲突，酒吧工作人员就把他们拉到酒吧门口劝他们不要争吵打架，后酒吧的员工就报警了。其中一方看到报警就走掉了，民警到达现场后，醉酒男子一口咬定对方还在酒吧里面，民警劝他不要进去酒吧，其他的事情警察会处理。醉酒男子不听，执意要往里面去，这时民警就拉住他，他就反手打了民警脸部一拳，然后这个醉酒男子的朋友就过来劝他不要冲动，他还是不听，一直辱骂民警，说民警故意放走对方。接着陆续来了很多警察，就把这个醉酒的男子跟他的三四个朋友带到公安机关了。当时只有这个醉酒的男子打民警。他朋友帮忙劝阻。他朋友在帮忙劝阻时有推民警，应该是想把这个醉酒男子跟警察分开，让醉酒男子冷静下来。 10、证人黄某的证言，证实2019年2月14日凌晨在梵克酒吧碰到邱熠，其就过去敬了两杯酒，后来看到一群保安把邱熠带到梵克门口去，出去看到邱熠嘴唇裂开了，嘴巴里面都是血，说被人打了，其看他喝醉了怕他发酒疯，就一直抱住他，看他嘴巴还在流血，就跑进酒吧拿纸巾，出来的时候就看到来了两个警察，其当时一直抱住邱熠，他一直想挣脱，不知道他要去哪里，他一挣脱就往前走，又被其抱住。后其再次回酒吧去拿纸巾出来时看到警察摁住邱熠，邱熠在反抗，他被警察摁住地板上后就一直吐，警察看到邱熠吐了就没继续摁他，还问邱熠要不要去医院。后来没过多久就来了两部黑色的特警车，并让其去做笔录。 11、证人李某的证言，证实2019年2月14日凌晨3时许在梵克酒吧门口，邱熠因在酒吧里面喝酒和他人发生冲突，被对方打了，嘴角有受伤，一直在酒吧门口想要找对方，双方争吵起来，然后其和梵克酒吧的工作人员一直将双方拦住，他们双方一直争吵不停，梵克酒吧的工作人员就报警了，报警后其就将打邱熠的一方人劝到了酒吧里面，过了半个小时左右其再出来的时候就看到邱熠已经被警察铐住蹲在地板上了，周围有很多警察，邱熠一直在地上辱骂警察，不久特警也来了，就被警察带到公安局了。 12、被害人林某的陈述，证实2019年2月14日3时23分许接到110指挥中心的指令，在曹溪美食城梵克酒吧门口有四五个人打架，未持械，接到指令后和所里的协警曾某前往事发地点处置，到达现场后叫曾某打开执法记录仪进行处警记录，随后其向现场人员表明身份了解情况，邱某说是他的朋友打架，但未说明原因。其看他有喝酒就问现场酒吧工作人员，称有客人在酒吧内发生打架，其中一人被拉到门口，酒吧工作人员报的警。看门口被拉住的那名男子情绪很激动，要冲到酒吧找打他的人，其就告知他冷静并叫他的朋友劝他，这时邱某说邱熠和叶某因喝醉酒口角引发打架，叶某之前还在酒吧里面。问邱熠是否要先行到医院处理，或者可以配合民警到派出所制作笔录，他说他的事情不用民警处理，就要到酒吧内找叶某单挑，其跟他说民警已到达现场了解情况，请他配合，会依法处理，邱熠情绪一直很激动，不听劝阻。这时他的朋友有拉住他，其就找邱某了解双方人员信息，后再次问邱熠是否先行到医院处理伤口，邱熠一直说不用，要到酒吧内找叶某单挑，其说民警会依法处理，他就说为什么他被打了民警不去找打他的人，其告诉他需要先将情况了解清楚，涉案人员逃脱不了，他一直不听，边挣脱他朋友同时往路边走，其再次叫他冷静，是否需要到医院，他朋友说需要先到医院，其就问他们是自行打车还是需要警车送他们去医院。这时邱熠就将矛头指向其，说其袒护打他的人，还用粗话骂其，其就警告他民警在执法过程中请他配合，请他文明用语，他就说他骂能怎么样，有本事抓他啊，其告诉他谁对谁错了解清楚会依法处理好的，请他放心，不要激动，他不但不听还要继续前往酒吧内找殴打他的叶某，这时候拉住他的朋友估计也累了就没再拉他，他就往酒吧门口冲，这时其和他的朋友都往前拦住他。在酒吧门口将邱熠拦下后，他就大喊大叫，和他朋友将他拉住并往外拉，不让他到酒吧内让事态升级，突然他就用右手的拳头打其左边脸颊部位一拳，又用右脚踢其左侧腹部，又要拉扯其警服，其就将邱熠推开，同时他也被其他人拉开，这时邱某就上前推其，说警察怎么可以打人，并用右手抱住其脖子，扣住右手，要将其往地板上摔，其挣脱开并警告他们已经涉嫌妨碍执行公务了，再次要求他们冷静，他们在周边人员的劝阻下没有再动手，其就打电话报指挥中心请求支援并打电话给所里值班领导汇报现场情况需要支援，同时叫同事向监察室值班员汇报情况，过了一会儿同事到场后就将邱熠和邱某控制住，随后特警支援到场后，经现场领导指令，将现场相关人员带到公安机关进行调查。左脸颊部位被打到一拳，有酸痛感；左侧腹部被踢了一脚，左腹部微涨。 辨认被告人邱熠和邱某。 13、证人邱某的证言、辨认笔录，证实2019年2月14日凌晨3时许，“小黑”说邱熠和叶某在曹溪梵克发生争吵打起来了，其当时在西城九龙吃点心，后打的到梵克看到邱熠和叶某在梵克门口吵架，邱熠嘴巴有流血，其就问他们两个怎么回事，他们说是敬酒的事情吵起来的，其就叫他们不要吵，还跟叶某说都是从小玩到大的朋友，有什么好打的，后叶某就走回梵克里面了。这时来了一辆警车，下来两名穿黑色制服的民警，民警到现场后就了解情况，邱熠这时候还一直要冲到梵克里面找叶某算账，现场的人就一直拉着邱熠不让他进去，民警也一直在劝邱熠叫他冷静，还说民警已经到现场了，之后的事情民警会处理好，不让他冲进梵克找叶某。邱熠不听，仍要冲进凡客酒吧殴打叶某，后面邱熠就和民警吵了起来。不知怎么回事，其看到邱熠摔倒在地板上，很生气就冲过去推了那名民警两下，后又用手抱住民警的上半身，民警比其高，其看不到前面的情况。民警就叫现场的人要冷静，就被人拉开了，之后现场又来了几名警察把其控制带到了公安机关。民警到现场后了解情况完，就劝说不要冲动，有什么事情民警会处理，还向大家说明打架的后果。 当时看到邱熠想冲进酒吧找叶某的时候，民警拦住邱熠时用力气比较大，邱熠就倒在地板上了，其以为民警要打邱熠，就上前推了那个民警两下，之后又抱住民警，当时没有想太多。之后一直有给民警道歉。 辨认被告人邱熠及叶某。 14、被告人邱熠的供述与辩解、辨认笔录，证实2019年2月14日凌晨和邱某、“小黑”去梵克酒吧喝酒，前面已经喝了两场酒，这次是第三场，在梵克喝酒时碰到叶某、黄某，其就叫他们两个到其这桌喝酒，黄某有过来敬酒，但叶某没有过来，其一直叫叶某过来，他一直不过来，后面不知道怎么的跟叶某起了冲突，然后其就被保安拉出门口，后发现嘴巴流血了，其又想去找叶某，周围的邱某、黄某他们都拦着不让其去找，这时候来了两个警察问其怎么回事，喝多了就不要在这里闹事，有什么事情讲清楚就好了，警察看其嘴巴流血，问其要不要去医院看一下。其跟警察说被打了，后面的事情其就断片了，好像被警察摁在地板上，问警察为什么不抓打其的人，反而要抓其，后面的事情就不记得。警察都有穿制服，他们来之前其嘴巴已经受伤了。其没有骂警察，只是说很不公平，为什么其被打却被抓，打其的人警察却不抓，很不公平。其就喝多了，忘记是否有殴打民警。 辨认邱某。 15、龙岩市公安局新罗分局物证鉴定室出具的鉴定意见，证实被害人林某的损伤程度不构成轻微伤。 16、视听资料光盘，证实案发现场情况。 上述证据，经庭审质证，证据取得程序合法，内容真实有效，各证据间能够相互印证，证明本案的事实，可以作为本案的定案依据，本院予以确认。 ","cpfxgc":"本院认为，被告人邱熠暴力袭击正在依法执行职务的人民警察，其行为已构成妨害公务罪。公诉机关指控的罪名成立，予以采纳。我国刑法第十八条规定，醉酒的人犯罪，应当负刑事责任。被告人邱熠在公安民警出警现场后能够辨认民警身份，在民警执行警务过程中，暴力袭击民警，依法予以从重处罚。被告人邱熠的辩护人提出被告人醉酒后没有意识到袭击警察、请求适用缓刑的辩护意见，理由不成立，不应采纳。被告人邱熠当庭自愿认罪，酌情予以从轻处罚。依照《中华人民共和国刑法》第二百七十七条第一款、第五款，第十八条第四款，第六十一条，第六十二条，第四十五条，第四十七条的规定，判决如下：","pjjg":" 一、被告人邱熠犯妨害公务罪，判处有期徒刑六个月。 （刑期从判决执行之日起计算。判决执行以前先行羁押的，羁押一日折抵刑期一日。即自2019年2月14日起至2019年8月13日止）。 二、随案移送光盘壹张，系案件证据，随案存查。 如不服本判决，可在接到判决书的第二日起十日内，通过本院或直接向龙岩市中级人民法院提出上诉。书面上诉的，应提交上诉状正本一份、副本一份。","qw":"福建省龙岩市新罗区人民法院 刑事判决书 （2019）闽0802刑初432号 公诉机关福建省龙岩市新罗区人民检察院。 被告人邱熠，男，1987年11月3日出生于龙岩市新罗区，汉族，初中文化，无业，户籍地龙岩市新罗区。因本案于2019年2月14日被龙岩市公安局新罗分局刑事拘留，同年3月15日被执行逮捕。现羁押于龙岩市看守所。 辩护人陈文慧，福建力涵律师事务所律师。 福建省龙岩市新罗区人民检察院以龙新检公刑诉（2019）389号起诉书指控被告人邱熠犯妨害公务罪，于2019年5月31日向本院提起公诉。本院依法组成合议庭，公开开庭进行了审理。福建省龙岩市新罗区人民检察院指派检察员苏焜明出庭支持公诉，被告人邱熠及其辩护人陈文慧到庭参加诉讼。现已审理终结。 福建省龙岩市新罗区人民检察院指控：2019年2月14日凌晨，被告人邱熠与其朋友在龙岩市新罗区梵客酒吧内喝酒，期间邱熠与叶某发生口角并打架，致邱熠嘴唇破裂流血。随后邱熠与叶某被朋友和保安拉至酒吧门口再次争吵，保安报警，叶某等人被劝离，邱熠执意要返回酒吧内找叶某，被其朋友拦住。龙岩市公安局曹溪派出所民警林某接警到场了解情况后，多次劝阻被告人邱熠，但邱熠不听民警劝阻，仍要冲进酒吧内找叶某。在民警林某用手拉住邱熠阻止其再次进入酒吧和制服其过程中，被告人邱熠打了民警林某脸部一拳，踢了民警林某腹部一脚，并辱骂民警，暴力袭击执法的人民警察。经鉴定，民警林某的损伤程度不构成轻微伤。被告人邱熠随后被警察口头传唤到案。公诉机关提供被告人的户籍证明、到案经过、前科材料，公安机关接警、出警记录、情况说明、人民警察工作证等书证；证人曾某、刘某、夏某、黄某、李某、邱某的证言；被害人林某的陈述；被告人邱熠的供述与辩解；被害人林某的伤情鉴定意见；现场监控和执法记录仪等视听资料等证据予以证实。公诉机关认为，被告人邱熠暴力袭击正在依法执行职务的人民警察，其行为触犯了《中华人民共和国刑法》第二百七十七条第一款、第五款，应当以妨害公务罪追究其刑事责任。请依法判处。 被告人邱熠对起诉书指控的犯罪事实和定性均无异议，当庭自愿认罪。被告人的辩护人提出以下辩护意见：1、被告人邱熠当时是醉酒状态，其摆脱、反抗的行为不能认定为暴力袭击警察；2、被告人邱熠是醉酒后失控，主观恶性较小，到案后如实供述犯罪事实，建议对被告人邱熠从轻处罚，并适用缓刑。 经审理查明：2019年2月14日凌晨，被告人邱熠与其朋友在龙岩市新罗区梵客酒吧内喝酒，期间被告人邱熠与叶某发生冲突，被告人邱熠嘴唇破裂流血。后酒吧工作人员报警。龙岩市公安局曹溪派出所民警林某接警到场了解情况后，多次劝阻被告人邱熠，但被告人邱熠不听民警劝阻，仍要冲进酒吧内找叶某。在民警林某用手拉住被告人邱熠阻止其再次进入酒吧和制服其过程中，被告人邱熠暴力袭击民警。随后被告人邱熠被公安机关传唤接受调查。经鉴定，民警林某的损伤程度不构成轻微伤。 上述事实，有以下证据予以证实： 1、受案登记表、立案决定书，证实2019年2月14日凌晨3时50分许民警林某报案被殴打，公安机关于同日立案侦查。 2、到案经过，证实2019年2月14日3时30分许，曹溪派出所民警林某、辅警员曾某接警后出警到曹溪美食城梵克酒吧，了解情况及控制现场时被被告人邱熠拉扯、推搡、威胁并殴打，当日4时30分许，被告人邱熠被民警口头传唤到案。 3、户籍证明、违法犯罪前科查证经过，证实被告人邱熠的身份信息及前科情况。 4、接警、出警详单、警官证复印件，证实2019年2月14日因本案公安机关接警、派出警记录；林某系龙岩市公安局新罗分局民警。 5、接受证据材料清单及截图，证实案发现场情况。 6、公安机关出具的情况说明，证实执法记录仪在拍摄过程中因电量原因自动中断拍摄。 7、证人曾某的证言，证实2019年2月14日凌晨，曹溪派出所民警林某带领其到梵克酒吧，在门口发现了被打的这一方，其中有一个喝醉酒很激动的男子下嘴唇有伤口，林某就上前询问情况，邱某说他和他的朋友在酒吧内给认识的人敬酒的时候被对方打了。现场还有好几个工作人员在抱住并劝下嘴唇受伤的人不要激动，然后林某就告知受伤男子可以先去医院处理伤口，并询问了在场人员的身份信息。那名受伤男子看到警察来了就对警察骂骂咧咧、大喊大叫的，还想冲进酒吧内找打他的人算账。林某就用手拉住那名男子并劝他冷静、警察会处理的。但是那名男子不听劝马上转身就一拳打到民警林某的脸部，这时候邱某看到下嘴唇受伤的男子打了民警，他也就大喊“警察打人了”并冲上来用力推林某，抱住林某的脖子想把林某往地板上按，同时那名受伤男子一脚踢在林某的腹部，然后其和在场的工作人员就马上将邱某和受伤男子控制并分开来，等增援的警力到场后一起将在场人员带回了公安机关。 辨认被告人邱熠和邱某。 8、证人刘某的证言，证实2019年2月14日凌晨和邱熠、黄某、李某等人在梵克酒吧喝酒，期间邱熠和叶某一方人发生冲突，邱熠被叶某一方人打了嘴唇破裂流血，邱熠就一直想要打叶某他们，在酒吧门口被酒吧工作人员劝住，双方就在酒吧门口一直争吵不休，酒吧工作人员就报警了，警察来的时候叶某一方人就被李某劝到酒吧里面去了，邱熠因为喝多了，就和警察发生语言冲突，一直对警察指手画脚并辱骂警察，其在旁边一直拉邱熠都拉不住他，邱熠一直不听，和警察发生了拉扯，随后特警也到了现场，邱熠、邱某和其就都被警察控制住后被带到公安局。邱熠一直想冲进酒吧找叶某打架，警察有劝阻邱熠并拉住他，邱熠喝酒后发酒疯不听劝阻，一直辱骂警察并和警察发生拉扯，没有注意到他是否动手打警察。其打电话给邱某让他过来劝邱熠回去。邱某比警察先到现场。 9、证人夏某的证言，证实2019年2月14日凌晨3点30分左右，有客人在梵克酒吧起冲突，酒吧工作人员就把他们拉到酒吧门口劝他们不要争吵打架，后酒吧的员工就报警了。其中一方看到报警就走掉了，民警到达现场后，醉酒男子一口咬定对方还在酒吧里面，民警劝他不要进去酒吧，其他的事情警察会处理。醉酒男子不听，执意要往里面去，这时民警就拉住他，他就反手打了民警脸部一拳，然后这个醉酒男子的朋友就过来劝他不要冲动，他还是不听，一直辱骂民警，说民警故意放走对方。接着陆续来了很多警察，就把这个醉酒的男子跟他的三四个朋友带到公安机关了。当时只有这个醉酒的男子打民警。他朋友帮忙劝阻。他朋友在帮忙劝阻时有推民警，应该是想把这个醉酒男子跟警察分开，让醉酒男子冷静下来。 10、证人黄某的证言，证实2019年2月14日凌晨在梵克酒吧碰到邱熠，其就过去敬了两杯酒，后来看到一群保安把邱熠带到梵克门口去，出去看到邱熠嘴唇裂开了，嘴巴里面都是血，说被人打了，其看他喝醉了怕他发酒疯，就一直抱住他，看他嘴巴还在流血，就跑进酒吧拿纸巾，出来的时候就看到来了两个警察，其当时一直抱住邱熠，他一直想挣脱，不知道他要去哪里，他一挣脱就往前走，又被其抱住。后其再次回酒吧去拿纸巾出来时看到警察摁住邱熠，邱熠在反抗，他被警察摁住地板上后就一直吐，警察看到邱熠吐了就没继续摁他，还问邱熠要不要去医院。后来没过多久就来了两部黑色的特警车，并让其去做笔录。 11、证人李某的证言，证实2019年2月14日凌晨3时许在梵克酒吧门口，邱熠因在酒吧里面喝酒和他人发生冲突，被对方打了，嘴角有受伤，一直在酒吧门口想要找对方，双方争吵起来，然后其和梵克酒吧的工作人员一直将双方拦住，他们双方一直争吵不停，梵克酒吧的工作人员就报警了，报警后其就将打邱熠的一方人劝到了酒吧里面，过了半个小时左右其再出来的时候就看到邱熠已经被警察铐住蹲在地板上了，周围有很多警察，邱熠一直在地上辱骂警察，不久特警也来了，就被警察带到公安局了。 12、被害人林某的陈述，证实2019年2月14日3时23分许接到110指挥中心的指令，在曹溪美食城梵克酒吧门口有四五个人打架，未持械，接到指令后和所里的协警曾某前往事发地点处置，到达现场后叫曾某打开执法记录仪进行处警记录，随后其向现场人员表明身份了解情况，邱某说是他的朋友打架，但未说明原因。其看他有喝酒就问现场酒吧工作人员，称有客人在酒吧内发生打架，其中一人被拉到门口，酒吧工作人员报的警。看门口被拉住的那名男子情绪很激动，要冲到酒吧找打他的人，其就告知他冷静并叫他的朋友劝他，这时邱某说邱熠和叶某因喝醉酒口角引发打架，叶某之前还在酒吧里面。问邱熠是否要先行到医院处理，或者可以配合民警到派出所制作笔录，他说他的事情不用民警处理，就要到酒吧内找叶某单挑，其跟他说民警已到达现场了解情况，请他配合，会依法处理，邱熠情绪一直很激动，不听劝阻。这时他的朋友有拉住他，其就找邱某了解双方人员信息，后再次问邱熠是否先行到医院处理伤口，邱熠一直说不用，要到酒吧内找叶某单挑，其说民警会依法处理，他就说为什么他被打了民警不去找打他的人，其告诉他需要先将情况了解清楚，涉案人员逃脱不了，他一直不听，边挣脱他朋友同时往路边走，其再次叫他冷静，是否需要到医院，他朋友说需要先到医院，其就问他们是自行打车还是需要警车送他们去医院。这时邱熠就将矛头指向其，说其袒护打他的人，还用粗话骂其，其就警告他民警在执法过程中请他配合，请他文明用语，他就说他骂能怎么样，有本事抓他啊，其告诉他谁对谁错了解清楚会依法处理好的，请他放心，不要激动，他不但不听还要继续前往酒吧内找殴打他的叶某，这时候拉住他的朋友估计也累了就没再拉他，他就往酒吧门口冲，这时其和他的朋友都往前拦住他。在酒吧门口将邱熠拦下后，他就大喊大叫，和他朋友将他拉住并往外拉，不让他到酒吧内让事态升级，突然他就用右手的拳头打其左边脸颊部位一拳，又用右脚踢其左侧腹部，又要拉扯其警服，其就将邱熠推开，同时他也被其他人拉开，这时邱某就上前推其，说警察怎么可以打人，并用右手抱住其脖子，扣住右手，要将其往地板上摔，其挣脱开并警告他们已经涉嫌妨碍执行公务了，再次要求他们冷静，他们在周边人员的劝阻下没有再动手，其就打电话报指挥中心请求支援并打电话给所里值班领导汇报现场情况需要支援，同时叫同事向监察室值班员汇报情况，过了一会儿同事到场后就将邱熠和邱某控制住，随后特警支援到场后，经现场领导指令，将现场相关人员带到公安机关进行调查。左脸颊部位被打到一拳，有酸痛感；左侧腹部被踢了一脚，左腹部微涨。 辨认被告人邱熠和邱某。 13、证人邱某的证言、辨认笔录，证实2019年2月14日凌晨3时许，“小黑”说邱熠和叶某在曹溪梵克发生争吵打起来了，其当时在西城九龙吃点心，后打的到梵克看到邱熠和叶某在梵克门口吵架，邱熠嘴巴有流血，其就问他们两个怎么回事，他们说是敬酒的事情吵起来的，其就叫他们不要吵，还跟叶某说都是从小玩到大的朋友，有什么好打的，后叶某就走回梵克里面了。这时来了一辆警车，下来两名穿黑色制服的民警，民警到现场后就了解情况，邱熠这时候还一直要冲到梵克里面找叶某算账，现场的人就一直拉着邱熠不让他进去，民警也一直在劝邱熠叫他冷静，还说民警已经到现场了，之后的事情民警会处理好，不让他冲进梵克找叶某。邱熠不听，仍要冲进凡客酒吧殴打叶某，后面邱熠就和民警吵了起来。不知怎么回事，其看到邱熠摔倒在地板上，很生气就冲过去推了那名民警两下，后又用手抱住民警的上半身，民警比其高，其看不到前面的情况。民警就叫现场的人要冷静，就被人拉开了，之后现场又来了几名警察把其控制带到了公安机关。民警到现场后了解情况完，就劝说不要冲动，有什么事情民警会处理，还向大家说明打架的后果。 当时看到邱熠想冲进酒吧找叶某的时候，民警拦住邱熠时用力气比较大，邱熠就倒在地板上了，其以为民警要打邱熠，就上前推了那个民警两下，之后又抱住民警，当时没有想太多。之后一直有给民警道歉。 辨认被告人邱熠及叶某。 14、被告人邱熠的供述与辩解、辨认笔录，证实2019年2月14日凌晨和邱某、“小黑”去梵克酒吧喝酒，前面已经喝了两场酒，这次是第三场，在梵克喝酒时碰到叶某、黄某，其就叫他们两个到其这桌喝酒，黄某有过来敬酒，但叶某没有过来，其一直叫叶某过来，他一直不过来，后面不知道怎么的跟叶某起了冲突，然后其就被保安拉出门口，后发现嘴巴流血了，其又想去找叶某，周围的邱某、黄某他们都拦着不让其去找，这时候来了两个警察问其怎么回事，喝多了就不要在这里闹事，有什么事情讲清楚就好了，警察看其嘴巴流血，问其要不要去医院看一下。其跟警察说被打了，后面的事情其就断片了，好像被警察摁在地板上，问警察为什么不抓打其的人，反而要抓其，后面的事情就不记得。警察都有穿制服，他们来之前其嘴巴已经受伤了。其没有骂警察，只是说很不公平，为什么其被打却被抓，打其的人警察却不抓，很不公平。其就喝多了，忘记是否有殴打民警。 辨认邱某。 15、龙岩市公安局新罗分局物证鉴定室出具的鉴定意见，证实被害人林某的损伤程度不构成轻微伤。 16、视听资料光盘，证实案发现场情况。 上述证据，经庭审质证，证据取得程序合法，内容真实有效，各证据间能够相互印证，证明本案的事实，可以作为本案的定案依据，本院予以确认。 本院认为，被告人邱熠暴力袭击正在依法执行职务的人民警察，其行为已构成妨害公务罪。公诉机关指控的罪名成立，予以采纳。我国刑法第十八条规定，醉酒的人犯罪，应当负刑事责任。被告人邱熠在公安民警出警现场后能够辨认民警身份，在民警执行警务过程中，暴力袭击民警，依法予以从重处罚。被告人邱熠的辩护人提出被告人醉酒后没有意识到袭击警察、请求适用缓刑的辩护意见，理由不成立，不应采纳。被告人邱熠当庭自愿认罪，酌情予以从轻处罚。依照《中华人民共和国刑法》第二百七十七条第一款、第五款，第十八条第四款，第六十一条，第六十二条，第四十五条，第四十七条的规定，判决如下： 一、被告人邱熠犯妨害公务罪，判处有期徒刑六个月。 （刑期从判决执行之日起计算。判决执行以前先行羁押的，羁押一日折抵刑期一日。即自2019年2月14日起至2019年8月13日止）。 二、随案移送光盘壹张，系案件证据，随案存查。 如不服本判决，可在接到判决书的第二日起十日内，通过本院或直接向龙岩市中级人民法院提出上诉。书面上诉的，应提交上诉状正本一份、副本一份。 审判长陈炎银 人民陪审员余亿明 人民陪审员林源 二〇一九年六月十四日 书记员邱丽艳（代） 速录员林茜茜（代） 本案主要适用的法律： 《中华人民共和国刑法》 第二百七十七条以暴力、威胁方法阻碍国家机关工作人员依法执行职务的，处三年以下有期徒刑、拘役、管制或者罚金。 以暴力、威胁方法阻碍全国人民代表大会和地方各级人民代表大会代表依法执行代表职务的，依照前款的规定处罚。 在自然灾害和突发事件中，以暴力、威胁方法阻碍红十字会工作人员依法履行职责的，依照第一款的规定处罚。 故意阻碍国家安全机关、公安机关依法执行国家安全工作任务，未使用暴力、威胁方法，造成严重后果的，依照第一款的规定处罚。 暴力袭击正在依法执行职务的人民警察的，依照第一款的规定从重处罚。 第十八条精神病人在不能辨认或者不能控制自己行为的时候造成危害结果，经法定程序鉴定确认的，不负刑事责任，但是应当责令他的家属或者监护人严加看管和医疗；在必要的时候，由政府强制医疗。 间歇性的精神病人在精神正常的时候犯罪，应当负刑事责任。 尚未完全丧失辨认或者控制自己行为能力的精神病人犯罪的，应当负刑事责任，但是可以从轻或者减轻处罚。 醉酒的人犯罪，应当负刑事责任。 第四十五条有期徒刑的期限，除本法第五十条、第六十九条规定外，为六个月以上十五年以下。 第四十七条有期徒刑的刑期，从判决执行之日起计算；判决执行以前先行羁押的，羁押一日折抵刑期一日。 第六十一条对于犯罪分子决定刑罚的时候，应当根据犯罪的事实、犯罪的性质、情节和对于社会的危害程度，依照本法的有关规定判处。 第六十二条犯罪分子具有本法规定的从重处罚、从轻处罚情节的，应当在法定刑的限度以内判处刑罚。","writId":"04775a821e28f943a1fd511c996ace621dc","writName":"邱熠妨害公务罪一审刑事判决书"}
