{"ajId":"fc90ce22-b77b-46cb-9720-7a82ef039c3e","ajName":"牟某甲犯容留他人吸毒罪一案","ajjbqk":" 原判认定，2016年7月3日下午，被告人牟勇在富顺县富世镇冬瓜山菜市场老年协会X租住屋内，伙同胡某、辛某一起吸食冰毒。同月5日下午，牟勇在其租住屋内伙同邓某、刘某、胡某一起吸食冰毒的过程中被抓获。经检测，牟勇及吸毒人员邓某、胡某、刘某、辛某尿检呈阳性。 原判认定上述事实的证据，有受案登记表、立案决定书、人口信息、抓获说明、收缴物品清单、勘验检查笔录、辨认笔录、行政处罚决定书、毒品现场检测报告，证人辛某、胡某、邓某等人证言、被告人牟勇供述等证据证实。 原判认为，被告人牟勇违反社会管理秩序，在其租屋中容留他人吸食毒品的行为，已构成容留他人吸毒罪。依法应在三年以下有期徒刑、拘役或者管制，并处罚金的幅度内判处刑罚；牟勇自愿认罪，可从轻处罚。依照《中华人民共和国刑法》第三百五十四条、第六十七条第三款之规定，判决：被告人牟勇犯容留他人吸毒罪，判处有期徒刑六个月，并处罚三千元。 四川省自贡市人民检察院抗诉提出，被告人牟勇犯容留他人吸毒罪，一审认定事实确有错误，导致量刑畸轻，诉请依法改判。理由：其一，一审没有认定2016年7月3日晚上，牟勇伙同胡某、辛某（15岁）在其租住屋内一起吸食毒品；其二，一审未认定牟勇容留未成年人辛某吸毒；其三，一审未认定牟勇系多次容留他人吸毒。 牟勇在二审庭审中辩解，与辛某在自家租屋内吸毒时不知道辛某属未成年人，请求不支持抗诉改判理由。 二审审理查明，2016年5月至同年7月期间，原审被告人牟勇在富顺县富世镇冬瓜山菜市场老年协会X租住屋内，多次伙同胡某、刘某、邓某、辛某（15岁）等人吸食毒品。2016年7月3日下午和晚上，牟勇在该租屋内伙同胡某、辛某一起吸食毒品；同年同月5日下午，牟勇在该租住屋内伙同刘某、邓某、胡某一起吸食毒品后，当日17时许被查获。随后，胡某、刘某、辛某分别被抓获。经现场检测，上述吸毒人员尿检均呈阳性。 上述事实有以下证据证实： 1．受案登记表、立案决定书等诉讼文书，证实原审被告人牟勇因容留他人吸食毒品被立案侦查等情况。 2．人口信息，证实原审被告人牟勇系具完全刑事责任能力的自然人。 3．抓获说明、到案说明等，证实本案于2016年7月5日案发，以及牟勇等吸毒人员被抓获。 4．检查笔录、证据保全清单，证实案发时，公安机关对牟勇租屋进行现场勘验、检查，以及对牟勇提交的两瓶分别插有黑色吸管的怡宝矿泉水水瓶等物进行证据保全。 5．行政处罚决定书、毒品现场检测报告、尿检照片、指认照片、强制隔离戒毒决定书，证实2016年7月5日案发后，公安机关对牟勇等吸毒人员进行现场检测，并作出行政处罚决定，期限自2016年7月6日至同年7月21日止。 6．辨认笔录、指认笔录及照片，证实上述吸毒人员分别辨认出对方系在牟勇租屋内吸食毒品的人，以及牟勇等人指认吸毒场所和吸毒工具。 7．吸毒人员动态管控详细信息，证实自贡市公安局沿滩分局禁毒大队初次发现牟勇吸毒的时间为2010年4月27日，自2014年6月开始强制隔离戒毒。 8．辛某的人口信息，证实辛成林出生于2000年11月7日。 9．牟某、曾某证言，证实其分别系牟勇的父亲和母亲，富顺县房屋是他们一家人租住的。2015年8月至2016年7月，一直是牟勇单独使用该房。平时牟勇无经济收入。 10．辛某言，证实自己小学三年级后辍学。2016年6月30日至同年7月4日包括同年7月3日下午和晚上，在牟勇租住屋内，共计与牟勇吸食毒品冰毒五次。 11．刘某证言，证实自己于2016年5月至7月包括7月5日下午，在牟勇的租住屋内伙同牟勇、邓某、胡某等人多次吸食毒品冰毒。 12．胡某证言，证实自己于2016年5月至7月包括7月3日下午和晚上、7月5日下午，在牟勇的租住屋内，伙同牟勇、邓某、刘某等人多次吸食毒品冰毒。 13．邓某证言，证实自己于2016年5月至7月包括7月5日下午，在牟勇的租住屋内伙同牟勇、胡某、刘某等人多次吸食毒品冰毒。 14．原审被告人牟勇供述，证实自己于2016年5月至7月期间，在自家租住屋内，多次与邓某、刘某、胡某、辛某等人吸食毒品冰毒，为这些人提供吸毒场所、吸毒工具。其中，与某一起吸毒三至四次，与邓某、胡某、刘某等人单独或分别吸毒五次至十次不等。牟勇还供述了2016年7月3日下午和晚上，为胡某、辛某提供该租住屋并伙同二人一起吸食冰毒的过程；供述了同年同月5日下午，为邓勇、胡某、刘某等人提供该租住屋并伙同吸食毒品冰毒的过程；供述了其在租住屋内几次单独伙同辛某吸食冰毒的过程，并知道辛某是15、16岁的娃儿。 ","cpfxgc":"本院认为，原审被告人牟勇多次为他人提供吸食毒品的场所，容许并伙同他人在其租住屋内吸食毒品的行为，已构成容留他人吸毒罪。抗诉机关提出的一审认定事实确有错误，导致量刑畸轻的意见，经查，牟勇供述、胡某、辛某等吸毒人员均证实，2016年7月3日晚上，牟勇提供其租住屋并伙同胡某、辛某一起吸食毒品，当天包括下午，牟勇在该租屋内两次容许并伙同二人吸食毒品，且辛某属15岁的未成年人；在案证据证实牟勇多次容许并伙同多名吸毒人员在其租住屋内吸食毒品。故抗诉机关关于一审认定事实错误的理由成立，予以采纳；关于抗诉提出的一审量刑畸轻的意见，根据最高人民法院相关司法解释的规定，容留未成年人吸毒，不论次数和人数多少均构成容留他人吸毒罪。本案牟勇不仅多次容许并伙同多名吸毒人员在其租住屋内吸食毒品，而且多次容留未成年人吸食毒品。对于这一事实情节，在对牟勇量刑处罚时应予以评价。关于牟勇辩解伙同辛某在自己的租屋内吸食时不知其属未成年人的理由，与现有在案证据和审理查明的事实不符，不予采纳；牟勇归案后如实供述犯罪事实，但二审庭审中，否认知道辛某属未成年人，对原供述内容部分翻供，故不能适用刑法第六十七条第三款对其从轻处罚的规定。 综上，原判认定部分事实不正确，导致量刑不当，应予改判。毒品严重危害广大公民身心健康，为严厉打击毒品犯罪，依照《中华人民共和国刑法》第三百五十四条、《中华人民共和国刑事诉讼法》第二百二十五条第一款第（三）项的规定，判决如下：","pjjg":" 一、撤销富顺县人民法院（2016）川0322刑初263号刑事判决。 二、原审被告人牟勇犯容留他人吸毒罪，判处有期徒刑一年三个月，并处罚金三千元。 （刑期从判决执行之日起计算，判决执行以前先行羁押的，羁押一日折抵刑期一日，即自2016年9月30日起至2017年12月29日止） 本判决为终审判决。","qw":"牟勇容留他人吸毒二审刑事判决书 四川省自贡市中级人民法院 刑事判决书 （2016）川03刑终200号 抗诉机关（原公诉机关）富顺县人民检察院。 原审被告人牟勇，男，生于1987年8月17日，四川省自贡市，汉族，小学文化，户籍地四川省自贡市沿滩区，住四川省富顺县。因吸毒于2016年7月6日至同年7月21日行政拘留，同时决定强制隔离戒毒两年；因涉嫌犯容留他人吸毒罪于2016年9月30日执行逮捕。现羁押于富顺县看守所。 富顺县人民法院审理富顺县人民检察院起诉指控被告人牟勇犯容留他人吸毒罪一案，于2016年10月13日作出（2016）川0322刑初263号刑事判决，宣判后，富顺县人民检察院不服，提出抗诉；牟勇不服原判，提出上诉。本院受理后依法组成合议庭，于2016年12月6日公开开庭进行了审理。四川省自贡市人民检察院指派代理检察员夏梦出庭履行职务，原审被告人牟勇到庭参加诉讼；在二审庭审中牟勇自愿申请撤回上诉，合议庭当庭评议并准许其撤回上诉。本案经审判委员会讨论决定，现已审理终结。 原判认定，2016年7月3日下午，被告人牟勇在富顺县富世镇冬瓜山菜市场老年协会X租住屋内，伙同胡某、辛某一起吸食冰毒。同月5日下午，牟勇在其租住屋内伙同邓某、刘某、胡某一起吸食冰毒的过程中被抓获。经检测，牟勇及吸毒人员邓某、胡某、刘某、辛某尿检呈阳性。 原判认定上述事实的证据，有受案登记表、立案决定书、人口信息、抓获说明、收缴物品清单、勘验检查笔录、辨认笔录、行政处罚决定书、毒品现场检测报告，证人辛某、胡某、邓某等人证言、被告人牟勇供述等证据证实。 原判认为，被告人牟勇违反社会管理秩序，在其租屋中容留他人吸食毒品的行为，已构成容留他人吸毒罪。依法应在三年以下有期徒刑、拘役或者管制，并处罚金的幅度内判处刑罚；牟勇自愿认罪，可从轻处罚。依照《中华人民共和国刑法》第三百五十四条、第六十七条第三款之规定，判决：被告人牟勇犯容留他人吸毒罪，判处有期徒刑六个月，并处罚三千元。 四川省自贡市人民检察院抗诉提出，被告人牟勇犯容留他人吸毒罪，一审认定事实确有错误，导致量刑畸轻，诉请依法改判。理由：其一，一审没有认定2016年7月3日晚上，牟勇伙同胡某、辛某（15岁）在其租住屋内一起吸食毒品；其二，一审未认定牟勇容留未成年人辛某吸毒；其三，一审未认定牟勇系多次容留他人吸毒。 牟勇在二审庭审中辩解，与辛某在自家租屋内吸毒时不知道辛某属未成年人，请求不支持抗诉改判理由。 二审审理查明，2016年5月至同年7月期间，原审被告人牟勇在富顺县富世镇冬瓜山菜市场老年协会X租住屋内，多次伙同胡某、刘某、邓某、辛某（15岁）等人吸食毒品。2016年7月3日下午和晚上，牟勇在该租屋内伙同胡某、辛某一起吸食毒品；同年同月5日下午，牟勇在该租住屋内伙同刘某、邓某、胡某一起吸食毒品后，当日17时许被查获。随后，胡某、刘某、辛某分别被抓获。经现场检测，上述吸毒人员尿检均呈阳性。 上述事实有以下证据证实： 1．受案登记表、立案决定书等诉讼文书，证实原审被告人牟勇因容留他人吸食毒品被立案侦查等情况。 2．人口信息，证实原审被告人牟勇系具完全刑事责任能力的自然人。 3．抓获说明、到案说明等，证实本案于2016年7月5日案发，以及牟勇等吸毒人员被抓获。 4．检查笔录、证据保全清单，证实案发时，公安机关对牟勇租屋进行现场勘验、检查，以及对牟勇提交的两瓶分别插有黑色吸管的怡宝矿泉水水瓶等物进行证据保全。 5．行政处罚决定书、毒品现场检测报告、尿检照片、指认照片、强制隔离戒毒决定书，证实2016年7月5日案发后，公安机关对牟勇等吸毒人员进行现场检测，并作出行政处罚决定，期限自2016年7月6日至同年7月21日止。 6．辨认笔录、指认笔录及照片，证实上述吸毒人员分别辨认出对方系在牟勇租屋内吸食毒品的人，以及牟勇等人指认吸毒场所和吸毒工具。 7．吸毒人员动态管控详细信息，证实自贡市公安局沿滩分局禁毒大队初次发现牟勇吸毒的时间为2010年4月27日，自2014年6月开始强制隔离戒毒。 8．辛某的人口信息，证实辛成林出生于2000年11月7日。 9．牟某、曾某证言，证实其分别系牟勇的父亲和母亲，富顺县房屋是他们一家人租住的。2015年8月至2016年7月，一直是牟勇单独使用该房。平时牟勇无经济收入。 10．辛某言，证实自己小学三年级后辍学。2016年6月30日至同年7月4日包括同年7月3日下午和晚上，在牟勇租住屋内，共计与牟勇吸食毒品冰毒五次。 11．刘某证言，证实自己于2016年5月至7月包括7月5日下午，在牟勇的租住屋内伙同牟勇、邓某、胡某等人多次吸食毒品冰毒。 12．胡某证言，证实自己于2016年5月至7月包括7月3日下午和晚上、7月5日下午，在牟勇的租住屋内，伙同牟勇、邓某、刘某等人多次吸食毒品冰毒。 13．邓某证言，证实自己于2016年5月至7月包括7月5日下午，在牟勇的租住屋内伙同牟勇、胡某、刘某等人多次吸食毒品冰毒。 14．原审被告人牟勇供述，证实自己于2016年5月至7月期间，在自家租住屋内，多次与邓某、刘某、胡某、辛某等人吸食毒品冰毒，为这些人提供吸毒场所、吸毒工具。其中，与某一起吸毒三至四次，与邓某、胡某、刘某等人单独或分别吸毒五次至十次不等。牟勇还供述了2016年7月3日下午和晚上，为胡某、辛某提供该租住屋并伙同二人一起吸食冰毒的过程；供述了同年同月5日下午，为邓勇、胡某、刘某等人提供该租住屋并伙同吸食毒品冰毒的过程；供述了其在租住屋内几次单独伙同辛某吸食冰毒的过程，并知道辛某是15、16岁的娃儿。 本院认为，原审被告人牟勇多次为他人提供吸食毒品的场所，容许并伙同他人在其租住屋内吸食毒品的行为，已构成容留他人吸毒罪。抗诉机关提出的一审认定事实确有错误，导致量刑畸轻的意见，经查，牟勇供述、胡某、辛某等吸毒人员均证实，2016年7月3日晚上，牟勇提供其租住屋并伙同胡某、辛某一起吸食毒品，当天包括下午，牟勇在该租屋内两次容许并伙同二人吸食毒品，且辛某属15岁的未成年人；在案证据证实牟勇多次容许并伙同多名吸毒人员在其租住屋内吸食毒品。故抗诉机关关于一审认定事实错误的理由成立，予以采纳；关于抗诉提出的一审量刑畸轻的意见，根据最高人民法院相关司法解释的规定，容留未成年人吸毒，不论次数和人数多少均构成容留他人吸毒罪。本案牟勇不仅多次容许并伙同多名吸毒人员在其租住屋内吸食毒品，而且多次容留未成年人吸食毒品。对于这一事实情节，在对牟勇量刑处罚时应予以评价。关于牟勇辩解伙同辛某在自己的租屋内吸食时不知其属未成年人的理由，与现有在案证据和审理查明的事实不符，不予采纳；牟勇归案后如实供述犯罪事实，但二审庭审中，否认知道辛某属未成年人，对原供述内容部分翻供，故不能适用刑法第六十七条第三款对其从轻处罚的规定。 综上，原判认定部分事实不正确，导致量刑不当，应予改判。毒品严重危害广大公民身心健康，为严厉打击毒品犯罪，依照《中华人民共和国刑法》第三百五十四条、《中华人民共和国刑事诉讼法》第二百二十五条第一款第（三）项的规定，判决如下： 一、撤销富顺县人民法院（2016）川0322刑初263号刑事判决。 二、原审被告人牟勇犯容留他人吸毒罪，判处有期徒刑一年三个月，并处罚金三千元。 （刑期从判决执行之日起计算，判决执行以前先行羁押的，羁押一日折抵刑期一日，即自2016年9月30日起至2017年12月29日止） 本判决为终审判决。 审判长邓维聪 审判员黄涛 审判员杨阳 二〇一六年十二月二十七日 书记员王馨悦 附相关法律条文： 《中华人民共和国刑法》第三百五十四条容留他人吸食、注射毒品的，处三年以下有期徒刑、拘役或者管制，并处罚金。 《中华人民共和国刑事诉讼法》第二百二十五条第一款第（三）项第二审人民法院对不服第一审判决的上诉、抗诉案件，经过审理后，应当按照下列情形分别处理：…（三）原判决事实不清楚或者证据不足的，可以在查清事实后改判；也可以裁定撤销原判，发回原审人民法院重新审判…","writId":"017c40f81749e47a4c7e0916804c4013aa0","writName":"牟勇容留他人吸毒二审刑事判决书"}
