{"ajId":"380778f6-3343-4d11-840e-7878a13cfc21","ajName":"陈国林放火一案","ajjbqk":" 兰溪市人民检察院指控，2016年12月14日19时30分许，被告人陈国林酒后途经兰溪市中油陈家井加油站有限公司东站内，因泄私愤，耍威风，走到加油站内一辆正在加油的牌号为浙G×××××号奥迪牌轿车旁，用打火机点燃油箱和加油枪，后被陈某1用灭火器把火扑灭。被烧毁的加油枪等物价值人民币2165元。针对指控的事实，公诉机关提供了书证；证人证言；被害人的陈述；被告人的供述与辩解；鉴定意见；现场勘验检查笔录；视听资料等证据。根据上述事实和证据，公诉机关认为，被告人陈国林故意放火燃烧公私财物，危害公共安全，尚未造成严重后果，其行为触犯了《中华人民共和国刑法》第一百一十四条，应当以放火罪追究其刑事责任。 被告人陈国林对公诉机关指控的罪名及基本犯罪事实均无异议。并供认，那天酒喝得很醉，已经没有意识。 辩护人滕卫仙提出的辩护意见是：1、对公诉机关指控被告人陈国林犯放火罪的罪名及基本犯罪事实没有异议；2、被告人陈国林为了耍威风而点着火；3、被告人陈国林没有犯罪前科、归案后认罪态度较好、积极赔偿损失并取得谅解；4、请求法庭对被告人陈国林适用缓刑。 经审理查明，2016年12月14日晚，被告人陈国林酒后与陈建麒等人一起返回浙江省兰溪市云山街道陈家井村。19时30分许，被告人陈国林与陈某1途经兰溪中油陈家井加油站有限公司东站时，进入该加油站。被告人陈国林见加油站工作人员赵某用加油枪正为浙G×××××奥迪牌黑色轿车加油，遂为泄愤、耍威风，用打火机点燃正在加油的加油枪，致使加油枪及正在受油的奥迪牌黑色轿车油箱口立即燃起火焰。该奥迪牌黑色轿车驾驶员汤某见状，急忙喊坐在该车内的郑某逃离。陈某1闻讯从加油站营业厅内提出灭火器将火扑灭。19时46分许，被告人陈国林在该加油站内，被公安机关抓获。 被告人陈国林的行为造成加油枪等物被烧毁，财物损失价值人民币2165元。兰溪中油陈家井加油站有限公司已收到被告人陈国林赔偿的财物损失及维修费用共计人民币4330元。兰溪中油陈家井加油站有限公司、被害人汤某对被告人陈国林的行为表示谅解。 上述事实，有下列经庭审举证、质证的证据证实，本院予以确认：1、被告人陈国林的供述；2、被害人汤某的陈述；3、证人赵某、黄某、陈某2、郑某、陈某1的证言；4、现场笔录；5、证据保全决定书、证据保全清单及照片；6、接受证据清单、视频资料；7、现场勘验检查笔录、现场照片；8、维修单、兰溪市价格认证中心作出的《价格认定结论书》、证明；9、抓获经过；10、加油站作业安全规范；11、谅解书；12、被告人陈国林的户籍证明。 ","cpfxgc":"本院认为，被告人陈国林故意放火点燃正在加油的加油枪，使加油枪及正在受油的轿车油箱口燃起火焰，足以危害公共安全，但尚未造成严重后果，其行为已构成放火罪。公诉机关的指控成立，本院予以支持。醉酒的人犯罪，应当负刑事责任。被告人陈国林归案以后能如实供述自己的罪行，对被告人陈国林依法予以从轻处罚。被告人陈国林积极赔偿、并取得谅解，对被告人陈国林予以酌情从轻处罚。根据被告人陈国林的犯罪情节及犯罪后的悔罪表现，对被告人陈国林适用缓刑。辩护人滕卫仙提出的辩护意见符合本案的法律事实，本院予以采信。依照《中华人民共和国刑法》第一百一十四条，第十八条第四款，第六十七条第三款，第七十二条第一款，第七十三条，第二款、第三款的规定，判决如下：","pjjg":" 被告人陈国林犯放火罪，判处有期徒刑三年，缓刑四年（缓刑考验期限从判决确定之日起计算）。 如不服本判决，可于接到判决书的第二日起十日内，通过本院或者直接向浙江省金华市中级人民法院提出上诉。书面上诉的，应提交上诉状正本一份，副本二份。","qw":"陈国林放火刑事判决书 浙江省兰溪市人民法院 刑事判决书 （2017）浙0781刑254号 公诉机关浙江省兰溪市人民检察院。 被告人陈国林，男，1980年9月11日出生于浙江省兰溪市，汉族，中专文化，农民，家住浙江省兰溪市。因涉嫌放火犯罪于2016年12月15日被浙江省兰溪市公安局依法刑事拘留，同年12月28日被依法取保候审。现在家候审。 辩护人滕卫仙，浙江大名律师事务所律师。 浙江省兰溪市人民检察院以兰检公诉刑诉（2017）261号起诉书指控被告人陈国林犯放火罪，于2017年7月10日向本院提起公诉。本院依法组成合议庭，公开开庭审理了本案。浙江省兰溪市人民检察院指派检察员吴某出庭支持公诉。被告人陈国林及其辩护人滕卫仙到庭参加诉讼。现已审理终结。 兰溪市人民检察院指控，2016年12月14日19时30分许，被告人陈国林酒后途经兰溪市中油陈家井加油站有限公司东站内，因泄私愤，耍威风，走到加油站内一辆正在加油的牌号为浙G×××××号奥迪牌轿车旁，用打火机点燃油箱和加油枪，后被陈某1用灭火器把火扑灭。被烧毁的加油枪等物价值人民币2165元。针对指控的事实，公诉机关提供了书证；证人证言；被害人的陈述；被告人的供述与辩解；鉴定意见；现场勘验检查笔录；视听资料等证据。根据上述事实和证据，公诉机关认为，被告人陈国林故意放火燃烧公私财物，危害公共安全，尚未造成严重后果，其行为触犯了《中华人民共和国刑法》第一百一十四条，应当以放火罪追究其刑事责任。 被告人陈国林对公诉机关指控的罪名及基本犯罪事实均无异议。并供认，那天酒喝得很醉，已经没有意识。 辩护人滕卫仙提出的辩护意见是：1、对公诉机关指控被告人陈国林犯放火罪的罪名及基本犯罪事实没有异议；2、被告人陈国林为了耍威风而点着火；3、被告人陈国林没有犯罪前科、归案后认罪态度较好、积极赔偿损失并取得谅解；4、请求法庭对被告人陈国林适用缓刑。 经审理查明，2016年12月14日晚，被告人陈国林酒后与陈建麒等人一起返回浙江省兰溪市云山街道陈家井村。19时30分许，被告人陈国林与陈某1途经兰溪中油陈家井加油站有限公司东站时，进入该加油站。被告人陈国林见加油站工作人员赵某用加油枪正为浙G×××××奥迪牌黑色轿车加油，遂为泄愤、耍威风，用打火机点燃正在加油的加油枪，致使加油枪及正在受油的奥迪牌黑色轿车油箱口立即燃起火焰。该奥迪牌黑色轿车驾驶员汤某见状，急忙喊坐在该车内的郑某逃离。陈某1闻讯从加油站营业厅内提出灭火器将火扑灭。19时46分许，被告人陈国林在该加油站内，被公安机关抓获。 被告人陈国林的行为造成加油枪等物被烧毁，财物损失价值人民币2165元。兰溪中油陈家井加油站有限公司已收到被告人陈国林赔偿的财物损失及维修费用共计人民币4330元。兰溪中油陈家井加油站有限公司、被害人汤某对被告人陈国林的行为表示谅解。 上述事实，有下列经庭审举证、质证的证据证实，本院予以确认：1、被告人陈国林的供述；2、被害人汤某的陈述；3、证人赵某、黄某、陈某2、郑某、陈某1的证言；4、现场笔录；5、证据保全决定书、证据保全清单及照片；6、接受证据清单、视频资料；7、现场勘验检查笔录、现场照片；8、维修单、兰溪市价格认证中心作出的《价格认定结论书》、证明；9、抓获经过；10、加油站作业安全规范；11、谅解书；12、被告人陈国林的户籍证明。 本院认为，被告人陈国林故意放火点燃正在加油的加油枪，使加油枪及正在受油的轿车油箱口燃起火焰，足以危害公共安全，但尚未造成严重后果，其行为已构成放火罪。公诉机关的指控成立，本院予以支持。醉酒的人犯罪，应当负刑事责任。被告人陈国林归案以后能如实供述自己的罪行，对被告人陈国林依法予以从轻处罚。被告人陈国林积极赔偿、并取得谅解，对被告人陈国林予以酌情从轻处罚。根据被告人陈国林的犯罪情节及犯罪后的悔罪表现，对被告人陈国林适用缓刑。辩护人滕卫仙提出的辩护意见符合本案的法律事实，本院予以采信。依照《中华人民共和国刑法》第一百一十四条，第十八条第四款，第六十七条第三款，第七十二条第一款，第七十三条，第二款、第三款的规定，判决如下： 被告人陈国林犯放火罪，判处有期徒刑三年，缓刑四年（缓刑考验期限从判决确定之日起计算）。 如不服本判决，可于接到判决书的第二日起十日内，通过本院或者直接向浙江省金华市中级人民法院提出上诉。书面上诉的，应提交上诉状正本一份，副本二份。 审判长金雅林 人民陪审员吴国荣 人民陪审员唐与尧 二〇一七年八月三十日 代书记员黄雪君","writId":"06262c305b621c69a50fe5d4f007874e6f3","writName":"陈国林放火刑事判决书"}
