{"ajId":"02df60bf-1e9f-430c-9c89-015461760f53","ajName":"杨国良走私、贩卖、运输、制造毒品一案","ajjbqk":" 长沙市天心区人民检察院指控：2018年10月22日，吸毒人员张某找到被告人杨国良购买毒品，被告人杨国良联系了黄潮桂（另案处理）购买毒品。2018年10月25日下午，被告人杨国良收取了张某1000元现金及微信转账400元后，在长沙市星沙镇的麦道KTV对面，从黄潮桂处以400元价格购买到毒品甲基苯丙胺（俗称冰毒）约3克、甲基苯丙胺片剂（俗称麻古）1粒。随后被告人杨国良与张某共同吸食该毒品。当日下午，在长沙市天心区宣春路湘水渔港饭店门口，被告人杨国良将剩下的毒品半粒甲基苯丙胺片剂和约3克甲基苯丙胺卖给吸毒人员张某。 2018年10月29日22时，民警在广东省珠海市抓获张某，并在其所居住的房间床头柜抽屉内查获白色疑似毒品，净重2．56克，经物证检验，从中检出甲基苯丙胺成分。 2018年11月15日，公安民警在长沙市天心区宜春路湘水渔港饭店抓获被告人杨国良。 被告人杨国良归案后如实供述自己罪行。 该院认为，被告人杨国良明知甲基苯丙胺片剂和甲基苯丙胺系毒品而非法贩卖给他人，其行为已触犯了《中华人民共和国刑法》第三百四十七条第一、四款，应当以贩卖毒品罪追究其刑事责任。被告人杨国良因贩卖毒品罪被判处有期徒刑，刑罚执行完毕后，在五年内再犯应当判处有期徒刑及以上刑罚之罪，系累犯和毒品再犯，根据《中华人民共和国刑法》第六十五条第一款、第三百五十六条规定，应当从重处罚；被告人杨国良归案后，能如实供述自己的罪行，若在审判阶段亦能如实供述自己的罪行，应认定具有坦白情节，适用《中华人民共和国刑法》第六十七条第三款，可以从轻处罚；被告人杨国良在检察机关自愿签署认罪认罚具结书，同意适用认罪认罚从宽制度，根据《中华人民共和国刑事诉讼法》第十五条，可以依法从宽处理。同时该院建议本院对被告人杨国良犯贩卖毒品罪在有期徒刑一年二个月左右予以量刑，并处罚金。 被告人杨国良对公诉机关指控的犯罪事实无异议，对公诉人当庭出示和宣读的证据，表示没有异议，亦没有辩解意见。被告人杨国良的辩护人指出：对被告人杨国良的事实及罪名没有异议，结合被告人杨国良认罪认罚，具有坦白情节，希望法庭在有期徒刑一年二个月以下量刑。 经审理查明，公诉机关指控被告人杨国良犯罪的事实属实，情节没有出入，本院予以确认。另经查明，被告人杨国良对公诉机关指控的罪名及量刑建议没有异议，且签字具结，自愿认罪认罚。 上述事实有经庭审举证、质证，并经确认的如下证据予以证明： 1、抓获经过，证明2018年11月15日10时许，珠海市公安局香洲分局抓获吸毒人员张某，长沙市公安局禁毒支队根据其线索，于2018年11月15日下午1时许，在长沙市天心区宜春路湘水渔港饭店将被告人杨国良抓获的事实。 2、查获的毒品，证明从公安机关依法从吸毒人员张某处依法查获毒品冰毒净重2.56克的事实。 3、辨认笔录，证明被告人张某依法辨认出被告人杨国良系向其贩卖毒品行为人的事实。 4、扣押决定书及物品、文件清单，情况说明，证明公安机关依法扣押被告人杨国良涉案手机VIVOY55手机，并对其进行收据恢复，因时间较久，数据被多次覆盖等原因，微信涉案证据无法恢复的事实。 5、行政处罚决定书，证明被告人杨国良因贩卖毒品被长沙市公安局直属分局行政拘留十二日的事实。 6、检测报告，证明公安机关从吸毒人员张某处查获的毒品，经鉴定，检出甲基苯丙胺成分的事实。 7、证人张某的证言，证明被告人杨国良贩卖毒品给张某的时间、地点和经过的事实。 8、刑事判决书，证明被告人杨国良曾因贩卖毒品罪于2014年7月30日被湖南省宁乡县人民法院判处有期徒刑四年三个月的事实。 9、被告人杨国良的供述和辩解，证明被告人杨国良对公诉机关指控的事实供认不讳。 10、户籍资料，证明被告人杨国良已达到刑事责任年龄的事实。 ","cpfxgc":"本院认为，被告人杨国良以违反国家关于毒品的管理规定，明知甲基苯丙胺、甲基苯丙胺片剂系国家禁止贩卖的毒品而予以非法贩卖，情节严重，其行为已构成贩卖毒品罪。公诉机关对其犯罪的指控成立，对其行为本院依法应予以惩处。被告人杨国良因贩卖毒品罪被判处有期徒刑，刑罚执行完毕后，在五年内再犯应当判处有期徒刑及以上刑罚，系累犯及毒品再犯，依法应当从重处罚。被告人杨国良归案后能如实供述自己的罪行，其在法庭审理过程中亦能如实供述自己的罪行，可以认定具有坦白情节，依法可以从轻处罚。被告人杨国良自愿认罪认罚且签字具结，依法可以从宽处罚。辩护人提出的辩护意见，有事实和法律的依据，本院予以采纳。据此，依照《中华人民共和国刑法》第三百四十七条第一、四款、第六十五条第一款、第三百五十六条、第六十七条第三款之规定，判决如下：","pjjg":" 被告人杨国良犯贩卖毒品罪，判处有期徒刑一年二个月，并处罚金人民币四千元。（刑期从判决执行之日处起计算，判决执行以前先行羁押的，羁押一日折抵刑期一日，即自2018年11月15日起至2020年1月14日止。罚金限在判决生效后十日内缴清）。 如不服本判决，可在接到判决书的次日起十日内，通过本院或者直接向湖南省长沙市中级人民法院提起上诉。书面上诉的，应当提交上诉状正本一份，副本两份。","qw":"湖南省长沙市天心区人民法院 刑事判决书 （2019）湘0103刑初190号 公诉机关长沙市天心区人民检察院。 被告人杨国良，男，1983年3月25日出生于湖南省，汉族，初中文化，务工人员，住湖南省。因吸毒，2013年被宁乡县公安局行政拘留；因犯贩卖毒品罪，于2014年7月30日被宁乡县人民法院判处有期徒刑四年三个月，并处罚金四千元（2017年9月28日刑满释放）。2018年11月15日被抓获，因涉嫌贩卖毒品，于次日被长沙市公安局直属分局行政拘留十二日，2018年11月28日因涉嫌贩卖毒品罪被长沙市公安局直属分局刑事拘留，2018年12月12日经长沙市人民检察院批准，次日被长沙市公安局直属分局执行逮捕。现羁押于长沙市第一看守所。 辩护人段欢喜、赵琼，湖南俊彦律师事务所律师。 长沙市天心区人民检察院以长天检诉刑诉［2019］170号起诉书指控被告人杨国良犯贩卖毒品罪，于2019年3月6日向本院提起公诉。本院受理后，依法适用普通程序，组成合议庭公开开庭进行了审理。长沙市天心区人民检察院指派检察员王雄出庭支持公诉，被告人杨国良到庭参加了诉讼。现已审理终结。 长沙市天心区人民检察院指控：2018年10月22日，吸毒人员张某找到被告人杨国良购买毒品，被告人杨国良联系了黄潮桂（另案处理）购买毒品。2018年10月25日下午，被告人杨国良收取了张某1000元现金及微信转账400元后，在长沙市星沙镇的麦道KTV对面，从黄潮桂处以400元价格购买到毒品甲基苯丙胺（俗称冰毒）约3克、甲基苯丙胺片剂（俗称麻古）1粒。随后被告人杨国良与张某共同吸食该毒品。当日下午，在长沙市天心区宣春路湘水渔港饭店门口，被告人杨国良将剩下的毒品半粒甲基苯丙胺片剂和约3克甲基苯丙胺卖给吸毒人员张某。 2018年10月29日22时，民警在广东省珠海市抓获张某，并在其所居住的房间床头柜抽屉内查获白色疑似毒品，净重2．56克，经物证检验，从中检出甲基苯丙胺成分。 2018年11月15日，公安民警在长沙市天心区宜春路湘水渔港饭店抓获被告人杨国良。 被告人杨国良归案后如实供述自己罪行。 该院认为，被告人杨国良明知甲基苯丙胺片剂和甲基苯丙胺系毒品而非法贩卖给他人，其行为已触犯了《中华人民共和国刑法》第三百四十七条第一、四款，应当以贩卖毒品罪追究其刑事责任。被告人杨国良因贩卖毒品罪被判处有期徒刑，刑罚执行完毕后，在五年内再犯应当判处有期徒刑及以上刑罚之罪，系累犯和毒品再犯，根据《中华人民共和国刑法》第六十五条第一款、第三百五十六条规定，应当从重处罚；被告人杨国良归案后，能如实供述自己的罪行，若在审判阶段亦能如实供述自己的罪行，应认定具有坦白情节，适用《中华人民共和国刑法》第六十七条第三款，可以从轻处罚；被告人杨国良在检察机关自愿签署认罪认罚具结书，同意适用认罪认罚从宽制度，根据《中华人民共和国刑事诉讼法》第十五条，可以依法从宽处理。同时该院建议本院对被告人杨国良犯贩卖毒品罪在有期徒刑一年二个月左右予以量刑，并处罚金。 被告人杨国良对公诉机关指控的犯罪事实无异议，对公诉人当庭出示和宣读的证据，表示没有异议，亦没有辩解意见。被告人杨国良的辩护人指出：对被告人杨国良的事实及罪名没有异议，结合被告人杨国良认罪认罚，具有坦白情节，希望法庭在有期徒刑一年二个月以下量刑。 经审理查明，公诉机关指控被告人杨国良犯罪的事实属实，情节没有出入，本院予以确认。另经查明，被告人杨国良对公诉机关指控的罪名及量刑建议没有异议，且签字具结，自愿认罪认罚。 上述事实有经庭审举证、质证，并经确认的如下证据予以证明： 1、抓获经过，证明2018年11月15日10时许，珠海市公安局香洲分局抓获吸毒人员张某，长沙市公安局禁毒支队根据其线索，于2018年11月15日下午1时许，在长沙市天心区宜春路湘水渔港饭店将被告人杨国良抓获的事实。 2、查获的毒品，证明从公安机关依法从吸毒人员张某处依法查获毒品冰毒净重2.56克的事实。 3、辨认笔录，证明被告人张某依法辨认出被告人杨国良系向其贩卖毒品行为人的事实。 4、扣押决定书及物品、文件清单，情况说明，证明公安机关依法扣押被告人杨国良涉案手机VIVOY55手机，并对其进行收据恢复，因时间较久，数据被多次覆盖等原因，微信涉案证据无法恢复的事实。 5、行政处罚决定书，证明被告人杨国良因贩卖毒品被长沙市公安局直属分局行政拘留十二日的事实。 6、检测报告，证明公安机关从吸毒人员张某处查获的毒品，经鉴定，检出甲基苯丙胺成分的事实。 7、证人张某的证言，证明被告人杨国良贩卖毒品给张某的时间、地点和经过的事实。 8、刑事判决书，证明被告人杨国良曾因贩卖毒品罪于2014年7月30日被湖南省宁乡县人民法院判处有期徒刑四年三个月的事实。 9、被告人杨国良的供述和辩解，证明被告人杨国良对公诉机关指控的事实供认不讳。 10、户籍资料，证明被告人杨国良已达到刑事责任年龄的事实。 本院认为，被告人杨国良以违反国家关于毒品的管理规定，明知甲基苯丙胺、甲基苯丙胺片剂系国家禁止贩卖的毒品而予以非法贩卖，情节严重，其行为已构成贩卖毒品罪。公诉机关对其犯罪的指控成立，对其行为本院依法应予以惩处。被告人杨国良因贩卖毒品罪被判处有期徒刑，刑罚执行完毕后，在五年内再犯应当判处有期徒刑及以上刑罚，系累犯及毒品再犯，依法应当从重处罚。被告人杨国良归案后能如实供述自己的罪行，其在法庭审理过程中亦能如实供述自己的罪行，可以认定具有坦白情节，依法可以从轻处罚。被告人杨国良自愿认罪认罚且签字具结，依法可以从宽处罚。辩护人提出的辩护意见，有事实和法律的依据，本院予以采纳。据此，依照《中华人民共和国刑法》第三百四十七条第一、四款、第六十五条第一款、第三百五十六条、第六十七条第三款之规定，判决如下： 被告人杨国良犯贩卖毒品罪，判处有期徒刑一年二个月，并处罚金人民币四千元。（刑期从判决执行之日处起计算，判决执行以前先行羁押的，羁押一日折抵刑期一日，即自2018年11月15日起至2020年1月14日止。罚金限在判决生效后十日内缴清）。 如不服本判决，可在接到判决书的次日起十日内，通过本院或者直接向湖南省长沙市中级人民法院提起上诉。书面上诉的，应当提交上诉状正本一份，副本两份。 审判长袁勇 人民陪审员冯春霞 人民陪审员邓小春 二〇一九年四月十日 书记员卿作英 附相关法律条文： 《中华人民共和国刑法》 第三百四十七条走私、贩卖、运输、制造毒品，无论数量多少，都应当追究刑事责任，予以刑事处罚。 走私、贩卖、运输、制造毒品，有下列情形之一的，处十五年有期徒刑、无期徒刑或者死刑，并处没收财产： （一）走私、贩卖、运输、制造鸦片一千克以上、海洛因或者甲基苯丙胺五十克以上或者其他毒品数量大的； （二）走私、贩卖、运输、制造毒品集团的首要分子； （三）武装掩护走私、贩卖、运输、制造毒品的； （四）以暴力抗拒检查、拘留、逮捕，情节严重的； （五）参与有组织的国际贩毒活动的。 走私、贩卖、运输、制造鸦片二百克以上不满一千克、海洛因或者甲基苯丙胺十克以上不满五十克或者其他毒品数量较大的，处七年以上有期徒刑，并处罚金。 走私、贩卖、运输、制造鸦片不满二百克、海洛因或者甲基苯丙胺不满十克或者其他少量毒品的，处三年以下有期徒刑、拘役或者管制，并处罚金；情节严重的，处三年以上七年以下有期徒刑，并处罚金。 单位犯第二款、第三款、第四款罪的，对单位判处罚金，并对其直接负责的主管人员和其他直接责任人员，依照各该款的规定处罚。 利用、教唆未成年人走私、贩卖、运输、制造毒品，或者向未成年人出售毒品的，从重处罚。 对多次走私、贩卖、运输、制造毒品，未经处理的，毒品数量累计计算。 第六十五条被判处有期徒刑以上刑罚的犯罪分子，刑罚执行完毕或者赦免以后，在五年以内再犯应当判处有期徒刑以上刑罚之罪的，是累犯，应当从重处罚，但是过失犯罪和不满十八周岁的人犯罪的除外。 前款规定的期限，对于被假释的犯罪分子，从假释期满之日起计算。 第三百五十六条因走私、贩卖、运输、制造、非法持有毒品罪被判过刑，又犯本节规定之罪的，从重处罚。 第六十七条犯罪以后自动投案，如实供述自己的罪行的，是自首。对于自首的犯罪分子，可以从轻或者减轻处罚。其中，犯罪较轻的，可以免除处罚。 被采取强制措施的犯罪嫌疑人、被告人和正在服刑的罪犯，如实供述司法机关还未掌握的本人其他罪行的，以自首论。 犯罪嫌疑人虽不具有前两款规定的自首情节，但是如实供述自己罪行的，可以从轻处罚；因其如实供述自己罪行，避免特别严重后果发生的，可以减轻处罚。","writId":"008c39a4cb6a1736bed3a4faf17caf9c64b","writName":"杨国良走私、贩卖、运输、制造毒品一审刑事判决书"}
