{"ajId":"2aa5c104-0112-41e4-a309-ec0c1517ee78","ajName":"凌规彰非法持有、私藏枪支、弹药一案","ajjbqk":" 钦州市钦北区人民检察院指控，2015年3月13日，因郑某报称被被告人凌规彰强奸，钦州市公安局钦北分局民警前往钦北区贵台镇屯良村委那甲村被告人凌规彰的家中进行查处，办案民警在涉案现场被告人凌规彰的家中搜查时发现自制枪支一支及子弹，经查，该自制枪支及子弹系被告人凌规彰持有。2015年3月27日晚23时，公安民警在钦州市钦州湾大道阳光丽城小区路口将被告人凌规彰抓获，并在其随身携带的灰色布袋内查获一支红色的疑似枪支。经鉴定，从被告人凌规彰处缴获的二支疑似枪支均系以火药为动力发射枪弹的改制火药枪，具有致伤力。 针对指控的犯罪事实，公诉机关提供了受案登记表、立案决定书、抓获经过、扣押物品清单、户籍信息表等书证；提取笔录；现场勘验笔录、现场图及照片；指认笔录及指认照片；辨认笔录及照片；证人张某1、张某2、曾某的证言；被害人郑某的陈述及被告人凌规彰在公安机关的供述等证据证实。 公诉机关认为，被告人凌规彰违反法律规定，非法持有枪支，情节严重，其行为触犯了《中华人民共和国刑法》第一百二十八第一款之规定，应当以非法持有枪支罪追究其刑事责任。提请本院依法判处。 被告人凌规彰辩称，其于2014年在赌博场所认识了一名叫王某平的男子，王某平曾向其借款500元用于赌博，并将一袋物品交给其作为抵押物，其持有的红色疑似枪支系王某平的抵押物；后其又多次借款给王某平，王某平将一辆后驱动货车交给其作为抵押物，该货车的副驾驶座位上有类似电钻之类的物品，其不清楚该些物品中是否有被公安机关查获的黑色疑似枪支；案发前其认为持有的红色疑似枪支系射钉器，案发后经鉴定其才知道该红色疑似枪支系枪支；其于2010年2月刑满释放，本次重新犯罪已超过五年，不属于累犯。 经审理查明，2015年3月13日16时许，被害人郑某到钦州市公安局贵台派出所报案称，其被被告人凌规彰持械强行带至钦北区贵台镇屯良村委那甲村，被告人凌规彰将其关押长达七八天，期间其多次被被告人凌规彰强奸。2015年3月13日21时许，钦州市公安局钦北分局民警前往钦北区贵台镇屯良村委那甲村被告人凌规彰的家中进行现场勘查，公安民警在被告人凌规彰家中搜查发现一支黑色自制枪支。 2015年3月27日23时许，钦州市公安局刑事侦查支队钦北二大队民警在钦州市钦州湾大道阳光丽城地下停车场入口旁抓获被告人凌规彰，并在被告人凌规彰随身携带的灰色布袋中查获一支红色自制枪支，在被告人凌规彰随身携带的褐色挎包中查获疑似排式子弹253发，银色疑似子弹56发，金色疑似子弹18发，钢珠17粒。经鉴定，公安机关查获的被告人凌规彰持有的黑色自制枪支及红色自制枪支均系枪支，该两支枪支均系以火药为动力发射枪弹的改制火药枪，具有致伤力。 另查明，被告人凌规彰因犯故意伤害罪于2009年11月18日被本院判处有期徒刑二年，于2011年5月28日被释放。 认定上述事实，有公诉机关提供的下列证据证实： 1、受案登记表、立案决定书，证实：一、2015年3月13日16时许，郑某到钦州市公安局贵台派出所报称其被一名叫“七哥”的男子持械强行带到钦北区贵台镇屯良村委那甲村，该男子将其关押长达七八天，期间其多次被该男子强奸。公安机关于2015年3月15日对郑某被非法拘禁案立案侦查；二、2015年3月27日23时许，钦州市公安局刑事侦查支队钦北二大队民警在钦州市钦州湾大道阳光丽城地下停车场入口旁抓获被告人凌规彰，并在被告人凌规彰随身携带的灰色布袋中查获一支红色自制枪支，在被告人凌规彰随身携带的褐色挎包中查获疑似排式子弹253发，银色疑似子弹56发，金色疑似子弹18发，钢珠17粒，公安机关于2015年3月28日对凌规彰非法持有枪支弹药案立案侦查。 2、抓获经过，证实2015年3月27日23时许，钦州市公安局刑事侦查支队钦北二大队民警在钦州市钦州湾大道阳光丽城地下停车场入口旁抓获被告人凌规彰，并在被告人凌规彰随身携带的灰色布袋中查获一支红色自制枪支，在被告人凌规彰随身携带的褐色挎包中查获疑似子弹数百发，被告人凌规彰供认被查获的红色枪支及弹药系其所携带。 3、户籍信息表，证实被告人凌规彰于1980年6月5日出生，已达刑事责任年龄，属应负完全刑事责任能力人。 4、（2009）钦北刑初字第137号刑事判决书，证实被告人凌规彰因犯故意伤害罪于2009年11月18日被本院判处有期徒刑二年。 5、钦州市看守所刑满释放证明书，证实被告人凌规彰因犯故意伤害罪于2009年11月18日被本院判处有期徒刑二年，刑期自2009年5月29日至2011年5月28日，被告人凌规彰于2011年5月28日被释放。 6、提取笔录，证实2015年3月27日23时许，钦州市公安局刑事侦查支队钦北二大队民警在钦州市钦州湾大道阳光丽城地下停车场入口旁抓获被告人凌规彰，并在被告人凌规彰随身携带的灰色布袋中查获一支红色自制枪支，在被告人凌规彰随身携带的褐色挎包中查获疑似排式子弹253发，银色疑似子弹56发，金色疑似子弹18发，钢珠17粒，公安民警对上述枪支及疑似进行提取扣押。 7、扣押清单，证实2015年3月27日，钦州市公安局刑事侦查支队钦北二大队民警对查获的被告人凌规彰持有的红色枪支、疑似子弹及钢珠予以扣押。 8、现场勘查笔录、现场图及照片，证实：一、2015年3月13日，钦州市公安局钦北分局公安民警在钦北区贵台镇屯良村委那甲村被告人凌规彰家中搜查出一把黑色自制枪支，该枪支长45厘米；二、2015年3月27日23时许，钦州市公安局刑事侦查支队钦北二大队民警在钦州市钦州湾大道阳光丽城地下停车场入口旁抓获被告人凌规彰，并在被告人凌规彰随身携带的灰色布袋中查获一支红色自制枪支，在被告人凌规彰随身携带的褐色挎包中查获疑似排式子弹253发，银色疑似子弹56发，金色疑似子弹18发，钢珠17粒。 9、指认笔录及指认照片，证实被告凌规彰对被查获的疑似枪支、疑似子弹及钢珠进行指认，被查获的疑似枪支、疑似子弹及钢珠均系其所携带。 10、辨认笔录，证实被告人凌规彰于2015年3月27日晚欲将红色的自制枪支出售张某1彪，在场曾某海指认被告人凌规彰系欲出售枪支张某1彪的该名男子。 11、钦公物鉴（痕检）字［2015］10号枪支鉴定书及钦公物鉴（痕检）字［2015］11号枪支鉴定书，证实公安机关分别于2015年3月13日、2015年3月27日查获的被告人凌规彰持有的黑色枪支及红色枪支均被鉴定为枪支，该两支枪支均系以火药为动力发射枪弹的改制火药枪，均具有致伤力。 12、证人证言 （1）证张某1彪的证言，证实被告人凌规彰在其家中当面向其张某2懋曾某海从其随身携带的灰色布袋内取出一条长约20公分的管与一个长约30公分的红色部件组装了一把红色枪支，被告人凌规彰在随身的布袋中取出一条镶有子弹的塑料条，从塑料条中取出一个子弹装入枪支内，后被告人凌规彰在其卧室内开了一枪，其问被告人凌规彰枪支是何某来，被告人凌规彰回答该枪支是其自己制造的；其又问被告人凌规彰枪支的价格，被告人凌规彰答复枪支售价至少3000元／支，并随枪赠送300发子弹，如子弹用完，可以与其联系，子弹是2元／发；被告人凌规彰问其是否购买枪支，其答复该枪支的款式不好看，被告人凌规彰答复其家还有一把左轮式枪支；后其担心购买枪支触犯法律，便拒绝购买被告人凌规彰出售的枪支。 （2）证张某2懋的证言，证实2015年3月27日晚，被告人凌规彰张某1彪家中用一支红色的类似冲击钻的物品，与其他金属零件组装了一把枪支；被告人凌规彰在其皮包中取出一条塑料底座固定的子弹放入枪支后座上面的一个入口，将一颗钢珠放入枪头后将枪支上膛，后被告人凌规彰张某1彪的卧室内开了一枪张某1彪问被告人凌规彰枪支从何处得到，被告人凌规彰答复该枪支是其自己改装的，并问是否有人想购买枪支，枪支的价格是3000元／支，配300发子弹，其还出售子弹；被告人凌规彰声称该枪支威力很大，在200米内可以打穿2-3公分的板块。 （3）证曾某海的证言，证实2015年3月27日晚8时许，其张某1彪家中玩耍，其张某1彪家中见到了被告人凌规彰，被告人凌规彰从随身携带的灰色布袋内取出一条长约20公分的管与一个长约30公分的红色部件进行组装，被告人凌规彰称其自己组装的是一把枪支；被告人凌规彰从布袋中拿出一条镶有子弹的塑料条插入枪支中并拉伸枪管，张某1彪的卧室开了一枪；被告人凌规彰问是否有人购买枪支，枪支售价为3000元／支，配有子弹；其张某1彪张某2懋拒绝购买被告人凌规彰的枪支。 13、被害郑某某的陈述，证实其于2015年3月6日与被告人凌规彰在钦州港紫竹宾馆发生性关系后，被告人凌规彰以回家取嫖资为由于2015年3月7日将其带到钦北区贵台镇屯良村委那甲村，当晚被告人凌规彰欲与其发生性关系，遭其拒绝后，被告人凌规彰便在床头取出一把疑似枪支朝墙壁开了一枪，被告人凌规彰强行与其发生了性关系；被告人凌规彰将其控制在家中，其手机被被告人凌规彰没收，其无法与外界取得联系，在被拘禁期间被告人凌规彰多次强行与其发生性关系；在被告人凌规彰家中，其见到被告人凌规彰持有两支自制的枪支。 14、被告人凌规彰的供述，证实其于2014年在赌博场所认识一名王某忠平的男子，该男子因向其借款，便将一个袋子交给其作为抵押物，其发现袋子内有一支红色的类似电钻及子弹的物品；后其多次借钱王某忠平王某忠平将一辆后驱动农用车交给其作为抵押物，其在该车的副驾驶座位下发现了一支黑色的类似电钻的物品，其认为该把红色及黑色的电钻是射钉器；其因无钱用，便打算了解该支红色射钉器的价格，再将该红色射钉器出卖；其打算到一朋友家中借宿，遭到朋友拒绝后，其便前钦州市三沿广场，其钦州市三沿广场附近被公安民警抓获，公安民警在其身上查获了红色的射钉器及子弹。 上述证据，经庭审举证、质证属实，证据来源合法，与本案具有关联性，本院予以确认，作为本案的定案依据。 对被告人凌规彰提出红色枪支及黑色枪支均王某忠平抵押物的辩解，经查，仅有被告人凌规彰的供述，王某忠平的证言加以印证，不能认定该两支枪支确王某忠平的抵押物。被告人凌规彰非法持有枪支行为属实，枪支的来源不影响对其定罪。被告人凌规彰的辩解不成立，本院不予采纳。 被告人凌规彰辩称其不属累犯。经查，有钦州市看守所刑满释放证明书证实，被告人凌规彰因犯故意伤害罪于2009年11月18日被本院判处有期徒刑二年，刑期自2009年5月29日至2011年5月28日，被告人凌规彰于2011年5月28日被释放。从释放之日至2015年3月27日被告人凌规彰被当场搜身查获枪支，未满五年。根据刑法第六十五条的规定，被告人凌规彰前罪被判处有期徒刑，刑罚执行完毕后未满五年再犯应当判处有期徒刑以上刑罚之罪，确属累犯。被告人凌规彰不属累犯的辩解无事实依据，不予采纳。 ","cpfxgc":"本院认为，被告人凌规彰违反枪支管理规定，非法持有非军用枪支二支，情节严重，其行为触犯了《中华人民共和国刑法》第一百二十八条第一款的规定，构成非法持有枪支罪。公诉机关指控被告人凌规彰犯非法持有枪支罪成立。被告人凌规彰系累犯，应当从重处罚。根据被告人凌规彰犯罪的事实、犯罪的性质、情节和对社会的危害程度及其悔罪表现，依照《中华人民共和国刑法》第一百二十八条第一款、第六十一条、第六十五条第一款、《最高人民法院关于审理非法制造、买卖、运输枪支、弹药、爆炸物等刑事案件具体应用法律若干问题的解释》第五条第二款第（二）项之规定，判决如下：","pjjg":" 被告人凌规彰犯非法持有枪支罪，判处有期徒刑三年六个月（刑期从判决执行之日起计算；判决执行以前先行羁押的，羁押一日折抵刑期一日。即从2015年3月28日起至2018年9月27日止）。 如不服本判决，可在接到判决书的第二日起十日内，通过本院或者直接向广西壮族自治区钦州市中级人民法院提出上诉。书面上诉的，应当提交上诉状正本一份，副本五份。","qw":"广西壮族自治区钦州市钦北区人民法院 刑事判决书 （2015）钦北刑初字第268号 公诉机关广西壮族自治区钦州市钦北区人民检察院。 被告人凌规彰，男，1980年6月5日出生，壮族，广西钦州市人，初中文化，无业，住广西钦州市钦北区。曾因犯故意伤害罪于2009年11月18日被本院判处有期徒刑二年，于2011年5月28日被释放。因涉嫌非法持有枪支罪于2015年3月28日被刑事拘留，2015年4月10日被逮捕。现羁押于钦州市看守所。 广西壮族自治区钦州市钦北区人民检察院以钦北检刑诉（2015）221号起诉书指控被告人凌规彰犯非法持有枪支罪，于2015年8月20日向本院提起公诉。本院依法组成合议庭，公开开庭审理了本案。钦州市钦北区人民检察院指派检察员张德春出庭支持公诉，被告人凌规彰到庭参加诉讼。现已审理终结。 钦州市钦北区人民检察院指控，2015年3月13日，因郑某报称被被告人凌规彰强奸，钦州市公安局钦北分局民警前往钦北区贵台镇屯良村委那甲村被告人凌规彰的家中进行查处，办案民警在涉案现场被告人凌规彰的家中搜查时发现自制枪支一支及子弹，经查，该自制枪支及子弹系被告人凌规彰持有。2015年3月27日晚23时，公安民警在钦州市钦州湾大道阳光丽城小区路口将被告人凌规彰抓获，并在其随身携带的灰色布袋内查获一支红色的疑似枪支。经鉴定，从被告人凌规彰处缴获的二支疑似枪支均系以火药为动力发射枪弹的改制火药枪，具有致伤力。 针对指控的犯罪事实，公诉机关提供了受案登记表、立案决定书、抓获经过、扣押物品清单、户籍信息表等书证；提取笔录；现场勘验笔录、现场图及照片；指认笔录及指认照片；辨认笔录及照片；证人张某1、张某2、曾某的证言；被害人郑某的陈述及被告人凌规彰在公安机关的供述等证据证实。 公诉机关认为，被告人凌规彰违反法律规定，非法持有枪支，情节严重，其行为触犯了《中华人民共和国刑法》第一百二十八第一款之规定，应当以非法持有枪支罪追究其刑事责任。提请本院依法判处。 被告人凌规彰辩称，其于2014年在赌博场所认识了一名叫王某平的男子，王某平曾向其借款500元用于赌博，并将一袋物品交给其作为抵押物，其持有的红色疑似枪支系王某平的抵押物；后其又多次借款给王某平，王某平将一辆后驱动货车交给其作为抵押物，该货车的副驾驶座位上有类似电钻之类的物品，其不清楚该些物品中是否有被公安机关查获的黑色疑似枪支；案发前其认为持有的红色疑似枪支系射钉器，案发后经鉴定其才知道该红色疑似枪支系枪支；其于2010年2月刑满释放，本次重新犯罪已超过五年，不属于累犯。 经审理查明，2015年3月13日16时许，被害人郑某到钦州市公安局贵台派出所报案称，其被被告人凌规彰持械强行带至钦北区贵台镇屯良村委那甲村，被告人凌规彰将其关押长达七八天，期间其多次被被告人凌规彰强奸。2015年3月13日21时许，钦州市公安局钦北分局民警前往钦北区贵台镇屯良村委那甲村被告人凌规彰的家中进行现场勘查，公安民警在被告人凌规彰家中搜查发现一支黑色自制枪支。 2015年3月27日23时许，钦州市公安局刑事侦查支队钦北二大队民警在钦州市钦州湾大道阳光丽城地下停车场入口旁抓获被告人凌规彰，并在被告人凌规彰随身携带的灰色布袋中查获一支红色自制枪支，在被告人凌规彰随身携带的褐色挎包中查获疑似排式子弹253发，银色疑似子弹56发，金色疑似子弹18发，钢珠17粒。经鉴定，公安机关查获的被告人凌规彰持有的黑色自制枪支及红色自制枪支均系枪支，该两支枪支均系以火药为动力发射枪弹的改制火药枪，具有致伤力。 另查明，被告人凌规彰因犯故意伤害罪于2009年11月18日被本院判处有期徒刑二年，于2011年5月28日被释放。 认定上述事实，有公诉机关提供的下列证据证实： 1、受案登记表、立案决定书，证实：一、2015年3月13日16时许，郑某到钦州市公安局贵台派出所报称其被一名叫“七哥”的男子持械强行带到钦北区贵台镇屯良村委那甲村，该男子将其关押长达七八天，期间其多次被该男子强奸。公安机关于2015年3月15日对郑某被非法拘禁案立案侦查；二、2015年3月27日23时许，钦州市公安局刑事侦查支队钦北二大队民警在钦州市钦州湾大道阳光丽城地下停车场入口旁抓获被告人凌规彰，并在被告人凌规彰随身携带的灰色布袋中查获一支红色自制枪支，在被告人凌规彰随身携带的褐色挎包中查获疑似排式子弹253发，银色疑似子弹56发，金色疑似子弹18发，钢珠17粒，公安机关于2015年3月28日对凌规彰非法持有枪支弹药案立案侦查。 2、抓获经过，证实2015年3月27日23时许，钦州市公安局刑事侦查支队钦北二大队民警在钦州市钦州湾大道阳光丽城地下停车场入口旁抓获被告人凌规彰，并在被告人凌规彰随身携带的灰色布袋中查获一支红色自制枪支，在被告人凌规彰随身携带的褐色挎包中查获疑似子弹数百发，被告人凌规彰供认被查获的红色枪支及弹药系其所携带。 3、户籍信息表，证实被告人凌规彰于1980年6月5日出生，已达刑事责任年龄，属应负完全刑事责任能力人。 4、（2009）钦北刑初字第137号刑事判决书，证实被告人凌规彰因犯故意伤害罪于2009年11月18日被本院判处有期徒刑二年。 5、钦州市看守所刑满释放证明书，证实被告人凌规彰因犯故意伤害罪于2009年11月18日被本院判处有期徒刑二年，刑期自2009年5月29日至2011年5月28日，被告人凌规彰于2011年5月28日被释放。 6、提取笔录，证实2015年3月27日23时许，钦州市公安局刑事侦查支队钦北二大队民警在钦州市钦州湾大道阳光丽城地下停车场入口旁抓获被告人凌规彰，并在被告人凌规彰随身携带的灰色布袋中查获一支红色自制枪支，在被告人凌规彰随身携带的褐色挎包中查获疑似排式子弹253发，银色疑似子弹56发，金色疑似子弹18发，钢珠17粒，公安民警对上述枪支及疑似进行提取扣押。 7、扣押清单，证实2015年3月27日，钦州市公安局刑事侦查支队钦北二大队民警对查获的被告人凌规彰持有的红色枪支、疑似子弹及钢珠予以扣押。 8、现场勘查笔录、现场图及照片，证实：一、2015年3月13日，钦州市公安局钦北分局公安民警在钦北区贵台镇屯良村委那甲村被告人凌规彰家中搜查出一把黑色自制枪支，该枪支长45厘米；二、2015年3月27日23时许，钦州市公安局刑事侦查支队钦北二大队民警在钦州市钦州湾大道阳光丽城地下停车场入口旁抓获被告人凌规彰，并在被告人凌规彰随身携带的灰色布袋中查获一支红色自制枪支，在被告人凌规彰随身携带的褐色挎包中查获疑似排式子弹253发，银色疑似子弹56发，金色疑似子弹18发，钢珠17粒。 9、指认笔录及指认照片，证实被告凌规彰对被查获的疑似枪支、疑似子弹及钢珠进行指认，被查获的疑似枪支、疑似子弹及钢珠均系其所携带。 10、辨认笔录，证实被告人凌规彰于2015年3月27日晚欲将红色的自制枪支出售张某1彪，在场曾某海指认被告人凌规彰系欲出售枪支张某1彪的该名男子。 11、钦公物鉴（痕检）字［2015］10号枪支鉴定书及钦公物鉴（痕检）字［2015］11号枪支鉴定书，证实公安机关分别于2015年3月13日、2015年3月27日查获的被告人凌规彰持有的黑色枪支及红色枪支均被鉴定为枪支，该两支枪支均系以火药为动力发射枪弹的改制火药枪，均具有致伤力。 12、证人证言 （1）证张某1彪的证言，证实被告人凌规彰在其家中当面向其张某2懋曾某海从其随身携带的灰色布袋内取出一条长约20公分的管与一个长约30公分的红色部件组装了一把红色枪支，被告人凌规彰在随身的布袋中取出一条镶有子弹的塑料条，从塑料条中取出一个子弹装入枪支内，后被告人凌规彰在其卧室内开了一枪，其问被告人凌规彰枪支是何某来，被告人凌规彰回答该枪支是其自己制造的；其又问被告人凌规彰枪支的价格，被告人凌规彰答复枪支售价至少3000元／支，并随枪赠送300发子弹，如子弹用完，可以与其联系，子弹是2元／发；被告人凌规彰问其是否购买枪支，其答复该枪支的款式不好看，被告人凌规彰答复其家还有一把左轮式枪支；后其担心购买枪支触犯法律，便拒绝购买被告人凌规彰出售的枪支。 （2）证张某2懋的证言，证实2015年3月27日晚，被告人凌规彰张某1彪家中用一支红色的类似冲击钻的物品，与其他金属零件组装了一把枪支；被告人凌规彰在其皮包中取出一条塑料底座固定的子弹放入枪支后座上面的一个入口，将一颗钢珠放入枪头后将枪支上膛，后被告人凌规彰张某1彪的卧室内开了一枪张某1彪问被告人凌规彰枪支从何处得到，被告人凌规彰答复该枪支是其自己改装的，并问是否有人想购买枪支，枪支的价格是3000元／支，配300发子弹，其还出售子弹；被告人凌规彰声称该枪支威力很大，在200米内可以打穿2-3公分的板块。 （3）证曾某海的证言，证实2015年3月27日晚8时许，其张某1彪家中玩耍，其张某1彪家中见到了被告人凌规彰，被告人凌规彰从随身携带的灰色布袋内取出一条长约20公分的管与一个长约30公分的红色部件进行组装，被告人凌规彰称其自己组装的是一把枪支；被告人凌规彰从布袋中拿出一条镶有子弹的塑料条插入枪支中并拉伸枪管，张某1彪的卧室开了一枪；被告人凌规彰问是否有人购买枪支，枪支售价为3000元／支，配有子弹；其张某1彪张某2懋拒绝购买被告人凌规彰的枪支。 13、被害郑某某的陈述，证实其于2015年3月6日与被告人凌规彰在钦州港紫竹宾馆发生性关系后，被告人凌规彰以回家取嫖资为由于2015年3月7日将其带到钦北区贵台镇屯良村委那甲村，当晚被告人凌规彰欲与其发生性关系，遭其拒绝后，被告人凌规彰便在床头取出一把疑似枪支朝墙壁开了一枪，被告人凌规彰强行与其发生了性关系；被告人凌规彰将其控制在家中，其手机被被告人凌规彰没收，其无法与外界取得联系，在被拘禁期间被告人凌规彰多次强行与其发生性关系；在被告人凌规彰家中，其见到被告人凌规彰持有两支自制的枪支。 14、被告人凌规彰的供述，证实其于2014年在赌博场所认识一名王某忠平的男子，该男子因向其借款，便将一个袋子交给其作为抵押物，其发现袋子内有一支红色的类似电钻及子弹的物品；后其多次借钱王某忠平王某忠平将一辆后驱动农用车交给其作为抵押物，其在该车的副驾驶座位下发现了一支黑色的类似电钻的物品，其认为该把红色及黑色的电钻是射钉器；其因无钱用，便打算了解该支红色射钉器的价格，再将该红色射钉器出卖；其打算到一朋友家中借宿，遭到朋友拒绝后，其便前钦州市三沿广场，其钦州市三沿广场附近被公安民警抓获，公安民警在其身上查获了红色的射钉器及子弹。 上述证据，经庭审举证、质证属实，证据来源合法，与本案具有关联性，本院予以确认，作为本案的定案依据。 对被告人凌规彰提出红色枪支及黑色枪支均王某忠平抵押物的辩解，经查，仅有被告人凌规彰的供述，王某忠平的证言加以印证，不能认定该两支枪支确王某忠平的抵押物。被告人凌规彰非法持有枪支行为属实，枪支的来源不影响对其定罪。被告人凌规彰的辩解不成立，本院不予采纳。 被告人凌规彰辩称其不属累犯。经查，有钦州市看守所刑满释放证明书证实，被告人凌规彰因犯故意伤害罪于2009年11月18日被本院判处有期徒刑二年，刑期自2009年5月29日至2011年5月28日，被告人凌规彰于2011年5月28日被释放。从释放之日至2015年3月27日被告人凌规彰被当场搜身查获枪支，未满五年。根据刑法第六十五条的规定，被告人凌规彰前罪被判处有期徒刑，刑罚执行完毕后未满五年再犯应当判处有期徒刑以上刑罚之罪，确属累犯。被告人凌规彰不属累犯的辩解无事实依据，不予采纳。 本院认为，被告人凌规彰违反枪支管理规定，非法持有非军用枪支二支，情节严重，其行为触犯了《中华人民共和国刑法》第一百二十八条第一款的规定，构成非法持有枪支罪。公诉机关指控被告人凌规彰犯非法持有枪支罪成立。被告人凌规彰系累犯，应当从重处罚。根据被告人凌规彰犯罪的事实、犯罪的性质、情节和对社会的危害程度及其悔罪表现，依照《中华人民共和国刑法》第一百二十八条第一款、第六十一条、第六十五条第一款、《最高人民法院关于审理非法制造、买卖、运输枪支、弹药、爆炸物等刑事案件具体应用法律若干问题的解释》第五条第二款第（二）项之规定，判决如下： 被告人凌规彰犯非法持有枪支罪，判处有期徒刑三年六个月（刑期从判决执行之日起计算；判决执行以前先行羁押的，羁押一日折抵刑期一日。即从2015年3月28日起至2018年9月27日止）。 如不服本判决，可在接到判决书的第二日起十日内，通过本院或者直接向广西壮族自治区钦州市中级人民法院提出上诉。书面上诉的，应当提交上诉状正本一份，副本五份。 审判长覃小丽 人民陪审员廖志毅 人民陪审员林丹 二〇一五年十一月四日 书记员黄罗艳 附本案适用的法律条文： 《中华人民共和国刑法》 第一百二十八条违反枪支管理规定，非法持有、私藏枪支、弹药的，处三年以下有期徒刑、拘役或者管制；情节严重的，处三年以上七年以下有期徒刑； 第六十一条对犯罪分子决定刑罚的时候，应当根据犯罪的事实、犯罪的性质、情节和对社会的危害程度，依照本法的有关规定判处。 第六十五条第一款被判处有期徒刑以上刑罚的犯罪分子，刑罚执行完毕或者赦免以后，在五年以内再犯应当判处有期徒刑以上刑罚之罪的，是累犯，应当从重处罚，但是过失犯罪和不满十八周岁的人犯罪除外。 《最高人民法院关于审理非法制造、买卖、运输枪支、弹药、爆炸物等刑事案件具体应用法律若干问题的解释》 第五条具有下列情形之一的，依照刑法第一百二十八条第一款的规定，以非法持有、私藏枪支、弹药罪定罪处罚： …… 具有下列情形之一的，属于刑法第一百二十八条第一款规定的“情节严重”： …… （二）非法持有、私藏以火药为动力发射枪弹的非军用枪支二支以上或者以压缩气体等为动力的其他非军用枪支五支以上的。","writId":"05471bfa762dcb46b4ccddf5f5658791402","writName":"凌规彰非法持有、私藏枪支、弹药一审刑事判决书"}
