{"ajId":"104b3651-9922-4d54-9e98-e9aacbb0c400","ajName":"被告人魏树松贩卖毒品等一案","ajjbqk":" 浏阳市人民检察院指控： 一、贩卖毒品 2013年5月至9月，被告人魏树松先后2次贩卖毒品给吸毒人员孔某某（已作行政处罚）。具体分述如下： 1、2013年5月底6月初的一天晚上，被告人魏树松在本市金沙公寓附近，将200元的麻古和冰毒贩卖给孔某某。 2、2013年9月份的一天晚上，被告人魏树松在本市声威巷自己经营的“鱼场”赌博游戏室附近，将300元的麻古和冰毒贩卖给孔某某。 二、容留他人吸毒、非法持有毒品 2014年2月17日上午，被告人魏树松使用其女友苏某某的身份证在本市豪庭大酒店办理登记入住手续，入住该酒店816房间。次日14时许，被告人魏树松在该房间容留吸毒人员汤某某、廖某某、孔某某、邓某某、余某某等人吸食毒品冰毒时，被公安机关当场查获，并当场缴获疑似冰毒晶体物质一包，净重2.17克。随后公安机关在被告人魏树松驾驶的悬挂假号牌为湘A8＊＊＊＊的本田雅阁小车上搜查出其非法持有的疑似冰毒晶体物质两包，净重23.37克。经物证鉴定，缴获的疑似冰毒晶体物质总净重25.54克，从中检出甲基苯丙胺成分。 三、非法持有枪支 2012年，被告人魏树松伙同熊某某在本市东乡购买了两把自制火药枪。熊某某死亡后，被告人魏树松将该两支火药枪保管在其租住的住房内。2014年1月底的一天，被告人魏树松从罗某（另案处理）处拿了一把自制黑色手枪，后将该手枪放置于自己悬挂假号牌为湘A8＊＊＊＊的本田雅阁小车尾箱内。2014年2月18日，公安机关在该处搜查出其非法持有的自制手枪一把、自制子弹两发。次日，公安机关从被告人魏树松租住的住房客厅沙发底下搜出自制火药枪两把。经物证鉴定，被告人魏树松非法持有的三把枪型物均具备以火药为动力发射金属弹丸的非军用枪支结构，均认定为枪支。 上述事实，公诉机关向本院提交了以下证据予以证明：受案登记表、立案决定书、户籍证明、现实表现证明、归案经过、现场照片、扣押物品清单及照片、现场检测报告、行政处罚决定书、情况说明、客用押金单、手机通话详单等书证；证人孔某某、汤某某、廖某某、邓某某、余某某、苏某某的证言；搜查笔录、称量笔录；物证鉴定意见等。公诉机关认为：被告人魏树松的行为已构成贩卖毒品罪、容留他人吸毒罪、非法持有毒品罪、非法持有枪支罪，其中非法持有枪支罪属情节严重。 被告人魏树松对公诉机关指控其犯贩卖毒品罪、容留他人吸毒罪、非法持有毒品罪、非法持有枪支罪不持异议，但对非法持有枪支罪的情节严重有异议，并辩称：在其悬挂假号牌为湘A8＊＊＊＊的本田雅阁小车尾箱内搜出自制手枪一把、自制子弹两发不持异议。在其租住屋搜出的两支火药枪，辩称是与其同住出租屋的熊某某购买、持有，他并不知情，不应认定他持有，故其非法持有枪支的行为不属情节严重。 经审理查明： 一、贩卖毒品 2013年5月至9月，被告人魏树松先后2次贩卖毒品给吸毒人员孔某某（已作行政处罚）。具体分述如下： 1、2013年5月底6月初的一天晚上，被告人魏树松在本市金沙公寓附近，将200元的麻古和冰毒贩卖给孔某某。 2、2013年9月份的一天晚上，被告人魏树松在本市声威巷自己经营的“鱼场”赌博游戏室附近，将300元的麻古和冰毒贩卖给孔某某。 二、容留他人吸毒 2014年2月17日上午，被告人魏树松使用其女友苏某某的身份证在本市豪庭大酒店办理登记入住手续，入住该酒店816房间。次日14时许，被告人魏树松在该房间容留吸毒人员汤某某、廖某某、孔某某、邓某某、余某某等人吸食毒品冰毒时，被公安机关当场查获，并当场缴获疑似冰毒晶体物质一包，净重2.17克。经物证鉴定，从中检出甲基苯丙胺成分。 三、非法持有毒品罪 2014年2月18日，公安机关在查获被告人魏树松容留他人吸毒后，又在被告人魏树松驾驶的悬挂假号牌为湘A8＊＊＊＊的本田雅阁小车上搜查出其非法持有的疑似冰毒晶体物体两包，净重23.37克。经物证鉴定，从中检出甲基苯丙胺成分。 被告人魏树松归案后如实供述了上述事实。 上述事实，被告人魏树松在开庭审理过程中亦无异议，并有受案登记表、立案决定书、户籍证明、现实表现证明、归案经过、现场照片、扣押物品清单及照片、现场检测报告、行政处罚决定书、情况说明、客用押金单、手机通话详单等书证；证人孔某某、汤某某、廖某某、邓某某、余某某、苏某某的证言；搜查笔录、称量笔录；物证鉴定意见等证据证实，足以认定。 四、非法持有枪支 2012年，被告人魏树松伙同熊某某在本市东乡某地购买了两把自制火药枪。2013年上半年熊某某死亡后，被告人魏树松将该两支火药枪保管在其租住的住房内。2014年1月底的一天，被告人魏树松从罗某（另案处理）处拿了一把自制黑色手枪，后将该手枪放置于自己悬挂假号牌为湘A8＊＊＊＊的本田雅阁小车尾箱内。2014年2月18日，被告人魏树松因容留他人吸毒被抓获后，公安机关在搜查被告人魏树松的本田雅阁小车时，从其车上搜查出其非法持有的自制手枪一把、自制子弹两发。次日，公安机关从被告人魏树松租住的住房客厅沙发底下搜出自制火药枪两把。经物证鉴定，被告人魏树松非法持有的三把枪型物均具备以火药为动力发射金属弹丸的非军用枪支结构，均认定为枪支。 上述事实，有公诉机关当庭出示了下列证据予以证明： 1、书证 （1）、枪支照片，证实从被告人魏树松小车中提取的自制手枪一把、自制子弹两发，从被告人魏树松租住屋内提取枪支二把。 （2）、搜查笔录、提取笔录、扣押决定书、扣押物品清单，证实2014年2月18日，侦查人员从被告人魏树松小车上提取的自制手枪一把、自制子弹两发。2014年2月19日16时许，侦查人员从被告人魏树松租住的住房客厅沙发底下搜出自制火药枪两把。 2、证人王某某证言，证实他们夫妻将位于本市某某公寓D栋二楼的住房在2013年3月租给被告人魏树松个人居住，租期一年。 3、物证检验报告，证实从被告人魏树松小车中提取的自制手枪一把、从被告人魏树松租住屋内提取的枪支二把均具备以火药为动力发射金属弹丸的非军用枪支结构，均认定为枪支。 4、被告人魏树松在侦查机关的供述，供认他有过3把枪，一把是自制的黑色手枪，放在车尾箱的白色硬纸盒内，盒子内还有两发自制子弹。还有两支火药枪，存放在租住的住房客厅沙发底下，这两支枪是二年前和熊某某一起到浏阳东乡购买的，具体是熊某某购买的，详细情况不清楚，熊某某死后，枪就一直由我保管了，我一直把枪藏在家里。 以上证据经庭审质证，被告人魏树松对书证、证人证言、物证检验报告均不持异议，但辩称出租屋的2支枪虽之前和熊某某一起去购买了，但后来熊某某曾将2把枪从出租屋拿出去了，再次带回及放在沙发下，他并不知情。合议庭认为，被告人魏树松关于出租屋的2支枪熊某某拿走的辩解，被告人魏树松在侦查机关未作解释，且无其他证据佐证，加之买枪、藏枪的情节以及认可熊某某将枪藏匿于自己租住屋的事实客观存在，故对被告人魏树松的辩解，本院不予采纳。被告人魏树松非法持有枪支的事实清楚，证据确实充分，足以认定。 ","cpfxgc":"本院认为，被告人魏树松明知是毒品甲基苯丙胺（冰毒）而予以贩卖，其行为已构成贩卖毒品罪；被告人魏树松明知是毒品甲基苯丙胺（冰毒）而非法持有并为他人吸食毒品提供场所，其行为已分别构成非法持有毒品罪和容留他人吸毒罪；被告人魏树松违反枪支管理法律、法规规定，非法持有枪支三支，其行为已构成非法持有枪支罪，且情节严重。公诉机关指控的罪名均成立。被告人魏树松一人犯数罪，应数罪并罚。被告人魏树松归案后如实供述了自己的犯罪事实，认罪态度好，可以从轻处罚。据此，依照《中华人民共和国刑法》第三百四十七条第一、四、七款，第三百四十八条，第三百五十四条，第一百二十八条第一款，第六十九条，第六十七条第三款之规定，判决如下：","pjjg":" 被告人魏树松犯贩卖毒品罪，判处有期徒刑十一个月，并处罚金人民币三千元；犯容留他人吸毒罪，判处拘役三个月，并处罚金人民币三千元；犯非法持有毒品罪，判处有期徒刑一年四个月，并处罚金人民币三千元；犯非法持有枪支罪，判处有期徒刑三年七个月，合并决定执行有期徒刑五年六个月，并处罚金人民币九千元（限本判决生效后十日内缴纳）。 （刑期从判决执行之日起计算。判决执行以前先行羁押的，羁押一日折抵刑期一日。即自2014年2月18日起至2019年8月17日止）。 如不服本判决，可在接到判决书的第二日起十日内，通过本院或者直接向湖南省长沙市中级人民法院提出上诉。书面上诉的，应当提交上诉状正本一份，副本二份。","qw":"湖南省浏阳市人民法院 刑事判决书 （2014）浏刑初字第508号 公诉机关浏阳市人民检察院。 被告人魏树松，男，1984年9月15日出生于湖南省浏阳市。因本案，于2014年2月18日被传唤，次日被刑事拘留，同年3月27日被逮捕，现押浏阳市看守所。 浏阳市人民检察院以浏检公诉刑诉（2014）506号起诉书指控被告人魏树松犯贩卖毒品罪、容留他人吸毒罪、非法持有毒品罪、非法持有枪支罪，于2014年6月25日向本院提起公诉。本院依法适用普通程序，组成合议庭，公开开庭审理了本案。浏阳市人民检察院代理检察员邹婧、被告人魏树松均到庭参加了诉讼。现已审理终结。 浏阳市人民检察院指控： 一、贩卖毒品 2013年5月至9月，被告人魏树松先后2次贩卖毒品给吸毒人员孔某某（已作行政处罚）。具体分述如下： 1、2013年5月底6月初的一天晚上，被告人魏树松在本市金沙公寓附近，将200元的麻古和冰毒贩卖给孔某某。 2、2013年9月份的一天晚上，被告人魏树松在本市声威巷自己经营的“鱼场”赌博游戏室附近，将300元的麻古和冰毒贩卖给孔某某。 二、容留他人吸毒、非法持有毒品 2014年2月17日上午，被告人魏树松使用其女友苏某某的身份证在本市豪庭大酒店办理登记入住手续，入住该酒店816房间。次日14时许，被告人魏树松在该房间容留吸毒人员汤某某、廖某某、孔某某、邓某某、余某某等人吸食毒品冰毒时，被公安机关当场查获，并当场缴获疑似冰毒晶体物质一包，净重2.17克。随后公安机关在被告人魏树松驾驶的悬挂假号牌为湘A8＊＊＊＊的本田雅阁小车上搜查出其非法持有的疑似冰毒晶体物质两包，净重23.37克。经物证鉴定，缴获的疑似冰毒晶体物质总净重25.54克，从中检出甲基苯丙胺成分。 三、非法持有枪支 2012年，被告人魏树松伙同熊某某在本市东乡购买了两把自制火药枪。熊某某死亡后，被告人魏树松将该两支火药枪保管在其租住的住房内。2014年1月底的一天，被告人魏树松从罗某（另案处理）处拿了一把自制黑色手枪，后将该手枪放置于自己悬挂假号牌为湘A8＊＊＊＊的本田雅阁小车尾箱内。2014年2月18日，公安机关在该处搜查出其非法持有的自制手枪一把、自制子弹两发。次日，公安机关从被告人魏树松租住的住房客厅沙发底下搜出自制火药枪两把。经物证鉴定，被告人魏树松非法持有的三把枪型物均具备以火药为动力发射金属弹丸的非军用枪支结构，均认定为枪支。 上述事实，公诉机关向本院提交了以下证据予以证明：受案登记表、立案决定书、户籍证明、现实表现证明、归案经过、现场照片、扣押物品清单及照片、现场检测报告、行政处罚决定书、情况说明、客用押金单、手机通话详单等书证；证人孔某某、汤某某、廖某某、邓某某、余某某、苏某某的证言；搜查笔录、称量笔录；物证鉴定意见等。公诉机关认为：被告人魏树松的行为已构成贩卖毒品罪、容留他人吸毒罪、非法持有毒品罪、非法持有枪支罪，其中非法持有枪支罪属情节严重。 被告人魏树松对公诉机关指控其犯贩卖毒品罪、容留他人吸毒罪、非法持有毒品罪、非法持有枪支罪不持异议，但对非法持有枪支罪的情节严重有异议，并辩称：在其悬挂假号牌为湘A8＊＊＊＊的本田雅阁小车尾箱内搜出自制手枪一把、自制子弹两发不持异议。在其租住屋搜出的两支火药枪，辩称是与其同住出租屋的熊某某购买、持有，他并不知情，不应认定他持有，故其非法持有枪支的行为不属情节严重。 经审理查明： 一、贩卖毒品 2013年5月至9月，被告人魏树松先后2次贩卖毒品给吸毒人员孔某某（已作行政处罚）。具体分述如下： 1、2013年5月底6月初的一天晚上，被告人魏树松在本市金沙公寓附近，将200元的麻古和冰毒贩卖给孔某某。 2、2013年9月份的一天晚上，被告人魏树松在本市声威巷自己经营的“鱼场”赌博游戏室附近，将300元的麻古和冰毒贩卖给孔某某。 二、容留他人吸毒 2014年2月17日上午，被告人魏树松使用其女友苏某某的身份证在本市豪庭大酒店办理登记入住手续，入住该酒店816房间。次日14时许，被告人魏树松在该房间容留吸毒人员汤某某、廖某某、孔某某、邓某某、余某某等人吸食毒品冰毒时，被公安机关当场查获，并当场缴获疑似冰毒晶体物质一包，净重2.17克。经物证鉴定，从中检出甲基苯丙胺成分。 三、非法持有毒品罪 2014年2月18日，公安机关在查获被告人魏树松容留他人吸毒后，又在被告人魏树松驾驶的悬挂假号牌为湘A8＊＊＊＊的本田雅阁小车上搜查出其非法持有的疑似冰毒晶体物体两包，净重23.37克。经物证鉴定，从中检出甲基苯丙胺成分。 被告人魏树松归案后如实供述了上述事实。 上述事实，被告人魏树松在开庭审理过程中亦无异议，并有受案登记表、立案决定书、户籍证明、现实表现证明、归案经过、现场照片、扣押物品清单及照片、现场检测报告、行政处罚决定书、情况说明、客用押金单、手机通话详单等书证；证人孔某某、汤某某、廖某某、邓某某、余某某、苏某某的证言；搜查笔录、称量笔录；物证鉴定意见等证据证实，足以认定。 四、非法持有枪支 2012年，被告人魏树松伙同熊某某在本市东乡某地购买了两把自制火药枪。2013年上半年熊某某死亡后，被告人魏树松将该两支火药枪保管在其租住的住房内。2014年1月底的一天，被告人魏树松从罗某（另案处理）处拿了一把自制黑色手枪，后将该手枪放置于自己悬挂假号牌为湘A8＊＊＊＊的本田雅阁小车尾箱内。2014年2月18日，被告人魏树松因容留他人吸毒被抓获后，公安机关在搜查被告人魏树松的本田雅阁小车时，从其车上搜查出其非法持有的自制手枪一把、自制子弹两发。次日，公安机关从被告人魏树松租住的住房客厅沙发底下搜出自制火药枪两把。经物证鉴定，被告人魏树松非法持有的三把枪型物均具备以火药为动力发射金属弹丸的非军用枪支结构，均认定为枪支。 上述事实，有公诉机关当庭出示了下列证据予以证明： 1、书证 （1）、枪支照片，证实从被告人魏树松小车中提取的自制手枪一把、自制子弹两发，从被告人魏树松租住屋内提取枪支二把。 （2）、搜查笔录、提取笔录、扣押决定书、扣押物品清单，证实2014年2月18日，侦查人员从被告人魏树松小车上提取的自制手枪一把、自制子弹两发。2014年2月19日16时许，侦查人员从被告人魏树松租住的住房客厅沙发底下搜出自制火药枪两把。 2、证人王某某证言，证实他们夫妻将位于本市某某公寓D栋二楼的住房在2013年3月租给被告人魏树松个人居住，租期一年。 3、物证检验报告，证实从被告人魏树松小车中提取的自制手枪一把、从被告人魏树松租住屋内提取的枪支二把均具备以火药为动力发射金属弹丸的非军用枪支结构，均认定为枪支。 4、被告人魏树松在侦查机关的供述，供认他有过3把枪，一把是自制的黑色手枪，放在车尾箱的白色硬纸盒内，盒子内还有两发自制子弹。还有两支火药枪，存放在租住的住房客厅沙发底下，这两支枪是二年前和熊某某一起到浏阳东乡购买的，具体是熊某某购买的，详细情况不清楚，熊某某死后，枪就一直由我保管了，我一直把枪藏在家里。 以上证据经庭审质证，被告人魏树松对书证、证人证言、物证检验报告均不持异议，但辩称出租屋的2支枪虽之前和熊某某一起去购买了，但后来熊某某曾将2把枪从出租屋拿出去了，再次带回及放在沙发下，他并不知情。合议庭认为，被告人魏树松关于出租屋的2支枪熊某某拿走的辩解，被告人魏树松在侦查机关未作解释，且无其他证据佐证，加之买枪、藏枪的情节以及认可熊某某将枪藏匿于自己租住屋的事实客观存在，故对被告人魏树松的辩解，本院不予采纳。被告人魏树松非法持有枪支的事实清楚，证据确实充分，足以认定。 本院认为，被告人魏树松明知是毒品甲基苯丙胺（冰毒）而予以贩卖，其行为已构成贩卖毒品罪；被告人魏树松明知是毒品甲基苯丙胺（冰毒）而非法持有并为他人吸食毒品提供场所，其行为已分别构成非法持有毒品罪和容留他人吸毒罪；被告人魏树松违反枪支管理法律、法规规定，非法持有枪支三支，其行为已构成非法持有枪支罪，且情节严重。公诉机关指控的罪名均成立。被告人魏树松一人犯数罪，应数罪并罚。被告人魏树松归案后如实供述了自己的犯罪事实，认罪态度好，可以从轻处罚。据此，依照《中华人民共和国刑法》第三百四十七条第一、四、七款，第三百四十八条，第三百五十四条，第一百二十八条第一款，第六十九条，第六十七条第三款之规定，判决如下： 被告人魏树松犯贩卖毒品罪，判处有期徒刑十一个月，并处罚金人民币三千元；犯容留他人吸毒罪，判处拘役三个月，并处罚金人民币三千元；犯非法持有毒品罪，判处有期徒刑一年四个月，并处罚金人民币三千元；犯非法持有枪支罪，判处有期徒刑三年七个月，合并决定执行有期徒刑五年六个月，并处罚金人民币九千元（限本判决生效后十日内缴纳）。 （刑期从判决执行之日起计算。判决执行以前先行羁押的，羁押一日折抵刑期一日。即自2014年2月18日起至2019年8月17日止）。 如不服本判决，可在接到判决书的第二日起十日内，通过本院或者直接向湖南省长沙市中级人民法院提出上诉。书面上诉的，应当提交上诉状正本一份，副本二份。 审判长陈愈超 人民陪审员冷光耀 人民陪审员杨金 二〇一四年八月二十七日 书记员李静璇 附相关法律条文： 《中华人民共和国刑法》 第三百四十七条第一款走私、贩卖、运输、制造毒品，无论数量多少，都应当追究刑事责任，予以刑事处罚。 第三款走私、贩卖、运输、制造鸦片二百克以上不满一千克、海洛因或者甲基苯丙胺十克以上不满五十克或者其他毒品数量较大的，处七年以上有期徒刑，并处罚金。 第七款对多次走私、贩卖、运输、制造毒品，未经处理的，毒品数量累计计算。 第三百四十八条非法持有鸦片一千克以上、海洛因或者甲基苯丙胺五十克以上或者其他毒品数量大的，处七年以上有期徒刑或者无期徒刑，并处罚金；非法持有鸦片二百克以上不满一千克、海洛因或者甲基苯丙胺十克以上不满五十克或者其他毒品数量较大的，处三年以下有期徒刑、拘役或者管制，并处罚金；情节严重的，处三年以上七年以下有期徒刑，并处罚金。 第三百五十四条容留他人吸食、注射毒品的，处三年以下有期徒刑、拘役或者管制，并处罚金。 第一百二十八条第一款违反枪支管理规定，非法持有、私藏枪支、弹药的，处三年以下有期徒刑、拘役或者管制；情节严重的，处三年以上七年以下有期徒刑。 第六十七条犯罪以后自动投案，如实供述自己的罪行的，是自首。对于自首的犯罪分子，可以从轻或者减轻处罚。其中，犯罪较轻的，可以免除处罚。 被采取强制措施的犯罪嫌疑人、被告人和正在服刑的罪犯，如实供述司法机关还未掌握的本人其他罪行的，以自首论。 犯罪嫌疑人虽不具有前两款规定的自首情节，但是如实供述自己罪行的，可以从轻处罚；因其如实供述自己罪行，避免特别严重后果发生的，可以减轻处罚。 第六十九条判决宣告以前一人犯数罪的，除判处死刑和无期徒刑的以外，应当在总和刑期以下、数刑中最高刑期以上，酌情决定执行的刑期，但是管制最高不能超过三年，拘役最高不能超过一年，有期徒刑总和刑期不满三十五年的，最高不能超过二十年，总和刑期在三十五年以上的，最高不能超过二十五年。 数罪中有判处附加刑的，附加刑仍须执行，其中附加刑种类相同的，合并执行，种类不同的，分别执行。","writId":"056d513b50fc05773bee1ab416ce07e68d2","writName":"被告人魏树松贩卖毒品等案刑事判决书"}
