{"ajId":"1fd499bf-28aa-4f02-9bdf-985d93071db4","ajName":"李晓斌强奸一案","ajjbqk":" 经审查查明，2017年5月间，被告人李晓斌通过手机QQ添加被害人魏某（女，2005年9月30日出生）为好友，二人便开始在QQ上聊天。8月间，李晓斌与魏某通过网上聊天更为频繁，李晓斌还产生了与魏某发生性关系的想法。8月的一天晚上，李晓斌邀约魏某至西盟县勐梭镇“河边有房”宾馆开房，在路上李晓斌得知魏某未满十二周岁，当晚李晓斌便于魏某发生了二次性行为。此后至9月间，李晓斌通过网络聊天的方式，多次邀约魏某至西盟县勐梭镇“河边有房”宾馆、西盟县勐梭镇“星河山居”工地工棚的浴室间及女厕内发生性行为。2017年9月16日晚，李晓斌邀约魏某至西盟县“星河山居”工地工棚的女厕内发生性行为。当日23时许，魏某的母亲田某上厕所时发现从女厕内出来的魏某和躲在女厕门后的李晓斌，感觉二人形迹可疑，后在魏某父母的质问下，李晓斌承认其与魏某在女厕内发生性行为。9月17日15时40分，魏某父亲岩某拨打110向西盟县公安局报案。后李晓斌被西盟县公安局民警抓获。 另查明，被告人李晓斌在案发后自动投案，并如实供述自己的犯罪事实，认罪态度较好，具有自首情节。 上述事实，被告人李晓斌在开庭审理过程中亦无异议，且有户口证明、犯罪嫌疑人正侧面照片、受理案件登记表、受案回执、立案决定书、立案告知书、提取笔录、扣押决定书、扣押清单、随案移送清单、病情证明、物证照片、未成年人法定代理人到场通知书、被害人魏某陈述、证人田某的证言、证人岩某的证言、证人娜某的证言、抓获经过、被告人李晓斌的供述与辩解、现场勘验笔录、提取痕迹、物质登记表、现场图、现场传照片、辨认笔录及辨认现场照片、鉴定聘请书、鉴定意见书及鉴定意见通知书、视听资料（光盘4张）等证据予以证实，本院予以确认。 ","cpfxgc":"本院认为，被告人李晓斌在明知被害人未满十四周岁，多次与其发生性关系的行为触犯《中华人民共和国刑法》第二百三十六条之规定，构成强奸罪。且被告人属于完全刑事责任能力人，能够承担刑事责任，应当予以处罚。公诉机关指控被告人的犯罪事实清楚，证据确实、充分，罪名成立，适用法律准确，本院予以确认。公诉机关提出被告人李晓斌到案后如实供述自己的犯罪事实，认罪态度较好，具有自首情节，根据《中华人民共和国刑法》第六十七条第一款的规定，可以从轻处罚的量刑建议与本院查明的事实相符，本院予以采纳。故被告人李晓斌提请法庭从轻处罚的请求，本院予以支持。被告人辩护人提出被告人李晓斌有自首情节且系初犯、偶犯、认罪态度良好，当庭自愿认罪、悔罪，提请本庭对被告人李晓斌适用缓刑的辩护意见，本庭针对本案的实际情况及案件性质综合考虑，不予采纳。本院依照《中华人民共和国刑法》第六十七条第一款、第六十四条、第四十七条、第二百三十六条的规定，判决如下：","pjjg":" 一、被告人李晓斌犯强奸罪，判处有期徒刑六年。 （有期徒刑的刑期，从判决执行之日起计算；判决执行以前先羁押的，羁押一日折抵刑期一日。即自2017年9月18日起至2023年9月18日止）。 二、扣押的被告人1、手机背面印有“SΛMSUNG”字样，白色，型号：SM-N7508V，CMIITID：2014CP0469；2、移动卡一张，号码为15894499745依法予以没收，由扣押机关处理，上缴国库。 如不服本判决，可在接到判决书的第二日起十日内，通过本院或者直接向云南省普洱市中级人民法院提出上诉。书面上诉的，应当提交上诉状正本一份，副本二份。","qw":"云南省西盟佤族自治县人民法院 刑事判决书 （2018）云0829刑初12号 公诉机关云南省西盟佤族自治县（以下简称西盟县）人民检察院。 附带民事诉讼原告人魏某，女，佤族，2005年9月30日生，云南省西盟县人，初中文化，在校学生，住址：云南省西盟县。 法定代理人岩某，男，1978年3月25日生，云南省西盟县人。（系附带民事诉讼原告人魏某父亲）。 被告人李晓斌，曾用名李永康，男，哈尼族，1987年8月25日出生，云南省墨江县人，大专文化，务工，2017年9月18日因本案被刑事拘留，同年9月29日被逮捕。现羁押于普洱市看守所。 辩护人及附带民事诉讼代理人吴宏波，云南五木律师事务所律师。代理权限：特别授权代理。 西盟县人民检察院以西检刑诉（2018）12号起诉书指控被告人李晓斌犯强奸罪，于2018年2月1日向本院提起公诉。诉讼过程中，被害人魏某向本院提起附带民事诉讼，要求判令被告人赔偿被害人精神损失。双方当事人就附带民事诉讼部分已私下协商，附带民事诉讼原告人魏某于2018年4月4日向我院提出撤诉申请，依照《中华人民共和国民事诉讼法》第一百四十五条第一款、最高人民法院关于适用《中华人民共和国刑事诉讼法》的解释第一百六十三条之规定准许附带民事诉讼原告人魏某撤回对本案附带民事赔偿部分的起诉（已另制作裁定书）。本院依法组成合议庭，不公开开院审理了本案。西盟县人民检察院指派检察员杨某1、杨某2，附带民事诉讼原告法定代理人岩某，被告人李晓斌及其辩护人、委托诉讼代理人吴宏波到庭参加诉讼。现已审理终结。 经审查查明，2017年5月间，被告人李晓斌通过手机QQ添加被害人魏某（女，2005年9月30日出生）为好友，二人便开始在QQ上聊天。8月间，李晓斌与魏某通过网上聊天更为频繁，李晓斌还产生了与魏某发生性关系的想法。8月的一天晚上，李晓斌邀约魏某至西盟县勐梭镇“河边有房”宾馆开房，在路上李晓斌得知魏某未满十二周岁，当晚李晓斌便于魏某发生了二次性行为。此后至9月间，李晓斌通过网络聊天的方式，多次邀约魏某至西盟县勐梭镇“河边有房”宾馆、西盟县勐梭镇“星河山居”工地工棚的浴室间及女厕内发生性行为。2017年9月16日晚，李晓斌邀约魏某至西盟县“星河山居”工地工棚的女厕内发生性行为。当日23时许，魏某的母亲田某上厕所时发现从女厕内出来的魏某和躲在女厕门后的李晓斌，感觉二人形迹可疑，后在魏某父母的质问下，李晓斌承认其与魏某在女厕内发生性行为。9月17日15时40分，魏某父亲岩某拨打110向西盟县公安局报案。后李晓斌被西盟县公安局民警抓获。 另查明，被告人李晓斌在案发后自动投案，并如实供述自己的犯罪事实，认罪态度较好，具有自首情节。 上述事实，被告人李晓斌在开庭审理过程中亦无异议，且有户口证明、犯罪嫌疑人正侧面照片、受理案件登记表、受案回执、立案决定书、立案告知书、提取笔录、扣押决定书、扣押清单、随案移送清单、病情证明、物证照片、未成年人法定代理人到场通知书、被害人魏某陈述、证人田某的证言、证人岩某的证言、证人娜某的证言、抓获经过、被告人李晓斌的供述与辩解、现场勘验笔录、提取痕迹、物质登记表、现场图、现场传照片、辨认笔录及辨认现场照片、鉴定聘请书、鉴定意见书及鉴定意见通知书、视听资料（光盘4张）等证据予以证实，本院予以确认。 本院认为，被告人李晓斌在明知被害人未满十四周岁，多次与其发生性关系的行为触犯《中华人民共和国刑法》第二百三十六条之规定，构成强奸罪。且被告人属于完全刑事责任能力人，能够承担刑事责任，应当予以处罚。公诉机关指控被告人的犯罪事实清楚，证据确实、充分，罪名成立，适用法律准确，本院予以确认。公诉机关提出被告人李晓斌到案后如实供述自己的犯罪事实，认罪态度较好，具有自首情节，根据《中华人民共和国刑法》第六十七条第一款的规定，可以从轻处罚的量刑建议与本院查明的事实相符，本院予以采纳。故被告人李晓斌提请法庭从轻处罚的请求，本院予以支持。被告人辩护人提出被告人李晓斌有自首情节且系初犯、偶犯、认罪态度良好，当庭自愿认罪、悔罪，提请本庭对被告人李晓斌适用缓刑的辩护意见，本庭针对本案的实际情况及案件性质综合考虑，不予采纳。本院依照《中华人民共和国刑法》第六十七条第一款、第六十四条、第四十七条、第二百三十六条的规定，判决如下： 一、被告人李晓斌犯强奸罪，判处有期徒刑六年。 （有期徒刑的刑期，从判决执行之日起计算；判决执行以前先羁押的，羁押一日折抵刑期一日。即自2017年9月18日起至2023年9月18日止）。 二、扣押的被告人1、手机背面印有“SΛMSUNG”字样，白色，型号：SM-N7508V，CMIITID：2014CP0469；2、移动卡一张，号码为15894499745依法予以没收，由扣押机关处理，上缴国库。 如不服本判决，可在接到判决书的第二日起十日内，通过本院或者直接向云南省普洱市中级人民法院提出上诉。书面上诉的，应当提交上诉状正本一份，副本二份。 审判长高会春 审判员刀达英 审判员马满保 二〇一八年四月十二日 书记员杨丽","writId":"032d9ed363b3298fb2cf14e93522b8e1093","writName":"李晓斌强奸一审刑事判决书"}
