{"ajId":"eea9e8e7-3f43-4a9c-912c-e176367c9e92","ajName":"江海君以危险方法危害公共安全罪一案","ajjbqk":" 宁波市奉化区人民检察院指控： 一、以危险方法危害公共安全罪 2017年6月20日8时许，被告人江海君酒后搭乘207路公交车，坐过站后让驾驶员停车未果后，辱骂该车驾驶员吴某，并强行抢夺驾驶员手中方向盘，驾驶员吴某当即采取把控方向盘和紧急刹车的措施，避免了严重后果的发生。 二、寻衅滋事罪 2017年3月至6月，被告人江海君先后四次在本区莼湖镇实施强拿硬要、强行拦截公交车寻衅滋事行为。具体如下： 1.2017年3月的一天，被告人江海君酒后窜至本区莼湖镇公交车站办公室，无理拍桌吵闹，强拿硬要该车站管理员邬某人民币15元。 2.2017年6月初的一天，被告人江海君酒后翻墙进入莼湖镇四联村易龙生物科技有限公司办公室，无理取闹，强拿硬要胡某人民币20元。 3.2017年6月14日18时许，被告人江海君酒后至岔口，强拿被害人包某的草席一张，后又至被害人车旁，伸手欲打被害人，被害人逃跑后，被告人江海君将被害人包某车辆的两扇车门转轴损坏。 4.2017年6月21日11时许，被告人江海君酒后至角塔车站，无故用身体拦截牌照为浙B×××××的207路公交车前进，并辱骂驾驶员，用易拉罐砸公交车车头，拦车时间持续5分钟左右。 公诉机关向法庭提交了被告人江海君的供述，证人毛某、许某、严某1、许追存的证言，被害人邬某、包某、胡某的陈述，监控视频，刑事判决书，人口信息表等证据证明上述指控的事实。公诉机关认为，被告人江海君抢夺行驶中的公交车方向盘，因公交车驾驶员采取紧急措施，未造成严重后果，其行为已触犯了《中华人民共和国刑法》第一百一十四条，犯罪事实清楚，证据确实充分，应当以以危险方法危害公共安全罪追究其刑事责任。被告人江海君又无视国家法纪和社会公德。多次强拿硬要，强行拦截、辱骂他人，破坏社会秩序，情节严重，其行为又触犯了《中华人民共和国刑法》第二百九十三条，犯罪事实清楚，证据确实充分，应当以寻衅滋事罪追究其刑事责任。被告人江海君曾因故意犯罪被判处有期徒刑，在刑罚执行完毕后五年内又故意再犯应当判处有期徒刑以上刑罚之罪，系累犯，依法应当从重处罚。被告人江海君到案后能如实供述自己的犯罪事实，依法可以从轻处罚。 被告人江海君对公诉机关指控的犯罪事实无异议，但对指控的以危险方法危害公共安全罪的罪名有异议，辩称自己构成寻衅滋事罪，不构成以危险方法危害公共安全罪。 辩护人对公诉机关指控的犯罪事实和罪名均无异议，主要辩称被告人自愿认罪，充分认识到自己的错误行为，到案后如实供述自己的罪行，依法可以从轻处罚；被告人是在酒后犯罪，控制能力和认知能力比正常情况差，希望能够从轻处罚。 经审理查明： 一、以危险方法危害公共安全的事实 2017年6月20日8时许，被告人江海君在宁波市奉化区莼湖镇酒后搭乘207路公交车，以错过站台要下车为由，让该车驾驶员吴某在行驶途中停车未果后，辱骂该车驾驶员，并强行抢夺驾驶员手中方向盘，驾驶员当即采取把控方向盘、紧急刹车的措施，避免了严重后果的发生。当时该公交车上有乘客十几名。 上述事实，有公诉机关提供并经法庭举证、质证的下列证据予以证实： 1．监控视频、视频侦查报告，证明：2017年6月20日8时许，被告人江海君在207路公交车行驶途中吵闹并抢夺司机方向盘，司机当即把控方向盘、紧急刹车，避免了严重后果，但引起该公交车上的十几名乘客惊恐和愤怒。 2．证人吴某的证言，证明：2017年6月20日其驾驶207路公交车从奉化到莼湖镇，7时50分许在经过四联村站台时有个男子上了公交车，把两个一元硬币投进投币箱后，过了会又把三个硬币砸在投币箱口。经过洪溪村招呼站时，该男子要下车，然后去捡刚才砸的硬币，但捡起硬币后，又不想下车了，其就启动车离开了。等开出去几十米后，这个男子要下车，就过来抢夺方向盘要其停车，其赶紧回正方向盘，踩了急刹车，车子停下了。当时车上有十几个人，行驶的道路比较窄，路边店铺较多。 3．证人王某1的证言，证明：2017年6月20日8时许，其在奉化区莼湖镇洪溪村的店里听到急刹车的声音，然后看到店门口停着的一辆207路公交车离店门口电线杆柱子很近。该车驾驶员和一名男子在吵架，其听说是该男子用手去拉方向盘，公交车已经有点斜了。 4．证人王某2的证言，证明：其在路边开小店。2017年6月下旬七八点钟，从奉化到莼湖的207路公交车行驶至洪溪村公交站台附近时，突然一个急刹车，车子停下来。从车上跳下来一个喝醉酒骂骂咧咧的人，其听说是该男子用手去抢夺公交车方向盘。这条村公路比较窄，两辆车并行就挡住路了。 5．被告人江海君的供述，证明：2017年6月20日8点左右，其酒后搭乘207路公交车，因其睡着坐过站，叫公交车驾驶员停车，但驾驶员说要到下一站才能停，其就骂驾驶员，冲上去抢驾驶员的方向盘，驾驶员将方向盘打回去，然后一个急刹车，车子停下来了。因此，其被车上的一个乘客拍了头，还有很多乘客骂其，意思是其抢方向盘导致车上人很危险。 6．辨认笔录，证实：证人吴某辨认出被告人江海君就是2017年6月20日上午扰乱207路公交车的人；证人王某2也辨认出被告人江海君就是从207路公交车上下来的醉酒闹事的人。 7．刑事判决书，证明：被告人江海君的前科劣迹情况。 二、寻衅滋事的事实 2017年3月至6月，被告人江海君先后三次在本区莼湖镇实施强拿硬要他人财物、一次强行拦截公交车并辱骂他人的寻衅滋事行为。具体如下： 1.2017年3月的一天，被告人江海君酒后来到本区莼湖镇公交车站办公室内，无理拍桌吵闹，强拿硬要该车站管理员邬某人民币15元。 2.2017年6月初的一天，被告人江海君酒后翻墙进入位于莼湖镇四联村路边的奉化易龙生物科技有限公司办公室，无理取闹，扰乱该公司正常工作秩序，强拿硬要胡某人民币20元。 3.2017年6月14日18时许，被告人江海君酒后至岔口，强拿被害人包某的草席一张，后又追至被害人车旁，欲打被害人，被害人随即逃跑。 4.2017年6月21日11时许，被告人江海君酒后至，无故用身体拦截牌号为浙B×××××的207路公交车行驶，并辱骂驾驶员，用易拉罐砸公交车车头，拦车时间持续5分钟左右。 上述事实，有公诉机关提供并经法庭举证、质证的下列证据予以证实： 1．证人毛某的证言，证明：2017年6月21日中午11时许，其驾驶牌号为浙B×××××的207路公交车行驶至时，被一名莼湖本地人拦在公交车前不让通行，不时钻到车底下，并用易拉罐砸公交车挡风玻璃，还一直骂骂咧咧的，该状态持续了5分钟左右。 2．证人许某、严某1、许追存的证言，均证明：江海君是出了名的坏，经常酒后闹事，耍无赖去找别人要钱，村民们都对他很反感，他之前被抓走的那段时间，村里太平很多。 3．被害人包某的陈述，证明：2017年6月14日18时许，其在本区莼湖镇四联村卖货时，被一名男子拿走一张草席未付钱，后该男子又无故返回至其三轮摩托车边，伸手欲打其，其从驾驶室逃出后，该男子强力反复推拉两车门，致两车门转轴损坏。 4．被害人胡某的陈述，证明：2017年6月初的一天，江海君翻墙进入位于莼湖镇的奉化易龙生物科技有限公司其办公室内，吵着要其公司给他工作做，后其被逼无奈给江海君20元钱，江海君才离开。江海君每年都会到其公司闹上两三回，来找茬，给了钱才会走。 5．被害人邬某的陈述，证明：2017年3月左右，去年那个被派出所处理过的莼湖许家村男子来到莼湖公交办公室找一个女司机，他情绪很激动地拍桌子，说是这个女司机害他坐牢了，要找这个女司机赔偿，说拿点钱就走。其没有办法就给了他15元钱，让他走了。 6．监控视频，证明：2017年6月21日11时许，被告人江海君在拦截207路公交车并用易拉罐砸车头的事实。 7．被告人江海君的供述，证明：2017年3月的一天，其到莼湖公交车站找一个女司机赔偿其坐牢的损失，否则就不走，工作人员只好给其15元钱，其才离开；2017年6月初的一天，其到四联村易龙生物科技有限公司，翻墙进到办公室内吵闹，谩骂该公司不招他，要求赔偿，后该公司一女老板给其20元钱，其才离开；2017年6月中旬的一天晚上，其酒后在四联村村口不付钱拿走一摆摊老头的草席一张，后又返回要抓老头，老头跑掉了；2017年6月21日11时许，其酒后在拦下了一辆207路公交车，指着驾驶员进行谩骂，还躺在车前及车头下面不让公交车走，并用易拉罐砸公交车车头。 8．到案经过，证明：2017年6月21日，被告人江海君在本区莼湖镇四联村白某树路边被民警抓获。 9．人口信息，证明：被告人江海君及本案证人的身份信息，均系成年人。 关于被告人江海君所提出的其不构成以危险方法危害公共安全罪的辩解意见。经查，在案证据证实，被告人江海君抢夺公交车方向盘时，该公交车正在较为狭窄的道路上行驶，而且该公交车上有十几名乘客，被告人江海君抢夺公交车方向盘的行为极易发生交通事故，严重威胁公交车上众多乘客及道路上其他车辆、人员的人身财产安全。被告人江海君作为一个智力正常的成年人，明知抢夺行驶中的公交车方向盘行为具有高度危害公共安全的危险性，仍然实施该行为，虽然经公交车驾驶员采取紧急措施，尚未造成严重后果，但其行为已经符合以危险方法危害公共安全罪的构成要件，应当以以危险方法危害公共安全罪追究其刑事责任。 ","cpfxgc":"本院认为，被告人江海君以抢夺行驶中的公交车方向盘的危险方法，危害公共安全，因公交车驾驶员采取紧急措施，尚未造成严重后果，其行为已构成以危险方法危害公共安全罪；被告人江海君无视国家法纪和社会公德，多次强拿硬要他人财物，情节严重，并强行拦截公交车、辱骂他人，情节恶劣，破坏社会秩序，其行为已构成寻衅滋事罪。公诉机关指控的罪名成立。被告人江海君所提出的其不构成以危险方法危害公共安全罪的辩解意见，与本案的事实和法律规定不符，不能成立，不予采纳。被告人江海君曾因故意犯罪被判处有期徒刑，在刑罚执行完毕后五年内又故意再犯应当判处有期徒刑以上刑罚之罪，是累犯，依法应当从重处罚。被告人江海君到案后如实供述自己的罪行，虽然当庭对指控的罪名有异议，但对指控的事实没有异议，属于对行为性质的辩解，不影响其坦白情节的认定，依法可以从轻处罚。辩护人关于被告人江海君到案后如实供述自己的罪行，依法可以从轻处罚的辩护意见，予以采纳。被告人江海君犯二罪，依法应当数罪并罚。依照《中华人民共和国刑法》第一百一十四条、第二百九十三条第一款第（二）项、第（三）项、第六十九条第一款、第六十五条第一款、第六十七条第三款、第六十四条及《最高人民法院、最高人民检察院关于办理寻衅滋事刑事案件适用法律若干问题的解释》第三条第（五）项、第四条第（二）项之规定，判决如下：","pjjg":" 一、被告人江海君犯以危险方法危害公共安全罪，判处有期徒刑三年；犯寻衅滋事罪，判处有期徒刑七个月，决定执行有期徒刑三年。 （刑期从判决执行之日起计算。判决执行以前先行羁押的，羁押一日折抵刑期一日，即自2017年6月21日起至2020年6月20日止。） 二、责令被告人江海君退赔被害人邬某人民币15元、退赔被害人胡某人民币20元、退赔被害人包日贵草席一张。 如不服本判决，可在接到判决书的第二日起十日内，通过本院或直接向宁波市中级人民法院提出上诉。书面上诉的，应交上诉状正本一份，副本二份。","qw":"宁波市奉化区人民法院 刑事判决书 （2017）浙0213刑初608号 公诉机关宁波市奉化区人民检察院。 被告人江海君，男，1976年12月23日出生于浙江省宁波市，汉族，小学文化程度，农民，住浙江省宁波市奉化区。1998年8月因犯抢劫罪被浙江省杭州市江干区人民法院判处有期徒刑三年，并处罚金一千元；2006年1月因诈骗被原宁波市劳动教养管理委员会决定劳动教养一年三个月；2009年11月因犯故意伤害罪被本院判处有期徒刑一年六个月；2015年1月因寻衅滋事被原奉化市公安局行政拘留十日；2015年5月因寻衅滋事被原奉化市公安局行政拘留十日；2015年10月因犯盗窃罪被本院判处有期徒刑八个月，并处罚金二千元；2016年12月23日因犯寻衅滋事罪被本院判处有期徒刑七个月。现因涉嫌犯寻衅滋事罪于2017年6月21日被宁波市公安局奉化分局抓获，于同月22日被刑事拘留，于同年7月6日被依法逮捕。现羁押于宁波市奉化区看守所。 辩护人马利琼，浙江正雅律师事务所律师，由宁波市奉化区法律援助中心指派。 宁波市奉化区人民检察院以甬奉检刑诉（2017）516号起诉书指控被告人江海君犯以危险方法危害公共安全罪、寻衅滋事罪，于2017年9月8日向本院提起公诉。本院依法适用普通程序，组成合议庭，公开开庭进行了审理。宁波市奉化区人民检察院指派检察员李某出庭支持公诉，被告人江海君及其辩护人马利琼到庭参加了诉讼。现已审理终结。 宁波市奉化区人民检察院指控： 一、以危险方法危害公共安全罪 2017年6月20日8时许，被告人江海君酒后搭乘207路公交车，坐过站后让驾驶员停车未果后，辱骂该车驾驶员吴某，并强行抢夺驾驶员手中方向盘，驾驶员吴某当即采取把控方向盘和紧急刹车的措施，避免了严重后果的发生。 二、寻衅滋事罪 2017年3月至6月，被告人江海君先后四次在本区莼湖镇实施强拿硬要、强行拦截公交车寻衅滋事行为。具体如下： 1.2017年3月的一天，被告人江海君酒后窜至本区莼湖镇公交车站办公室，无理拍桌吵闹，强拿硬要该车站管理员邬某人民币15元。 2.2017年6月初的一天，被告人江海君酒后翻墙进入莼湖镇四联村易龙生物科技有限公司办公室，无理取闹，强拿硬要胡某人民币20元。 3.2017年6月14日18时许，被告人江海君酒后至岔口，强拿被害人包某的草席一张，后又至被害人车旁，伸手欲打被害人，被害人逃跑后，被告人江海君将被害人包某车辆的两扇车门转轴损坏。 4.2017年6月21日11时许，被告人江海君酒后至角塔车站，无故用身体拦截牌照为浙B×××××的207路公交车前进，并辱骂驾驶员，用易拉罐砸公交车车头，拦车时间持续5分钟左右。 公诉机关向法庭提交了被告人江海君的供述，证人毛某、许某、严某1、许追存的证言，被害人邬某、包某、胡某的陈述，监控视频，刑事判决书，人口信息表等证据证明上述指控的事实。公诉机关认为，被告人江海君抢夺行驶中的公交车方向盘，因公交车驾驶员采取紧急措施，未造成严重后果，其行为已触犯了《中华人民共和国刑法》第一百一十四条，犯罪事实清楚，证据确实充分，应当以以危险方法危害公共安全罪追究其刑事责任。被告人江海君又无视国家法纪和社会公德。多次强拿硬要，强行拦截、辱骂他人，破坏社会秩序，情节严重，其行为又触犯了《中华人民共和国刑法》第二百九十三条，犯罪事实清楚，证据确实充分，应当以寻衅滋事罪追究其刑事责任。被告人江海君曾因故意犯罪被判处有期徒刑，在刑罚执行完毕后五年内又故意再犯应当判处有期徒刑以上刑罚之罪，系累犯，依法应当从重处罚。被告人江海君到案后能如实供述自己的犯罪事实，依法可以从轻处罚。 被告人江海君对公诉机关指控的犯罪事实无异议，但对指控的以危险方法危害公共安全罪的罪名有异议，辩称自己构成寻衅滋事罪，不构成以危险方法危害公共安全罪。 辩护人对公诉机关指控的犯罪事实和罪名均无异议，主要辩称被告人自愿认罪，充分认识到自己的错误行为，到案后如实供述自己的罪行，依法可以从轻处罚；被告人是在酒后犯罪，控制能力和认知能力比正常情况差，希望能够从轻处罚。 经审理查明： 一、以危险方法危害公共安全的事实 2017年6月20日8时许，被告人江海君在宁波市奉化区莼湖镇酒后搭乘207路公交车，以错过站台要下车为由，让该车驾驶员吴某在行驶途中停车未果后，辱骂该车驾驶员，并强行抢夺驾驶员手中方向盘，驾驶员当即采取把控方向盘、紧急刹车的措施，避免了严重后果的发生。当时该公交车上有乘客十几名。 上述事实，有公诉机关提供并经法庭举证、质证的下列证据予以证实： 1．监控视频、视频侦查报告，证明：2017年6月20日8时许，被告人江海君在207路公交车行驶途中吵闹并抢夺司机方向盘，司机当即把控方向盘、紧急刹车，避免了严重后果，但引起该公交车上的十几名乘客惊恐和愤怒。 2．证人吴某的证言，证明：2017年6月20日其驾驶207路公交车从奉化到莼湖镇，7时50分许在经过四联村站台时有个男子上了公交车，把两个一元硬币投进投币箱后，过了会又把三个硬币砸在投币箱口。经过洪溪村招呼站时，该男子要下车，然后去捡刚才砸的硬币，但捡起硬币后，又不想下车了，其就启动车离开了。等开出去几十米后，这个男子要下车，就过来抢夺方向盘要其停车，其赶紧回正方向盘，踩了急刹车，车子停下了。当时车上有十几个人，行驶的道路比较窄，路边店铺较多。 3．证人王某1的证言，证明：2017年6月20日8时许，其在奉化区莼湖镇洪溪村的店里听到急刹车的声音，然后看到店门口停着的一辆207路公交车离店门口电线杆柱子很近。该车驾驶员和一名男子在吵架，其听说是该男子用手去拉方向盘，公交车已经有点斜了。 4．证人王某2的证言，证明：其在路边开小店。2017年6月下旬七八点钟，从奉化到莼湖的207路公交车行驶至洪溪村公交站台附近时，突然一个急刹车，车子停下来。从车上跳下来一个喝醉酒骂骂咧咧的人，其听说是该男子用手去抢夺公交车方向盘。这条村公路比较窄，两辆车并行就挡住路了。 5．被告人江海君的供述，证明：2017年6月20日8点左右，其酒后搭乘207路公交车，因其睡着坐过站，叫公交车驾驶员停车，但驾驶员说要到下一站才能停，其就骂驾驶员，冲上去抢驾驶员的方向盘，驾驶员将方向盘打回去，然后一个急刹车，车子停下来了。因此，其被车上的一个乘客拍了头，还有很多乘客骂其，意思是其抢方向盘导致车上人很危险。 6．辨认笔录，证实：证人吴某辨认出被告人江海君就是2017年6月20日上午扰乱207路公交车的人；证人王某2也辨认出被告人江海君就是从207路公交车上下来的醉酒闹事的人。 7．刑事判决书，证明：被告人江海君的前科劣迹情况。 二、寻衅滋事的事实 2017年3月至6月，被告人江海君先后三次在本区莼湖镇实施强拿硬要他人财物、一次强行拦截公交车并辱骂他人的寻衅滋事行为。具体如下： 1.2017年3月的一天，被告人江海君酒后来到本区莼湖镇公交车站办公室内，无理拍桌吵闹，强拿硬要该车站管理员邬某人民币15元。 2.2017年6月初的一天，被告人江海君酒后翻墙进入位于莼湖镇四联村路边的奉化易龙生物科技有限公司办公室，无理取闹，扰乱该公司正常工作秩序，强拿硬要胡某人民币20元。 3.2017年6月14日18时许，被告人江海君酒后至岔口，强拿被害人包某的草席一张，后又追至被害人车旁，欲打被害人，被害人随即逃跑。 4.2017年6月21日11时许，被告人江海君酒后至，无故用身体拦截牌号为浙B×××××的207路公交车行驶，并辱骂驾驶员，用易拉罐砸公交车车头，拦车时间持续5分钟左右。 上述事实，有公诉机关提供并经法庭举证、质证的下列证据予以证实： 1．证人毛某的证言，证明：2017年6月21日中午11时许，其驾驶牌号为浙B×××××的207路公交车行驶至时，被一名莼湖本地人拦在公交车前不让通行，不时钻到车底下，并用易拉罐砸公交车挡风玻璃，还一直骂骂咧咧的，该状态持续了5分钟左右。 2．证人许某、严某1、许追存的证言，均证明：江海君是出了名的坏，经常酒后闹事，耍无赖去找别人要钱，村民们都对他很反感，他之前被抓走的那段时间，村里太平很多。 3．被害人包某的陈述，证明：2017年6月14日18时许，其在本区莼湖镇四联村卖货时，被一名男子拿走一张草席未付钱，后该男子又无故返回至其三轮摩托车边，伸手欲打其，其从驾驶室逃出后，该男子强力反复推拉两车门，致两车门转轴损坏。 4．被害人胡某的陈述，证明：2017年6月初的一天，江海君翻墙进入位于莼湖镇的奉化易龙生物科技有限公司其办公室内，吵着要其公司给他工作做，后其被逼无奈给江海君20元钱，江海君才离开。江海君每年都会到其公司闹上两三回，来找茬，给了钱才会走。 5．被害人邬某的陈述，证明：2017年3月左右，去年那个被派出所处理过的莼湖许家村男子来到莼湖公交办公室找一个女司机，他情绪很激动地拍桌子，说是这个女司机害他坐牢了，要找这个女司机赔偿，说拿点钱就走。其没有办法就给了他15元钱，让他走了。 6．监控视频，证明：2017年6月21日11时许，被告人江海君在拦截207路公交车并用易拉罐砸车头的事实。 7．被告人江海君的供述，证明：2017年3月的一天，其到莼湖公交车站找一个女司机赔偿其坐牢的损失，否则就不走，工作人员只好给其15元钱，其才离开；2017年6月初的一天，其到四联村易龙生物科技有限公司，翻墙进到办公室内吵闹，谩骂该公司不招他，要求赔偿，后该公司一女老板给其20元钱，其才离开；2017年6月中旬的一天晚上，其酒后在四联村村口不付钱拿走一摆摊老头的草席一张，后又返回要抓老头，老头跑掉了；2017年6月21日11时许，其酒后在拦下了一辆207路公交车，指着驾驶员进行谩骂，还躺在车前及车头下面不让公交车走，并用易拉罐砸公交车车头。 8．到案经过，证明：2017年6月21日，被告人江海君在本区莼湖镇四联村白某树路边被民警抓获。 9．人口信息，证明：被告人江海君及本案证人的身份信息，均系成年人。 关于被告人江海君所提出的其不构成以危险方法危害公共安全罪的辩解意见。经查，在案证据证实，被告人江海君抢夺公交车方向盘时，该公交车正在较为狭窄的道路上行驶，而且该公交车上有十几名乘客，被告人江海君抢夺公交车方向盘的行为极易发生交通事故，严重威胁公交车上众多乘客及道路上其他车辆、人员的人身财产安全。被告人江海君作为一个智力正常的成年人，明知抢夺行驶中的公交车方向盘行为具有高度危害公共安全的危险性，仍然实施该行为，虽然经公交车驾驶员采取紧急措施，尚未造成严重后果，但其行为已经符合以危险方法危害公共安全罪的构成要件，应当以以危险方法危害公共安全罪追究其刑事责任。 本院认为，被告人江海君以抢夺行驶中的公交车方向盘的危险方法，危害公共安全，因公交车驾驶员采取紧急措施，尚未造成严重后果，其行为已构成以危险方法危害公共安全罪；被告人江海君无视国家法纪和社会公德，多次强拿硬要他人财物，情节严重，并强行拦截公交车、辱骂他人，情节恶劣，破坏社会秩序，其行为已构成寻衅滋事罪。公诉机关指控的罪名成立。被告人江海君所提出的其不构成以危险方法危害公共安全罪的辩解意见，与本案的事实和法律规定不符，不能成立，不予采纳。被告人江海君曾因故意犯罪被判处有期徒刑，在刑罚执行完毕后五年内又故意再犯应当判处有期徒刑以上刑罚之罪，是累犯，依法应当从重处罚。被告人江海君到案后如实供述自己的罪行，虽然当庭对指控的罪名有异议，但对指控的事实没有异议，属于对行为性质的辩解，不影响其坦白情节的认定，依法可以从轻处罚。辩护人关于被告人江海君到案后如实供述自己的罪行，依法可以从轻处罚的辩护意见，予以采纳。被告人江海君犯二罪，依法应当数罪并罚。依照《中华人民共和国刑法》第一百一十四条、第二百九十三条第一款第（二）项、第（三）项、第六十九条第一款、第六十五条第一款、第六十七条第三款、第六十四条及《最高人民法院、最高人民检察院关于办理寻衅滋事刑事案件适用法律若干问题的解释》第三条第（五）项、第四条第（二）项之规定，判决如下： 一、被告人江海君犯以危险方法危害公共安全罪，判处有期徒刑三年；犯寻衅滋事罪，判处有期徒刑七个月，决定执行有期徒刑三年。 （刑期从判决执行之日起计算。判决执行以前先行羁押的，羁押一日折抵刑期一日，即自2017年6月21日起至2020年6月20日止。） 二、责令被告人江海君退赔被害人邬某人民币15元、退赔被害人胡某人民币20元、退赔被害人包日贵草席一张。 如不服本判决，可在接到判决书的第二日起十日内，通过本院或直接向宁波市中级人民法院提出上诉。书面上诉的，应交上诉状正本一份，副本二份。 审判长何军 人民陪审员宋捷 人民陪审员胡志兴 二〇一七年十一月六日 书记员骆羽羽 。 附：本案引用的法律条文 《中华人民共和国刑法》 第六十四条犯罪分子违法所得的一切财物，应当予以追缴或者责令退赔；对被害人的合法财产，应当及时返还；违禁品和供犯罪所用的本人财物，应当予以没收。没收的财物和罚金，一律上缴国库，不得挪用和自行处理。 第六十五条第一款被判处有期徒刑以上刑罚的犯罪分子，刑罚执行完毕或者赦免以后，在五年以内再犯应当判处有期徒刑以上刑罚之罪的，是累犯，应当从重处罚，但是过失犯罪和不满十八周岁的人犯罪的除外。 第六十七条第三款犯罪嫌疑人虽不具有前两款规定的自首情节，但是如实供述自己罪行的，可以从轻处罚；因其如实供述自己罪行，避免特别严重后果发生的，可以减轻处罚。 第六十九条第一款判决宣告以前一人犯数罪的，除判处死刑和无期徒刑的以外，应当在总和刑期以下、数刑中最高刑期以上，酌情决定执行的刑期，但是管制最高不能超过三年，拘役最高不能超过一年，有期徒刑总和刑期不满三十五年的，最高不能超过二十年，总和刑期在三十五年以上的，最高不能超过二十五年。 第一百一十四条放火、决水、爆炸以及投放毒害性、放射性、传染病病原体等物质或者以其他危险方法危害公共安全，尚未造成严重后果的，处三年以上十年以下有期徒刑。 拦截、辱骂、恐吓他人，情节恶劣的。 第二百九十三条第一款第（三）项（三）强拿 要或者任意损毁、占用公私财物，情节严重的。 《最高人民法院、最高人民检察院关于办理寻 《最高人民法院、最高人民检察院关于办理寻衅滋事刑事案件适用法律若干问题的解释》 第三条追逐、拦截、辱骂、恐吓他人，破坏社会秩序，具有下列情形之一的，应当认定为刑法第二百九十三条第一款第二项规定的“情节恶劣”： 恶劣社会影响的。 （二）持凶器追逐、拦截、辱骂、恐吓他人的 （二）持凶器追逐、拦截、辱骂、恐吓他人的； 人、流浪乞讨人员、老年人、孕妇、未成年人，造成恶劣社会影响的。 （四）引起他人精神失常、自杀等严重后果的 （四）引起他人精神失常、自杀等严重后果的； 的。 （六）其他情节恶劣的情形。 第四条强拿硬 （六）其他情节恶劣的情形。 第四条强拿硬要或者任意损毁、占用公私财物，破坏社会秩序，具有下列情形之一的，应当认定为刑法第二百九十三条第一款第三项规定的“情节严重”： 任意损毁、占用公私财物价值二千元以上的。 （二）多次强拿硬要或者任意损毁、占用公私 物，造成恶劣社会影响的。 （三）强拿硬要或者任意损毁、占用精神病人 残疾人、流浪乞讨人员、老年人、孕妇、未成年人的财物，造成恶劣社会影响的。 （四）引起他人精神失常、自杀等严重后果的 （四）引起他人精神失常、自杀等严重后果的； （五）严重影响他人的工作、生活、生产、经营的； （六）其他情节严重的情形。","writId":"0146603e6cdd8ea781dafc71bc3092e0722","writName":"江海君以危险方法危害公共安全罪一审刑事判决书"}
