{"ajId":"13e1efb9-7476-4dd1-a249-26c8eeaa909d","ajName":"耿某抢夺罪一案","ajjbqk":" 公诉机关指控，1、2013年3月中旬的一天16时许，被告人刘某在青岛市李沧区青山路浮山路公交车站，以人民币300元的价格卖给马某冰毒一包，重0.3克。 2、2013年3月下旬的一天15时许，被告人薛超、刘某在青岛市李沧区浮山路天天活羊馆门前，以人民币400元的价格卖给马某冰毒一包，重0.4克。 3、2013年4月下旬的一天15时许，被告人刘某在青岛市崂山区劲松七路、长沙路路口处，以人民币400元的价格卖给马某冰毒一包，重0.4克。 2013年5月13日14时许，在民警的安排下，马某以购买冰毒为名将被告人刘某约至天天活羊馆门前处，民警将刘某抓获，当场从刘某随身携带的物品中缴获白色晶体一包，在其驾驶的轿车内缴获白色晶体一包。经鉴定，上述白色晶体共重1.5克，均检出甲基苯丙胺成分。 被告人刘某到案后，带领民警在李沧区河南庄北小区2号楼一单元202户将薛超抓获，当场从薛超住处缴获白色晶体18包。经鉴定，该18包白色晶体共重7.8克，均检出甲基苯丙胺成分。 公诉机关提供了发破案经过，被告人供述及辩解，证人证言，书证，物证，鉴定意见及户籍证明等证据。 公诉机关认为，被告人薛超贩卖含甲基苯丙胺成分的毒品8.2克，情节严重；被告人刘某多次贩卖含甲基苯丙胺成分的毒品共计2.6克，情节严重；其行为均已触犯《中华人民共和国刑法》第三百四十七条第一款、第四款、第七款之规定，均应当以贩卖毒品罪追究其刑事责任。 被告人薛超、刘某对被指控的犯罪事实没有异议，且认罪。 被告人薛超的辩护人提出的主要辩护意见是：1、民警从薛超处查获的7.8克，应认定为非法持有毒品；2、被告人薛超无犯罪前科；3、被告人薛超自愿认罪，认罪态度好。 经审理查明，1、2013年3月中旬的一天16时许，被告人刘某接马某（另案处理）电话欲购买冰毒，后在青岛市李沧区青山路浮山路派出所门前“台柳路”公交车站，刘某以人民币300元的价格卖给马某冰毒一包，重0.3克。 2、2013年3月下旬的一天15时许，被告人刘某接马某电话欲购买冰毒，后在青岛市李沧区浮山路派出所西侧停车场、天天活羊馆门前，被告人薛超、刘某一同前来与马某交易，薛超将一包重0.4克的冰毒交给马某，马某付给薛超人民币400元。 3、2013年4月下旬的一天15时许，被告人刘某接马某电话欲购买冰毒，后在青岛市崂山区劲松七路、长沙路路口处，刘某以人民币400元的价格卖给马某冰毒一包，重0.4克。 4、2013年5月13日14时许，在民警的安排下，马某以购买冰毒为名将被告人刘某约至李沧区浮山路派出所西侧停车场、天天活羊馆门前处，民警将刘某抓获，当场从刘某随身携带的物品中缴获白色晶体一包，在其驾驶的轿车内缴获白色晶体一包。经鉴定，上述白色晶体共重1.5克，均检出甲基苯丙胺成分。 被告人刘某到案后，带领民警至青岛市李沧区河南庄北小区2号楼一单元202户将薛超抓获，当场从薛超住处缴获白色晶体18包。经鉴定，该18包白色晶体重7.8克，均检出甲基苯丙胺成分。 上述事实有公安机关出具的受案登记表，发破案经过，扣押决定书，扣押清单及扣押物品照片，被告人薛超的笔记本照片，被告人薛超、刘某指认毒品照片及查获毒品照片，搜查笔录，尿样提取笔录，情况说明，户籍证明；证人马某的证言、辨认笔录及指认现场照片；被告人薛超、刘某的供述、辨认笔录及指认现场照片；毒品检验报告，现场检测报告书；审讯同步录音录像等证据证实，足以认定。 ","cpfxgc":"本院认为，被告人薛超、刘某违反国家毒品管理法规，贩卖含甲基苯丙胺成分的毒品，其中薛超贩卖毒品8.2克，刘某多次贩卖毒品共计2.6克，其行为均构成贩卖毒品罪，且情节严重，应依法惩处。公诉机关指控被告人薛超、刘某犯贩卖毒品罪的事实清楚，罪名成立，本院予以支持。关于被告人薛超的辩护人所提查获的7.8克毒品应认定为非法持有毒品的辩护意见，根据相关法律规定，对于以贩养吸的被告人，其被查获的毒品数量应计入其贩卖毒品的数量，故对薛超辩护人的此项辩护意见，本院不予采纳，但本院在量刑时已酌情考虑此情节。关于薛超辩护人所提被告人薛超无犯罪前科，自愿认罪，认罪态度好的辩护意见，经查属实，本院予以采纳。被告人刘某到案后协助公安机关抓获同案犯薛超，有立功表现，对其可从轻处罚。被告人薛超、刘某到案后能如实供述自己的罪行，对其均可从轻处罚。被告人薛超、刘某主动缴纳罚金，对其均可酌情从轻处罚。依照《中华人民共和国刑法》第三百四十七条第一款、第四款、第七款、第六十八条、第六十七条第三款、第五十二条，《最高人民法院关于审理毒品案件定罪量刑标准有关问题的解释》第三条第（一）、（四）项，《最高人民法院关于处理自首和立功具体应用法律若干问题的解释》第五条之规定，判决如下：","pjjg":" 被告人薛超犯贩卖毒品罪，判处有期徒刑三年，并处罚金人民币五千元（罚金已缴纳）。 （刑期从判决执行之日起计算。判决执行以前先行羁押的，羁押一日折抵刑期一日，即自2013年5月14日起至2016年5月13日止。） 被告人刘某犯贩卖毒品罪，判处有期徒刑二年，并处罚金人民币四千元（罚金已缴纳）。 （刑期从判决执行之日起计算。判决执行以前先行羁押的，羁押一日折抵刑期一日，即自2013年5月14日起至2015年5月13日止。） 如不服本判决，可在接到判决书的第二日起十日内，通过本院或者直接向山东省青岛市中级人民法院提出上诉。书面上诉的，应交上诉状正本一份，副本二份。","qw":"山东省青岛市李沧区人民法院 刑事判决书 （2014）李刑初字第81号 公诉机关山东省青岛市李沧区人民检察院。 被告人薛超，女，出生于山东省青岛市，汉族，高中文化，系青岛市李沧区书院路薇薇新娘员工，户籍所在地青岛市市北区。因涉嫌犯贩卖毒品罪于2013年5月14日被刑事拘留，同年6月20日被逮捕，现羁押于山东省青岛市第三看守所。 辩护人王恩民，山东琴岛律师事务所律师。 被告人刘某，男，出生于山东省青岛市，汉族，高中文化，个体。因涉嫌犯贩卖毒品罪于2013年5月14日被刑事拘留，同年6月20日被逮捕，现羁押于山东省青岛市第一看守所。 山东省青岛市李沧区人民检察院以青李检刑诉（2014）11号起诉书指控被告人薛超、刘某犯贩卖毒品罪，于2014年1月2日向本院提起公诉。本院受理后，依法组成合议庭，适用简易程序，公开开庭审理了本案。青岛市李沧区人民检察院指派检察员张志勇出庭支持公诉，被告人薛超及其辩护人王恩民、被告人刘某到庭参加诉讼。本案现已审理终结。 公诉机关指控，1、2013年3月中旬的一天16时许，被告人刘某在青岛市李沧区青山路浮山路公交车站，以人民币300元的价格卖给马某冰毒一包，重0.3克。 2、2013年3月下旬的一天15时许，被告人薛超、刘某在青岛市李沧区浮山路天天活羊馆门前，以人民币400元的价格卖给马某冰毒一包，重0.4克。 3、2013年4月下旬的一天15时许，被告人刘某在青岛市崂山区劲松七路、长沙路路口处，以人民币400元的价格卖给马某冰毒一包，重0.4克。 2013年5月13日14时许，在民警的安排下，马某以购买冰毒为名将被告人刘某约至天天活羊馆门前处，民警将刘某抓获，当场从刘某随身携带的物品中缴获白色晶体一包，在其驾驶的轿车内缴获白色晶体一包。经鉴定，上述白色晶体共重1.5克，均检出甲基苯丙胺成分。 被告人刘某到案后，带领民警在李沧区河南庄北小区2号楼一单元202户将薛超抓获，当场从薛超住处缴获白色晶体18包。经鉴定，该18包白色晶体共重7.8克，均检出甲基苯丙胺成分。 公诉机关提供了发破案经过，被告人供述及辩解，证人证言，书证，物证，鉴定意见及户籍证明等证据。 公诉机关认为，被告人薛超贩卖含甲基苯丙胺成分的毒品8.2克，情节严重；被告人刘某多次贩卖含甲基苯丙胺成分的毒品共计2.6克，情节严重；其行为均已触犯《中华人民共和国刑法》第三百四十七条第一款、第四款、第七款之规定，均应当以贩卖毒品罪追究其刑事责任。 被告人薛超、刘某对被指控的犯罪事实没有异议，且认罪。 被告人薛超的辩护人提出的主要辩护意见是：1、民警从薛超处查获的7.8克，应认定为非法持有毒品；2、被告人薛超无犯罪前科；3、被告人薛超自愿认罪，认罪态度好。 经审理查明，1、2013年3月中旬的一天16时许，被告人刘某接马某（另案处理）电话欲购买冰毒，后在青岛市李沧区青山路浮山路派出所门前“台柳路”公交车站，刘某以人民币300元的价格卖给马某冰毒一包，重0.3克。 2、2013年3月下旬的一天15时许，被告人刘某接马某电话欲购买冰毒，后在青岛市李沧区浮山路派出所西侧停车场、天天活羊馆门前，被告人薛超、刘某一同前来与马某交易，薛超将一包重0.4克的冰毒交给马某，马某付给薛超人民币400元。 3、2013年4月下旬的一天15时许，被告人刘某接马某电话欲购买冰毒，后在青岛市崂山区劲松七路、长沙路路口处，刘某以人民币400元的价格卖给马某冰毒一包，重0.4克。 4、2013年5月13日14时许，在民警的安排下，马某以购买冰毒为名将被告人刘某约至李沧区浮山路派出所西侧停车场、天天活羊馆门前处，民警将刘某抓获，当场从刘某随身携带的物品中缴获白色晶体一包，在其驾驶的轿车内缴获白色晶体一包。经鉴定，上述白色晶体共重1.5克，均检出甲基苯丙胺成分。 被告人刘某到案后，带领民警至青岛市李沧区河南庄北小区2号楼一单元202户将薛超抓获，当场从薛超住处缴获白色晶体18包。经鉴定，该18包白色晶体重7.8克，均检出甲基苯丙胺成分。 上述事实有公安机关出具的受案登记表，发破案经过，扣押决定书，扣押清单及扣押物品照片，被告人薛超的笔记本照片，被告人薛超、刘某指认毒品照片及查获毒品照片，搜查笔录，尿样提取笔录，情况说明，户籍证明；证人马某的证言、辨认笔录及指认现场照片；被告人薛超、刘某的供述、辨认笔录及指认现场照片；毒品检验报告，现场检测报告书；审讯同步录音录像等证据证实，足以认定。 本院认为，被告人薛超、刘某违反国家毒品管理法规，贩卖含甲基苯丙胺成分的毒品，其中薛超贩卖毒品8.2克，刘某多次贩卖毒品共计2.6克，其行为均构成贩卖毒品罪，且情节严重，应依法惩处。公诉机关指控被告人薛超、刘某犯贩卖毒品罪的事实清楚，罪名成立，本院予以支持。关于被告人薛超的辩护人所提查获的7.8克毒品应认定为非法持有毒品的辩护意见，根据相关法律规定，对于以贩养吸的被告人，其被查获的毒品数量应计入其贩卖毒品的数量，故对薛超辩护人的此项辩护意见，本院不予采纳，但本院在量刑时已酌情考虑此情节。关于薛超辩护人所提被告人薛超无犯罪前科，自愿认罪，认罪态度好的辩护意见，经查属实，本院予以采纳。被告人刘某到案后协助公安机关抓获同案犯薛超，有立功表现，对其可从轻处罚。被告人薛超、刘某到案后能如实供述自己的罪行，对其均可从轻处罚。被告人薛超、刘某主动缴纳罚金，对其均可酌情从轻处罚。依照《中华人民共和国刑法》第三百四十七条第一款、第四款、第七款、第六十八条、第六十七条第三款、第五十二条，《最高人民法院关于审理毒品案件定罪量刑标准有关问题的解释》第三条第（一）、（四）项，《最高人民法院关于处理自首和立功具体应用法律若干问题的解释》第五条之规定，判决如下： 被告人薛超犯贩卖毒品罪，判处有期徒刑三年，并处罚金人民币五千元（罚金已缴纳）。 （刑期从判决执行之日起计算。判决执行以前先行羁押的，羁押一日折抵刑期一日，即自2013年5月14日起至2016年5月13日止。） 被告人刘某犯贩卖毒品罪，判处有期徒刑二年，并处罚金人民币四千元（罚金已缴纳）。 （刑期从判决执行之日起计算。判决执行以前先行羁押的，羁押一日折抵刑期一日，即自2013年5月14日起至2015年5月13日止。） 如不服本判决，可在接到判决书的第二日起十日内，通过本院或者直接向山东省青岛市中级人民法院提出上诉。书面上诉的，应交上诉状正本一份，副本二份。 审判长刁政文 人民陪审员董利元 人民陪审员毕彩霞 二〇一四年二月十三日 书记员孙淑飞 附：相关法律条文 《中华人民共和国刑法》 第三百四十七条第一款走私、贩卖、运输、制造毒品，无论数量多少，都应当追究刑事责任，予以刑事处罚。 第四款走私、贩卖、运输、制造鸦片不满二百克、海洛因或者甲基苯丙胺不满十克或者其他少量毒品的，处三年以下有期徒刑、拘役或者管制，并处罚金；情节严重的，处三年以上七年以下有期徒刑，并处罚金。 第七款对多次走私、贩卖、运输、制造毒品，未经处理的，毒品数量累计计算。","writId":"0532cc785ab2c2fd821fe4662b31fa19906","writName":"薛超、刘某贩卖毒品罪一审刑事判决书"}
