{"ajId":"55cb0787-1e9b-406a-a856-8b9ef51e61ae","ajName":"岩依罗走私、贩卖、运输、制造毒品一案","ajjbqk":" 经复核查明，2014年10月30日16时30分许，景洪市公安边防大队根据线索布控，在勐海县勐遮镇曼纳告村岔路口将前来交易毒品的岩班（在逃）抓获，从岩班驾驶的云K×××××白色大众轿车内查获毒品甲基苯丙胺片剂15块、净重8490克。民警同时在勐遮镇黎某糖厂附近将准备接取毒资的被告人岩依罗抓获。岩依罗、岩班因患有肺结核被公安机关取保候审，期间脱逃。经公安机关上网布控，于2016年5月10日将被告人岩依罗抓获归案。 上述事实，有一审开庭审理经质证确认的抓获经过、现场检查提取笔录及照片、扣押物品文件清单、收缴笔录及物证照片、毒品指认、称量笔录及检验鉴定报告、户口证明，以及岩班供述受岩依罗相邀从缅甸赊购毒品15包准备与他人交易时被警察抓获的经过等证据证实。被告人岩依罗某供认。足以认定。 本院复核期间，岩依罗的辩护人提出，岩依罗应当认定从犯、毒品未扩散到社会即被查获等辩护意见，要求从轻、减轻处罚。 ","cpfxgc":"本院认为，被告人岩依罗违反我国对毒品的管制规定，明知是毒品而予贩卖，其行为已构成贩卖毒品罪，应依法惩处。辩护人所提岩依罗系从犯的辩护意见，因无相关事实依据，不予采纳。鉴于本案系公安机关根据事先掌握的线索布控查获，毒品交易过程在公安机关控制之下，其犯罪目的不可能实现，故辩护人请求再予从轻处罚的意见予以采纳。综上，第一审判决认定的事实清楚，证据确实、充分，定罪准确。审判程序合法。但对岩依罗量刑失当，应予改判。据此，依照《中华人民共和国刑法》第三百四十七条第二款（一）项、第二十五条第一款、第六十四条，和《中华人民共和国刑事诉讼法》第二百三十七条、《最高人民法院关于适用〈中华人民共和国刑事诉讼法〉的解释》第三百四十九条第一款（三）项之规定，判决如下：","pjjg":" 一、核准云南省西双版纳傣族自治州中级人民法院（2016）云28刑初294号刑事判决书第一项的定罪部分及第二项对毒品、犯罪物品的没收部分； 二、撤销云南省西双版纳傣族自治州中级人民法院（2016）云28刑初294号刑事判决书第一项的量刑部分； 三、被告人岩依罗犯贩卖毒品罪，判处有期徒刑十五年，并处没收个人财产人民币6万元。 （刑期从判决执行之日起计算。判决执行以前先行羁押的，羁押一日折抵刑期一日，即自2016年5月10日起至2031年5月9日止）。 本判决送达后即发生法律效力。","qw":"云南省高级人民法院 刑事判决书 （2017）云刑核35586145号 被告人岩依罗，男，1984年3月20日出生，傣族，云南省勐海县人，文盲，农民，住勐海县。2014年10月31日因本案被刑事拘留，同日因患病被取保候审后脱逃，经网上追逃被抓获归案。2016年5月10日因本案被刑事拘留，同年5月28日被逮捕。现羁押于景洪市看守所。 指定辩护人字美军，云南典卫律师事务所律师。 云南省西双版纳傣族自治州中级人民法院审理西双版纳傣族自治州人民检察院指控被告人岩依罗犯贩卖毒品罪一案，于二O一六年十一月十五日作出（2016）云28刑初294号刑事判决，认定被告人岩依罗犯贩卖毒品罪，判处死刑，缓期二年执行，剥夺政治权利终身，并处没收个人全部财产。本案在法定期限内没有上诉、抗诉。西双版纳傣族自治州中级人民法院依法报送本院核准。本院依法组成合议庭进行了复核。现已复核终结。 经复核查明，2014年10月30日16时30分许，景洪市公安边防大队根据线索布控，在勐海县勐遮镇曼纳告村岔路口将前来交易毒品的岩班（在逃）抓获，从岩班驾驶的云K×××××白色大众轿车内查获毒品甲基苯丙胺片剂15块、净重8490克。民警同时在勐遮镇黎某糖厂附近将准备接取毒资的被告人岩依罗抓获。岩依罗、岩班因患有肺结核被公安机关取保候审，期间脱逃。经公安机关上网布控，于2016年5月10日将被告人岩依罗抓获归案。 上述事实，有一审开庭审理经质证确认的抓获经过、现场检查提取笔录及照片、扣押物品文件清单、收缴笔录及物证照片、毒品指认、称量笔录及检验鉴定报告、户口证明，以及岩班供述受岩依罗相邀从缅甸赊购毒品15包准备与他人交易时被警察抓获的经过等证据证实。被告人岩依罗某供认。足以认定。 本院复核期间，岩依罗的辩护人提出，岩依罗应当认定从犯、毒品未扩散到社会即被查获等辩护意见，要求从轻、减轻处罚。 本院认为，被告人岩依罗违反我国对毒品的管制规定，明知是毒品而予贩卖，其行为已构成贩卖毒品罪，应依法惩处。辩护人所提岩依罗系从犯的辩护意见，因无相关事实依据，不予采纳。鉴于本案系公安机关根据事先掌握的线索布控查获，毒品交易过程在公安机关控制之下，其犯罪目的不可能实现，故辩护人请求再予从轻处罚的意见予以采纳。综上，第一审判决认定的事实清楚，证据确实、充分，定罪准确。审判程序合法。但对岩依罗量刑失当，应予改判。据此，依照《中华人民共和国刑法》第三百四十七条第二款（一）项、第二十五条第一款、第六十四条，和《中华人民共和国刑事诉讼法》第二百三十七条、《最高人民法院关于适用〈中华人民共和国刑事诉讼法〉的解释》第三百四十九条第一款（三）项之规定，判决如下： 一、核准云南省西双版纳傣族自治州中级人民法院（2016）云28刑初294号刑事判决书第一项的定罪部分及第二项对毒品、犯罪物品的没收部分； 二、撤销云南省西双版纳傣族自治州中级人民法院（2016）云28刑初294号刑事判决书第一项的量刑部分； 三、被告人岩依罗犯贩卖毒品罪，判处有期徒刑十五年，并处没收个人财产人民币6万元。 （刑期从判决执行之日起计算。判决执行以前先行羁押的，羁押一日折抵刑期一日，即自2016年5月10日起至2031年5月9日止）。 本判决送达后即发生法律效力。 审判长赵伟 审判员李忠良 审判员杨亚虹 二〇一七年六月二日 书记员杨燕","writId":"008873ea1c2f277892a7bde6738eea30184","writName":"岩依罗走私、贩卖、运输、制造毒品刑事判决书"}
